"DESCRIPTION","DURATION IN MS","NAME","PARENT SUITE","START TIME","STATUS","STOP TIME","SUB SUITE","SUITE","TEST CLASS","TEST METHOD"
"","481","shows the provided tooltip text when the tooltip prop is set","GraphMenu","2026-09-18","passed","2026-09-18","","","",""
"Test cases for TestAddWhereClauseToNeo4jQuery_WithWhereClause","0","TestAddWhereClauseToNeo4jQuery_WithWhereClause","","2026-09-18","passed","2026-09-18","","Go Test","github.com/specterops/bloodhound/cmd/api/src/api/v2/TestAddWhereClauseToNeo4jQuery_WithWhereClause","TestAddWhereClauseToNeo4jQuery_WithWhereClause"
"Test cases for TestMarshalInt64Text","0","TestMarshalInt64Text","","2026-09-18","passed","2026-09-18","","Go Test","github.com/specterops/bloodhound/cmd/api/src/database/types/null/TestMarshalInt64Text","TestMarshalInt64Text"
"","140","closes the dialog when the ""Cancel"" button is clicked","SchemaUploadDialog","2026-09-18","passed","2026-09-18","","","",""
"","6","displays lastlogontimestamp cell as UNKNOWN when the value is 0","ExploreTableDataCell","2026-09-18","passed","2026-09-18","","","",""
"","45","does not render count for a selected zone if prop is not set","DynamicDetails","2026-09-18","passed","2026-09-18","","","",""
"TestRegister_RoutesRequireAuthentication dispatches real unauthenticatedrequests through the wired router to verify that every registered extensionsroute is guarded by authentication middleware. If the route wireup everloses RequirePermissions(), this test will fail.","7","TestRegister_RoutesRequireAuthentication","","2026-09-18","passed","2026-09-18","","Go Test","github.com/specterops/bloodhound/server/extensions/internal/routes/TestRegister_RoutesRequireAuthentication","TestRegister_RoutesRequireAuthentication"
"","251","toggles sort order when clicking sortable header","ObjectsAccordion","2026-09-18","passed","2026-09-18","","","",""
"Test cases for Test_SetApplicationConfiguration","3","Test_SetApplicationConfiguration","","2026-09-18","passed","2026-09-18","","Go Test","github.com/specterops/bloodhound/cmd/api/src/api/v2/Test_SetApplicationConfiguration","Test_SetApplicationConfiguration"
"Test cases for TestArgon2_ParseDigest","0","TestArgon2_ParseDigest","","2026-09-18","passed","2026-09-18","","Go Test","github.com/specterops/bloodhound/packages/go/crypto/TestArgon2_ParseDigest","TestArgon2_ParseDigest"
"Test cases for TestActivateMFA_Failure","654","TestActivateMFA_Failure","","2026-09-18","passed","2026-09-18","","Go Test","github.com/specterops/bloodhound/cmd/api/src/api/v2/auth/TestActivateMFA_Failure","TestActivateMFA_Failure"
"Test cases for Test_filterAndFormatSearchResults_filterEnvironments","0","Test_filterAndFormatSearchResults_filterEnvironments","","2026-09-18","passed","2026-09-18","","Go Test","github.com/specterops/bloodhound/cmd/api/src/api/v2/Test_filterAndFormatSearchResults_filterEnvironments","Test_filterAndFormatSearchResults_filterEnvironments"
"","17","does not render a distinguishe name line when it is missing","SearchResultItem","2026-09-18","passed","2026-09-18","","","",""
"","136","fires onSelect prop when a result is clicked","SearchCurrentNodes","2026-09-18","passed","2026-09-18","","","",""
"Test cases for TestNewStrictNamedArrayArgs","1","TestNewStrictNamedArrayArgs","","2026-09-18","passed","2026-09-18","","Go Test","github.com/specterops/bloodhound/cmd/api/src/database/TestNewStrictNamedArrayArgs","TestNewStrictNamedArrayArgs"
"Test cases for Test_filterAndFormatSearchResults_filterEnvironmentsEmpty","0","Test_filterAndFormatSearchResults_filterEnvironmentsEmpty","","2026-09-18","passed","2026-09-18","","Go Test","github.com/specterops/bloodhound/cmd/api/src/api/v2/Test_filterAndFormatSearchResults_filterEnvironmentsEmpty","Test_filterAndFormatSearchResults_filterEnvironmentsEmpty"
"Test cases for TestRequestWaitDuration","0","TestRequestWaitDuration","","2026-09-18","passed","2026-09-18","","Go Test","github.com/specterops/bloodhound/cmd/api/src/api/middleware/TestRequestWaitDuration","TestRequestWaitDuration"
"","3","checks whether more data is needed when loadedCount changes","useInfiniteScroll","2026-09-18","passed","2026-09-18","","","",""
"","144","fires delete when edit is clicked","ListItemActionMenu","2026-09-18","passed","2026-09-18","","","",""
"","6","does not return when zone limit is not reached","useTagLimits","2026-09-18","passed","2026-09-18","","","",""
"","0","separates node and relationship stats","getMetricStatsByType","2026-09-18","passed","2026-09-18","","","",""
"","468","does not allow confirmation while dates are invalid","FileIngestFilterDialog","2026-09-18","passed","2026-09-18","","Date Range Inputs","",""
"Test cases for TestBoolEqual","0","TestBoolEqual","","2026-09-18","passed","2026-09-18","","Go Test","github.com/specterops/bloodhound/cmd/api/src/database/types/null/TestBoolEqual","TestBoolEqual"
"","1379","should clear out the SSO Provider id from submission data when the authentication method is changed","CreateUserDialog","2026-09-18","passed","2026-09-18","","","",""
"Test cases for Test_NewRequestSignature","0","Test_NewRequestSignature","","2026-09-18","passed","2026-09-18","","Go Test","github.com/specterops/bloodhound/cmd/api/src/api/Test_NewRequestSignature","Test_NewRequestSignature"
"Test cases for TestUrlValidator","0","TestUrlValidator","","2026-09-18","passed","2026-09-18","","Go Test","github.com/specterops/bloodhound/cmd/api/src/utils/validation/TestUrlValidator","TestUrlValidator"
"","86","should display the logged in user's role","UserProfile","2026-09-18","passed","2026-09-18","","","",""
"Test cases for TestQueries_BuildEntityQueryParams_MissingObjectID","0","TestQueries_BuildEntityQueryParams_MissingObjectID","","2026-09-18","passed","2026-09-18","","Go Test","github.com/specterops/bloodhound/cmd/api/src/queries/TestQueries_BuildEntityQueryParams_MissingObjectID","TestQueries_BuildEntityQueryParams_MissingObjectID"
"","272","clears the selected item and closes the search widget when the query returns multiple nodes","ExploreSearch handling of cypher query responses","2026-09-18","passed","2026-09-18","","","",""
"","94","renders the component with all info and switch off","CitrixRDPConfiguration","2026-09-18","passed","2026-09-18","","Initial render","",""
"","23","composes search params from the search prop and use them in the link","AppLink","2026-09-18","passed","2026-09-18","","","",""
"","246","renders a non-primary button as expected","DropdownSelector","2026-09-18","passed","2026-09-18","","","",""
"","1","handles ISO 8601 formatted date strings and converts it into our standard date display format","Formatting string properties","2026-09-18","passed","2026-09-18","","","",""
"","12","renders the empty-state message when the aggregation response contains no stats","OpenGraphPlatformInfo","2026-09-18","passed","2026-09-18","","","",""
"Test cases for TestRenderNodeKindInfoMarkdown","0","TestRenderNodeKindInfoMarkdown","","2026-09-18","passed","2026-09-18","","Go Test","github.com/specterops/bloodhound/server/graphdb/internal/services/TestRenderNodeKindInfoMarkdown","TestRenderNodeKindInfoMarkdown"
"","63","filters out source and tag kinds before selecting a fallback primary kind","usePrimaryKind","2026-09-18","passed","2026-09-18","","","",""
"Test cases for TestMatches_Success","0","TestMatches_Success","","2026-09-18","passed","2026-09-18","","Go Test","github.com/specterops/bloodhound/cmd/api/src/model/TestMatches_Success","TestMatches_Success"
"Test cases for TestAnalysisStepNames_ContainsNameForEachDefinedBit","7","TestAnalysisStepNames_ContainsNameForEachDefinedBit","","2026-09-18","passed","2026-09-18","","Go Test","github.com/specterops/bloodhound/cmd/api/src/model/TestAnalysisStepNames_ContainsNameForEachDefinedBit","TestAnalysisStepNames_ContainsNameForEachDefinedBit"
"","205","should handle click events on apply and cancel","ConfirmUpdateQueryDialog","2026-09-18","passed","2026-09-18","","","",""
"Test cases for TestManagementResource_ListAuthTokens_InvalidColumn","0","TestManagementResource_ListAuthTokens_InvalidColumn","","2026-09-18","passed","2026-09-18","","Go Test","github.com/specterops/bloodhound/cmd/api/src/api/v2/auth/TestManagementResource_ListAuthTokens_InvalidColumn","TestManagementResource_ListAuthTokens_InvalidColumn"
"Test cases for TestWriteBasicResponse","0","TestWriteBasicResponse","","2026-09-18","passed","2026-09-18","","Go Test","github.com/specterops/bloodhound/cmd/api/src/api/TestWriteBasicResponse","TestWriteBasicResponse"
"Test cases for TestParseDomainTrusts_TrustAttributes","1","TestParseDomainTrusts_TrustAttributes","","2026-09-18","passed","2026-09-18","","Go Test","github.com/specterops/bloodhound/packages/go/ein/TestParseDomainTrusts_TrustAttributes","TestParseDomainTrusts_TrustAttributes"
"Test cases for TestWriteArchiveFileToStorage","9","TestWriteArchiveFileToStorage","","2026-09-18","passed","2026-09-18","","Go Test","github.com/specterops/bloodhound/cmd/api/src/services/graphify/TestWriteArchiveFileToStorage","TestWriteArchiveFileToStorage"
"Test cases for TestResources_PreviewSelectors","0","TestResources_PreviewSelectors","","2026-09-18","passed","2026-09-18","","Go Test","github.com/specterops/bloodhound/cmd/api/src/api/v2/TestResources_PreviewSelectors","TestResources_PreviewSelectors"
"","136","only sends dirty fields in the request when updating","Tag Form","2026-09-18","passed","2026-09-18","","","",""
"","179","handles creating a new zone","Tag Form","2026-09-18","passed","2026-09-18","","","",""
"Test cases for TestDefaultConfig","0","TestDefaultConfig","","2026-09-18","passed","2026-09-18","","Go Test","github.com/specterops/bloodhound/packages/go/stbernard/dora/TestDefaultConfig","TestDefaultConfig"
"","0","returns paramValue as EnvironmentAggregation if paramValue is active-directory","useEnvironmentParams","2026-09-18","passed","2026-09-18","","parseEnvironmentAggregation","",""
"","0","returns undefined for a JSON primitive","safeParseJson","2026-09-18","passed","2026-09-18","","","",""
"","0","EXTENDED ROUNDING with different thresholds","numberFormatting","2026-09-18","passed","2026-09-18","","","",""
"","0","escapes backslashes before quotes so they do not combine","escapeCypherString","2026-09-18","passed","2026-09-18","","","",""
"","580","shows a table with partially completed jobs","FileIngestTable","2026-09-18","passed","2026-09-18","","","",""
"","2","keeps only the latest stat per kind_id by created_at","getLatestStatsByMetricKind","2026-09-18","passed","2026-09-18","","","",""
"","86","removes a node from an asset group tag","AssetGroupMenuItem","2026-09-18","passed","2026-09-18","","","",""
"Test cases for Test_FixtureTeardown","0","Test_FixtureTeardown","","2026-09-18","passed","2026-09-18","","Go Test","github.com/specterops/bloodhound/packages/go/lab/Test_FixtureTeardown","Test_FixtureTeardown"
"","22","uses the discardQueryParams prop to discard all query params on the link","AppLink","2026-09-18","passed","2026-09-18","","","",""
"","13","displays CaretDownOutline icon when the sortOrder is undefined","ColumnHeaders","2026-09-18","passed","2026-09-18","","SortableHeader","",""
"","212","auto-selects when a search result has a matching objectId","GraphView","2026-09-18","passed","2026-09-18","","","",""
"","66","should render a label and version number when expanded","MainNav","2026-09-18","passed","2026-09-18","","","",""
"","56","should display the logged in user's email address","UserProfile","2026-09-18","passed","2026-09-18","","","",""
"Test cases for TestHandlers_GetDatapipeStatus","1","TestHandlers_GetDatapipeStatus","","2026-09-18","passed","2026-09-18","","Go Test","github.com/specterops/bloodhound/server/appcfg/internal/handlers/TestHandlers_GetDatapipeStatus","TestHandlers_GetDatapipeStatus"
"","22","live regions have aria-atomic set to true","AnnouncementProvider","2026-09-18","passed","2026-09-18","","","",""
"Test cases for TestAssetGroupSelectorSpec_Validate","0","TestAssetGroupSelectorSpec_Validate","","2026-09-18","passed","2026-09-18","","Go Test","github.com/specterops/bloodhound/cmd/api/src/model/TestAssetGroupSelectorSpec_Validate","TestAssetGroupSelectorSpec_Validate"
"","50","renders the total count and object counts on success","ObjectCountPanel","2026-09-18","passed","2026-09-18","","","",""
"","31","displays a loading message while fetching extensions","ActiveExtensionsCard","2026-09-18","passed","2026-09-18","","","",""
"","214","emits allGraphData true when the last remaining source kind completes the selection","GraphDataCheckboxes","2026-09-18","passed","2026-09-18","","","",""
"Test cases for TestNewAnalysisRequestAdapter","0","TestNewAnalysisRequestAdapter","","2026-09-18","passed","2026-09-18","","Go Test","github.com/specterops/bloodhound/server/analysis/TestNewAnalysisRequestAdapter","TestNewAnalysisRequestAdapter"
"","6","announces a polite message (default priority)","AnnouncementProvider","2026-09-18","passed","2026-09-18","","","",""
"","20","renders the default multiple-file copy","FileDrop","2026-09-18","passed","2026-09-18","","","",""
"Test cases for TestResources_ListEdgeTypes","75","TestResources_ListEdgeTypes","","2026-09-18","passed","2026-09-18","","Go Test","github.com/specterops/bloodhound/cmd/api/src/api/v2/TestResources_ListEdgeTypes","TestResources_ListEdgeTypes"
"","0","If for some reason the node size is not defined return 1 as a default","getNodeRadius","2026-09-18","passed","2026-09-18","","","",""
"","502","should render the pathfinding search controls when searchType is pathfinding","ExploreSearch rendering per tab","2026-09-18","passed","2026-09-18","","","",""
"Test cases for TestSet","0","TestSet","","2026-09-18","passed","2026-09-18","","Go Test","github.com/specterops/bloodhound/packages/go/lab/internal/TestSet","TestSet"
"","8","does not render note content when selected is null","HistoryNotes Component","2026-09-18","passed","2026-09-18","","","",""
"Test cases for TestFormatDatabaseError","0","TestFormatDatabaseError","","2026-09-18","passed","2026-09-18","","Go Test","github.com/specterops/bloodhound/cmd/api/src/api/TestFormatDatabaseError","TestFormatDatabaseError"
"","19","renders every related kind field when all special properties are present","BasicObjectInfoFields related kind fields","2026-09-18","passed","2026-09-18","","","",""
"Test cases for TestWriteAndValidateZip","0","TestWriteAndValidateZip","","2026-09-18","passed","2026-09-18","","Go Test","github.com/specterops/bloodhound/cmd/api/src/services/upload/TestWriteAndValidateZip","TestWriteAndValidateZip"
"","91","shows ""Expired"" in red when the expiration date has already passed","UserTokenManagementDialog - API Expiration Date column","2026-09-18","passed","2026-09-18","","","",""
"Test cases for TestNormalizeToUTF8_ReaderError","0","TestNormalizeToUTF8_ReaderError","","2026-09-18","passed","2026-09-18","","Go Test","github.com/specterops/bloodhound/packages/go/bomenc/TestNormalizeToUTF8_ReaderError","TestNormalizeToUTF8_ReaderError"
"","48","initializes the categories with just the built-in defaults when edge endpoint returns nothing","useEdgeCategories","2026-09-18","passed","2026-09-18","","","",""
"","0","returns undefined if graphData is null or not a GraphResponse","getExploreTableData","2026-09-18","passed","2026-09-18","","","",""
"Test cases for TestResources_ListRootCAPKIHierarchy","0","TestResources_ListRootCAPKIHierarchy","","2026-09-18","passed","2026-09-18","","Go Test","github.com/specterops/bloodhound/cmd/api/src/api/v2/TestResources_ListRootCAPKIHierarchy","TestResources_ListRootCAPKIHierarchy"
"","0","runs a pathfinding search when the query param is set to ""pathfinding""","useExploreGraph","2026-09-18","passed","2026-09-18","","exploreGraphQueryFactory","",""
"Test cases for TestIngestControl_DisableIngestFileRetention","18","TestIngestControl_DisableIngestFileRetention","","2026-09-18","passed","2026-09-18","","Go Test","github.com/specterops/bloodhound/cmd/api/src/api/tools/TestIngestControl_DisableIngestFileRetention","TestIngestControl_DisableIngestFileRetention"
"","10","renders note content when currentNote is present","HistoryNotes Component","2026-09-18","passed","2026-09-18","","","",""
"Test cases for Test_NewSpec","0","Test_NewSpec","","2026-09-18","passed","2026-09-18","","Go Test","github.com/specterops/bloodhound/packages/go/lab/Test_NewSpec","Test_NewSpec"
"","260","should close the dialog when the Cancel button is clicked","Privilege Zones History Filter Dialog","2026-09-18","passed","2026-09-18","","","",""
"","119","should display ""Disable Multi-Factor Authentication"" button","Enable2FADialog","2026-09-18","passed","2026-09-18","","","",""
"Test cases for TestMarkdownValidator_Render","4","TestMarkdownValidator_Render","","2026-09-18","passed","2026-09-18","","Go Test","github.com/specterops/bloodhound/cmd/api/src/services/opengraphschema/TestMarkdownValidator_Render","TestMarkdownValidator_Render"
"","151","clears value if input is empty","ManagedDatePicker - input","2026-09-18","passed","2026-09-18","","","",""
"Test cases for TestUnmarshalInt64OverflowToInt64","0","TestUnmarshalInt64OverflowToInt64","","2026-09-18","passed","2026-09-18","","Go Test","github.com/specterops/bloodhound/cmd/api/src/database/types/null/TestUnmarshalInt64OverflowToInt64","TestUnmarshalInt64OverflowToInt64"
"","0","returns true when the highlighted item is an edge in the graph","SigmaChart Utils","2026-09-18","passed","2026-09-18","","getIsHighlightedItemInGraph","",""
"","5","clears sort state","useSortParams","2026-09-18","passed","2026-09-18","","","",""
"Test cases for TestResources_ListAcceptedFileUploadTypes","0","TestResources_ListAcceptedFileUploadTypes","","2026-09-18","passed","2026-09-18","","Go Test","github.com/specterops/bloodhound/cmd/api/src/api/v2/TestResources_ListAcceptedFileUploadTypes","TestResources_ListAcceptedFileUploadTypes"
"Test cases for TestOrphanFileSweeper_ClearLegacyLocalIngestFiles","37","TestOrphanFileSweeper_ClearLegacyLocalIngestFiles","","2026-09-18","passed","2026-09-18","","Go Test","github.com/specterops/bloodhound/cmd/api/src/daemons/datapipe/TestOrphanFileSweeper_ClearLegacyLocalIngestFiles","TestOrphanFileSweeper_ClearLegacyLocalIngestFiles"
"","110","renders additional actions before JSON in the supplied order","GraphControls","2026-09-18","passed","2026-09-18","","Exporting json","",""
"","92","highlights selectedLayout rather than the table option when searchType is not cypher","GraphControls","2026-09-18","passed","2026-09-18","","Table view selection state","",""
"Test cases for TestBoolFromPtr","0","TestBoolFromPtr","","2026-09-18","passed","2026-09-18","","Go Test","github.com/specterops/bloodhound/cmd/api/src/database/types/null/TestBoolFromPtr","TestBoolFromPtr"
"","96","opens the file chooser when the text or icon is clicked","FileDrop","2026-09-18","passed","2026-09-18","","","",""
"Test cases for TestNodeNamePrefix_AppendSuffix","0","TestNodeNamePrefix_AppendSuffix","","2026-09-18","passed","2026-09-18","","Go Test","github.com/specterops/bloodhound/packages/go/analysis/ad/wellknown/TestNodeNamePrefix_AppendSuffix","TestNodeNamePrefix_AppendSuffix"
"Test cases for TestParseOptionalBoolEmptyValue","0","TestParseOptionalBoolEmptyValue","","2026-09-18","passed","2026-09-18","","Go Test","github.com/specterops/bloodhound/cmd/api/src/api/TestParseOptionalBoolEmptyValue","TestParseOptionalBoolEmptyValue"
"","73","calls onClick with the correct SelectedNode when a row is clicked","InfiniteScrollingTable","2026-09-18","passed","2026-09-18","","","",""
"Test cases for TestResources_ListADDomainOutboundTrusts","1","TestResources_ListADDomainOutboundTrusts","","2026-09-18","passed","2026-09-18","","Go Test","github.com/specterops/bloodhound/cmd/api/src/api/v2/TestResources_ListADDomainOutboundTrusts","TestResources_ListADDomainOutboundTrusts"
"Test cases for TestRewriter_Enter_AllAttackPathsShortcut_ReplacesKinds","0","TestRewriter_Enter_AllAttackPathsShortcut_ReplacesKinds","","2026-09-18","passed","2026-09-18","","Go Test","github.com/specterops/bloodhound/cmd/api/src/queries/TestRewriter_Enter_AllAttackPathsShortcut_ReplacesKinds","TestRewriter_Enter_AllAttackPathsShortcut_ReplacesKinds"
"Test cases for TestParseGPOData","3","TestParseGPOData","","2026-09-18","passed","2026-09-18","","Go Test","github.com/specterops/bloodhound/packages/go/ein/TestParseGPOData","TestParseGPOData"
"Test cases for TestIngestGenericData_RegisterNodeKind","0","TestIngestGenericData_RegisterNodeKind","","2026-09-18","passed","2026-09-18","","Go Test","github.com/specterops/bloodhound/cmd/api/src/services/graphify/TestIngestGenericData_RegisterNodeKind","TestIngestGenericData_RegisterNodeKind"
"","34","falls back to 0 for the relationship row when no relationship stat is present","OpenGraphInfo","2026-09-18","passed","2026-09-18","","","",""
"","5","renders AzurePlatformInfo for the azure-platform aggregate","getStatsComponent","2026-09-18","passed","2026-09-18","","","",""
"","229","renders","EarlyAccessFeaturesWarningDialog","2026-09-18","passed","2026-09-18","","","",""
"","8","should render when search string matches text entirely","HighlightedText","2026-09-18","passed","2026-09-18","","","",""
"","82","should call onLoginViaSAML when login via sso button clicked","LoginForm","2026-09-18","passed","2026-09-18","","","",""
"Test cases for TestManagementResource_UpdateSAMLProviderRequest","13","TestManagementResource_UpdateSAMLProviderRequest","","2026-09-18","passed","2026-09-18","","Go Test","github.com/specterops/bloodhound/cmd/api/src/api/v2/auth/TestManagementResource_UpdateSAMLProviderRequest","TestManagementResource_UpdateSAMLProviderRequest"
"Test cases for Test_parseAuthorizationHeader","1","Test_parseAuthorizationHeader","","2026-09-18","passed","2026-09-18","","Go Test","github.com/specterops/bloodhound/cmd/api/src/api/middleware/Test_parseAuthorizationHeader","Test_parseAuthorizationHeader"
"","215","calls onResetColumnSize when ""Reset Size"" is clicked","ManageColumnsComboBox","2026-09-18","passed","2026-09-18","","","",""
"Test cases for TestWriteResponseWrapperWithPagination","0","TestWriteResponseWrapperWithPagination","","2026-09-18","passed","2026-09-18","","Go Test","github.com/specterops/bloodhound/cmd/api/src/api/TestWriteResponseWrapperWithPagination","TestWriteResponseWrapperWithPagination"
"","285","displays a warning dialog when mounted","EarlyAccessFeatures","2026-09-18","passed","2026-09-18","","","",""
"Test cases for TestManagementResource_ListPermissions_DBError","1","TestManagementResource_ListPermissions_DBError","","2026-09-18","passed","2026-09-18","","Go Test","github.com/specterops/bloodhound/cmd/api/src/api/v2/auth/TestManagementResource_ListPermissions_DBError","TestManagementResource_ListPermissions_DBError"
"TestService_checkUserAccessToEnvironments_AllEnvironments covers theshort-circuit branch that is unreachable through CheckUserAccess (becauseshouldFilterForETAC already excludes all-environment users).","0","TestService_checkUserAccessToEnvironments_AllEnvironments","","2026-09-18","passed","2026-09-18","","Go Test","github.com/specterops/bloodhound/server/etac/internal/services/TestService_checkUserAccessToEnvironments_AllEnvironments","TestService_checkUserAccessToEnvironments_AllEnvironments"
"Test cases for TestCalculateLeadTime","18","TestCalculateLeadTime","","2026-09-18","passed","2026-09-18","","Go Test","github.com/specterops/bloodhound/packages/go/stbernard/dora/TestCalculateLeadTime","TestCalculateLeadTime"
"Test cases for TestService_GetNode_IgnoresEmptyKindInfoContent","0","TestService_GetNode_IgnoresEmptyKindInfoContent","","2026-09-18","passed","2026-09-18","","Go Test","github.com/specterops/bloodhound/server/graphdb/internal/services/TestService_GetNode_IgnoresEmptyKindInfoContent","TestService_GetNode_IgnoresEmptyKindInfoContent"
"","6","renders highlight only for active member when memberId is present","SelectedHighlight","2026-09-18","passed","2026-09-18","","","",""
"","149","clicking an enabled header toggles content (single mode)","<DetailsAccordion />","2026-09-18","passed","2026-09-18","","","",""
"","149","should render with the correct content","ConfirmUpdateQueryDialog","2026-09-18","passed","2026-09-18","","","",""
"","129","displays loading state","GraphDataCheckboxes","2026-09-18","passed","2026-09-18","","","",""
"Test cases for TestInt64Scan","0","TestInt64Scan","","2026-09-18","passed","2026-09-18","","Go Test","github.com/specterops/bloodhound/cmd/api/src/database/types/null/TestInt64Scan","TestInt64Scan"
"","158","expands a contracted nav when the viewport grows to the xl breakpoint","MainNav responsive expansion","2026-09-18","passed","2026-09-18","","","",""
"","0","Fetching the data timed out","Getting the text for the disabled item display for a search when there are no results","2026-09-18","passed","2026-09-18","","Error states","",""
"Test cases for TestResources_PatchDomain","1","TestResources_PatchDomain","","2026-09-18","passed","2026-09-18","","Go Test","github.com/specterops/bloodhound/cmd/api/src/api/v2/TestResources_PatchDomain","TestResources_PatchDomain"
"","3845","calls onQuerySucess but does not does not entity info panel when search returns zero nodes","CypherSearch","2026-09-18","passed","2026-09-18","","Minimize explorer page elements when multiple nodes are returned","",""
"","116","should fire Cancel once with false","ConfirmationDialog","2026-09-18","passed","2026-09-18","","","",""
"Test cases for TestResources_ListAuditLogs_Filtered","0","TestResources_ListAuditLogs_Filtered","","2026-09-18","passed","2026-09-18","","Go Test","github.com/specterops/bloodhound/cmd/api/src/api/v2/TestResources_ListAuditLogs_Filtered","TestResources_ListAuditLogs_Filtered"
"Test cases for TestConvertComputerToNode","0","TestConvertComputerToNode","","2026-09-18","passed","2026-09-18","","Go Test","github.com/specterops/bloodhound/packages/go/ein/TestConvertComputerToNode","TestConvertComputerToNode"
"","1","runs a node search when the query param is set to ""node""","useExploreGraph","2026-09-18","passed","2026-09-18","","exploreGraphQueryFactory","",""
"Test cases for TestTypes_Scan_InvalidInput","0","TestTypes_Scan_InvalidInput","","2026-09-18","passed","2026-09-18","","Go Test","github.com/specterops/bloodhound/cmd/api/src/database/types/TestTypes_Scan_InvalidInput","TestTypes_Scan_InvalidInput"
"Test cases for TestManagementResource_CreateSAMLProviderMultipart","16","TestManagementResource_CreateSAMLProviderMultipart","","2026-09-18","passed","2026-09-18","","Go Test","github.com/specterops/bloodhound/cmd/api/src/api/v2/auth/TestManagementResource_CreateSAMLProviderMultipart","TestManagementResource_CreateSAMLProviderMultipart"
"","0","returns disabled config when searchType is not composition","useExploreGraph","2026-09-18","passed","2026-09-18","composition search queries","exploreGraphQueryFactory","",""
"","242","when an `inputValue` is provided it eventually displays a list of search results","ExploreSearchCombobox","2026-09-18","passed","2026-09-18","","","",""
"Test cases for TestNormalizeStoragePrefixes","39","TestNormalizeStoragePrefixes","","2026-09-18","passed","2026-09-18","","Go Test","github.com/specterops/bloodhound/cmd/api/src/daemons/datapipe/TestNormalizeStoragePrefixes","TestNormalizeStoragePrefixes"
"Test cases for TestParseOptionalBoolMisspelledValue","0","TestParseOptionalBoolMisspelledValue","","2026-09-18","passed","2026-09-18","","Go Test","github.com/specterops/bloodhound/cmd/api/src/api/TestParseOptionalBoolMisspelledValue","TestParseOptionalBoolMisspelledValue"
"","33","does not render when ruleId is empty","Delete Selector Button rendering","2026-09-18","passed","2026-09-18","","","",""
"Test cases for TestAnalysisStepsValue","12","TestAnalysisStepsValue","","2026-09-18","passed","2026-09-18","","Go Test","github.com/specterops/bloodhound/cmd/api/src/model/TestAnalysisStepsValue","TestAnalysisStepsValue"
"Test cases for TestResources_UpdateSavedQuery_OwnPublicQuery_Success","1","TestResources_UpdateSavedQuery_OwnPublicQuery_Success","","2026-09-18","passed","2026-09-18","","Go Test","github.com/specterops/bloodhound/cmd/api/src/api/v2/TestResources_UpdateSavedQuery_OwnPublicQuery_Success","TestResources_UpdateSavedQuery_OwnPublicQuery_Success"
"Test cases for TestResources_UpdateSavedQuery_ErrorFetchingPublicStatus","1","TestResources_UpdateSavedQuery_ErrorFetchingPublicStatus","","2026-09-18","passed","2026-09-18","","Go Test","github.com/specterops/bloodhound/cmd/api/src/api/v2/TestResources_UpdateSavedQuery_ErrorFetchingPublicStatus","TestResources_UpdateSavedQuery_ErrorFetchingPublicStatus"
"Test cases for TestResources_ListAuditLogs_InvalidSkip","0","TestResources_ListAuditLogs_InvalidSkip","","2026-09-18","passed","2026-09-18","","Go Test","github.com/specterops/bloodhound/cmd/api/src/api/v2/TestResources_ListAuditLogs_InvalidSkip","TestResources_ListAuditLogs_InvalidSkip"
"","546","hides truncated text tooltips at 900px and above","ActiveExtensionsCard","2026-09-18","passed","2026-09-18","","","",""
"Test cases for TestIntSetValid","0","TestIntSetValid","","2026-09-18","passed","2026-09-18","","Go Test","github.com/specterops/bloodhound/cmd/api/src/database/types/null/TestIntSetValid","TestIntSetValid"
"Test cases for TestResources_GetShortestPath","6","TestResources_GetShortestPath","","2026-09-18","passed","2026-09-18","","Go Test","github.com/specterops/bloodhound/cmd/api/src/api/v2/TestResources_GetShortestPath","TestResources_GetShortestPath"
"Test cases for TestManagementResource_PutUserAuthSecret","5754","TestManagementResource_PutUserAuthSecret","","2026-09-18","passed","2026-09-18","","Go Test","github.com/specterops/bloodhound/cmd/api/src/api/v2/auth/TestManagementResource_PutUserAuthSecret","TestManagementResource_PutUserAuthSecret"
"","2269","The password reset dialog is opened when switching a user from SAML based authentication to username/password based authentication","Users","2026-09-18","passed","2026-09-18","","","",""
"Test cases for TestAuth_CreateSSOSession","2","TestAuth_CreateSSOSession","","2026-09-18","passed","2026-09-18","","Go Test","github.com/specterops/bloodhound/cmd/api/src/api/v2/auth/TestAuth_CreateSSOSession","TestAuth_CreateSSOSession"
"","141","renders only the JSON action when no additional actions are supplied","GraphControls","2026-09-18","passed","2026-09-18","","Exporting json","",""
"Test cases for TestSelectGPOContainerCandidateFilter","0","TestSelectGPOContainerCandidateFilter","","2026-09-18","passed","2026-09-18","","Go Test","github.com/specterops/bloodhound/packages/go/analysis/ad/TestSelectGPOContainerCandidateFilter","TestSelectGPOContainerCandidateFilter"
"","24","sets autoDisplayTable to false if query returns edges","useExploreTableAutoDisplay","2026-09-18","passed","2026-09-18","","","",""
"Test cases for TestResources_CreateSavedQuery","0","TestResources_CreateSavedQuery","","2026-09-18","passed","2026-09-18","","Go Test","github.com/specterops/bloodhound/cmd/api/src/api/v2/TestResources_CreateSavedQuery","TestResources_CreateSavedQuery"
"","0","returns an all selection when every option is selected","getNextSelection","2026-09-18","passed","2026-09-18","","","",""
"Test cases for TestResources_StartIngestJob","81","TestResources_StartIngestJob","","2026-09-18","passed","2026-09-18","","Go Test","github.com/specterops/bloodhound/cmd/api/src/api/v2/TestResources_StartIngestJob","TestResources_StartIngestJob"
"","0","returns undefined for a JSON array","safeParseJson","2026-09-18","passed","2026-09-18","","","",""
"","0","pwdlastset","Handling value formatting for Active Directory entity properties lastlogon, lastlogontimestamp, whencreated, and pwdlastset","2026-09-18","passed","2026-09-18","","","",""
"","0","returns an all selection when both the new value and the options are empty","getNextSelection","2026-09-18","passed","2026-09-18","","","",""
"","1","filters by collected=true when ""yes"" filter is active","filterAndSearchEnvironments","2026-09-18","passed","2026-09-18","","collected filters","",""
"Test cases for TestDatabaseWipe","2","TestDatabaseWipe","","2026-09-18","passed","2026-09-18","","Go Test","github.com/specterops/bloodhound/cmd/api/src/api/v2/TestDatabaseWipe","TestDatabaseWipe"
"Test cases for TestResources_UpdateSavedQuery_InvalidID","0","TestResources_UpdateSavedQuery_InvalidID","","2026-09-18","passed","2026-09-18","","Go Test","github.com/specterops/bloodhound/cmd/api/src/api/v2/TestResources_UpdateSavedQuery_InvalidID","TestResources_UpdateSavedQuery_InvalidID"
"","510","opens the entity information panel for the auto-selected node","GraphView","2026-09-18","passed","2026-09-18","","","",""
"","110","returns false when no nodes are available","useGraphHasData","2026-09-18","passed","2026-09-18","","","",""
"","0","should compute offset vertices for bezier curves at a given intersection","bezier","2026-09-18","passed","2026-09-18","","","",""
"","0","does not abbreviate numbers < 1000","numberFormatting","2026-09-18","passed","2026-09-18","","","",""
"","242","renders no asset group edit options without graph write permissions","ContextMenu","2026-09-18","passed","2026-09-18","","","",""
"","180","sets the calendar date to match the valid","ManagedDatePicker - value","2026-09-18","passed","2026-09-18","","","",""
"Test cases for TestService_CheckUserAccess","1","TestService_CheckUserAccess","","2026-09-18","passed","2026-09-18","","Go Test","github.com/specterops/bloodhound/server/etac/internal/services/TestService_CheckUserAccess","TestService_CheckUserAccess"
"","81","navigates to previous history entry when warning dialog is cancelled","EarlyAccessFeatures","2026-09-18","passed","2026-09-18","","","",""
"Test cases for TestStore_GetPresignedURL","6","TestStore_GetPresignedURL","","2026-09-18","passed","2026-09-18","","Go Test","github.com/specterops/bloodhound/packages/go/storage/TestStore_GetPresignedURL","TestStore_GetPresignedURL"
"Test cases for Test_filterAndFormatSearchResults_filterEnvironments_domainSIDFail","0","Test_filterAndFormatSearchResults_filterEnvironments_domainSIDFail","","2026-09-18","passed","2026-09-18","","Go Test","github.com/specterops/bloodhound/cmd/api/src/api/v2/Test_filterAndFormatSearchResults_filterEnvironments_domainSIDFail","Test_filterAndFormatSearchResults_filterEnvironments_domainSIDFail"
"Test cases for TestGetScheme","0","TestGetScheme","","2026-09-18","passed","2026-09-18","","Go Test","github.com/specterops/bloodhound/cmd/api/src/api/middleware/TestGetScheme","TestGetScheme"
"","60","Validate Displays all the Roles","useListDisplayRoles","2026-09-18","passed","2026-09-18","","","",""
"","51","has a button with text Clear Filters","AssetGroupEdit","2026-09-18","passed","2026-09-18","","Clear Filters button","",""
"TestRegister verifies that routes.Register binds the GET /api/v2/node-kinds/{id}endpoint to the gorilla/mux router so that matching requests are dispatched correctly.","3","TestRegister","","2026-09-18","passed","2026-09-18","","Go Test","github.com/specterops/bloodhound/server/extensions/internal/routes/TestRegister","TestRegister"
"Test cases for TestNewAuditLog","0","TestNewAuditLog","","2026-09-18","passed","2026-09-18","","Go Test","github.com/specterops/bloodhound/cmd/api/src/database/TestNewAuditLog","TestNewAuditLog"
"","152","renders the form for editing an existing zone","Tag Form","2026-09-18","passed","2026-09-18","","","",""
"","33","returns the configured default selection when the URL contains no filter parameters","useMultiValueFilterParams","2026-09-18","passed","2026-09-18","","","",""
"","55","renders the selected query in the cypher editor when editing a query that differs from the active cypher search","SaveQueryDialog","2026-09-18","passed","2026-09-18","","","",""
"","219","should call the checkbox filter function when clicking on a checkbox input","Checkbox group","2026-09-18","passed","2026-09-18","","","",""
"","210","invalidates the extensions and custom node kinds queries after a successful upload","SchemaUploadDialog","2026-09-18","passed","2026-09-18","","","",""
"","9","falls back to the first non-source, non-tag kind when no display kind is present","usePrimaryKind","2026-09-18","passed","2026-09-18","","","",""
"","110","does not show ""API Expiration Date"" column header when expiration is disabled","UserTokenManagementDialog - API Expiration Date column","2026-09-18","passed","2026-09-18","","","",""
"","5","shows items when all required permissions are granted","useSubNavRoutes","2026-09-18","passed","2026-09-18","","permissions gate","",""
"Test cases for TestResources_ListADGPOAffectedTierZero","0","TestResources_ListADGPOAffectedTierZero","","2026-09-18","passed","2026-09-18","","Go Test","github.com/specterops/bloodhound/cmd/api/src/api/v2/TestResources_ListADGPOAffectedTierZero","TestResources_ListADGPOAffectedTierZero"
"Test cases for TestDeleteCollectedGraphData_SetBasedRelationshipDeletion","0","TestDeleteCollectedGraphData_SetBasedRelationshipDeletion","","2026-09-18","passed","2026-09-18","","Go Test","github.com/specterops/bloodhound/cmd/api/src/daemons/datapipe/TestDeleteCollectedGraphData_SetBasedRelationshipDeletion","TestDeleteCollectedGraphData_SetBasedRelationshipDeletion"
"Test cases for TestExtractBundleFromZip","26","TestExtractBundleFromZip","","2026-09-18","passed","2026-09-18","","Go Test","github.com/specterops/bloodhound/cmd/api/src/api/v2/TestExtractBundleFromZip","TestExtractBundleFromZip"
"","180","sets a secondary=id and searchType=pathfinding when primary is truethy","ContextMenu","2026-09-18","passed","2026-09-18","","","",""
"","0","returns false when the response contains node_id instead","isRelationshipResponse","2026-09-18","passed","2026-09-18","","","",""
"","545","constrains long zone names to the select width","Privilege Zones History Filter Dialog","2026-09-18","passed","2026-09-18","","","",""
"","0","reports an API error when the name for the rule is not unique","handleError","2026-09-18","passed","2026-09-18","","","",""
"","0","filters by user-provided platform","filterAndSearchEnvironments","2026-09-18","passed","2026-09-18","","platform filters","",""
"","679","should call onSubmit with password when reset password button clicked","PasswordResetForm","2026-09-18","passed","2026-09-18","","","",""
"","14","dedupes edges before adding them to the graph","Explore utils","2026-09-18","passed","2026-09-18","","initGraph","",""
"Test cases for TestAnalysisErrorsEvaluateErrors","1","TestAnalysisErrorsEvaluateErrors","","2026-09-18","passed","2026-09-18","","Go Test","github.com/specterops/bloodhound/packages/go/analysis/TestAnalysisErrorsEvaluateErrors","TestAnalysisErrorsEvaluateErrors"
"Test cases for TestGraphQuery_RawCypherQuery","11","TestGraphQuery_RawCypherQuery","","2026-09-18","passed","2026-09-18","","Go Test","github.com/specterops/bloodhound/cmd/api/src/queries/TestGraphQuery_RawCypherQuery","TestGraphQuery_RawCypherQuery"
"","7","does not set the document title when no title prop is provided","PageWithTitle","2026-09-18","passed","2026-09-18","","","",""
"","1","does not fetch more data when there are no more pages","useInfiniteScroll","2026-09-18","passed","2026-09-18","","","",""
"","0","handles both node_kinds and edge_kinds together","graphSchema","2026-09-18","passed","2026-09-18","","","",""
"","0","Null input is provided","parseKeywordAndTypeValue","2026-09-18","passed","2026-09-18","","","",""
"","75","disables delete button for user without correct permissions","ActiveExtensionsCard","2026-09-18","passed","2026-09-18","","","",""
"Test cases for TestResources_ListADEntityControllers","0","TestResources_ListADEntityControllers","","2026-09-18","passed","2026-09-18","","Go Test","github.com/specterops/bloodhound/cmd/api/src/api/v2/TestResources_ListADEntityControllers","TestResources_ListADEntityControllers"
"Test cases for TestResources_GetOUEntityInfo","0","TestResources_GetOUEntityInfo","","2026-09-18","passed","2026-09-18","","Go Test","github.com/specterops/bloodhound/cmd/api/src/api/v2/TestResources_GetOUEntityInfo","TestResources_GetOUEntityInfo"
"","0","EXTENDED ROUNDING when thresholds are set: returns a comma separated number when provided with a number > 999","numberFormatting","2026-09-18","passed","2026-09-18","","","",""
"Test cases for TestResources_ListADGroupSessions","5","TestResources_ListADGroupSessions","","2026-09-18","passed","2026-09-18","","Go Test","github.com/specterops/bloodhound/cmd/api/src/api/v2/TestResources_ListADGroupSessions","TestResources_ListADGroupSessions"
"","129","calls onConfirm when confirm button clicked","EarlyAccessFeaturesWarningDialog","2026-09-18","passed","2026-09-18","","","",""
"","15","does not render a heading when no title is provided","NotificationSnackbar","2026-09-18","passed","2026-09-18","","","",""
"Test cases for TestTimeExactEqual","0","TestTimeExactEqual","","2026-09-18","passed","2026-09-18","","Go Test","github.com/specterops/bloodhound/cmd/api/src/database/types/null/TestTimeExactEqual","TestTimeExactEqual"
"","0","returns undefined when highlightedItem is null","SigmaChart Utils","2026-09-18","passed","2026-09-18","","getIsHighlightedItemInGraph","",""
"","306","should call ""onSave"" one time","Enable2FADialog","2026-09-18","passed","2026-09-18","user clicks ""Disable Multi-Factor Authentication"" button","user enters valid password","",""
"","4","returns the remaining amount of zones available for creation","useTagLimits","2026-09-18","passed","2026-09-18","","","",""
"Test cases for Test_CheckAccessToEnvironments","82","Test_CheckAccessToEnvironments","","2026-09-18","passed","2026-09-18","","Go Test","github.com/specterops/bloodhound/cmd/api/src/api/v2/Test_CheckAccessToEnvironments","Test_CheckAccessToEnvironments"
"Test cases for TestBuildErrorResponseUnauthorized","0","TestBuildErrorResponseUnauthorized","","2026-09-18","passed","2026-09-18","","Go Test","github.com/specterops/bloodhound/cmd/api/src/api/TestBuildErrorResponseUnauthorized","TestBuildErrorResponseUnauthorized"
"Test cases for TestRoleAssignments_NodeHasRole","0","TestRoleAssignments_NodeHasRole","","2026-09-18","passed","2026-09-18","","Go Test","github.com/specterops/bloodhound/packages/go/analysis/azure/TestRoleAssignments_NodeHasRole","TestRoleAssignments_NodeHasRole"
"","0","returns a function that can set arrays query params removes previous values set to that array query param","searchParams","2026-09-18","passed","2026-09-18","","setSingleParamFactory","",""
"","2526","checking a single edge type updates its parent and grandparent","Pathfinding","2026-09-18","passed","2026-09-18","","","",""
"Test cases for TestManagementResource_DeleteUser_BadUserID","0","TestManagementResource_DeleteUser_BadUserID","","2026-09-18","passed","2026-09-18","","Go Test","github.com/specterops/bloodhound/cmd/api/src/api/v2/auth/TestManagementResource_DeleteUser_BadUserID","TestManagementResource_DeleteUser_BadUserID"
"Test cases for TestFilterParseAndValidate_IgnoredParameters","0","TestFilterParseAndValidate_IgnoredParameters","","2026-09-18","passed","2026-09-18","","Go Test","github.com/specterops/bloodhound/packages/go/params/TestFilterParseAndValidate_IgnoredParameters","TestFilterParseAndValidate_IgnoredParameters"
"Test cases for TestAnalysisPipelineString","1","TestAnalysisPipelineString","","2026-09-18","passed","2026-09-18","","Go Test","github.com/specterops/bloodhound/packages/go/analysis/TestAnalysisPipelineString","TestAnalysisPipelineString"
"","282","toggles parent from all to none","GraphDataCheckboxes","2026-09-18","passed","2026-09-18","","","",""
"Test cases for TestResources_ListUsersMinimal","5","TestResources_ListUsersMinimal","","2026-09-18","passed","2026-09-18","","Go Test","github.com/specterops/bloodhound/cmd/api/src/api/v2/auth/TestResources_ListUsersMinimal","TestResources_ListUsersMinimal"
"Test cases for TestResources_ListPublishedTemplates","0","TestResources_ListPublishedTemplates","","2026-09-18","passed","2026-09-18","","Go Test","github.com/specterops/bloodhound/cmd/api/src/api/v2/TestResources_ListPublishedTemplates","TestResources_ListPublishedTemplates"
"Test cases for TestJSONFloat_UnmarshalJSON","0","TestJSONFloat_UnmarshalJSON","","2026-09-18","passed","2026-09-18","","Go Test","github.com/specterops/bloodhound/cmd/api/src/database/types/nan/TestJSONFloat_UnmarshalJSON","TestJSONFloat_UnmarshalJSON"
"Test cases for TestError","0","TestError","","2026-09-18","passed","2026-09-18","","Go Test","github.com/specterops/bloodhound/cmd/api/src/api/TestError","TestError"
"","103","does not highlight the table option when isExploreTableSelected is true but isExploreLayoutSelected is false","GraphControls","2026-09-18","passed","2026-09-18","","Table view selection state","",""
"Test cases for TestResources_ListADComputerSessions","0","TestResources_ListADComputerSessions","","2026-09-18","passed","2026-09-18","","Go Test","github.com/specterops/bloodhound/cmd/api/src/api/v2/TestResources_ListADComputerSessions","TestResources_ListADComputerSessions"
"Test cases for TestMarshalFloat","0","TestMarshalFloat","","2026-09-18","passed","2026-09-18","","Go Test","github.com/specterops/bloodhound/cmd/api/src/database/types/null/TestMarshalFloat","TestMarshalFloat"
"Test cases for TestService_GetFlagByKey","4","TestService_GetFlagByKey","","2026-09-18","passed","2026-09-18","","Go Test","github.com/specterops/bloodhound/server/featureflags/internal/services/TestService_GetFlagByKey","TestService_GetFlagByKey"
"","57","renders the glyph form input when the editing a zone that is not the highest privileged","Tag Form","2026-09-18","passed","2026-09-18","","","",""
"Test cases for TestAnalysisStepsScan","14","TestAnalysisStepsScan","","2026-09-18","passed","2026-09-18","","Go Test","github.com/specterops/bloodhound/cmd/api/src/model/TestAnalysisStepsScan","TestAnalysisStepsScan"
"","56","renders node kind items with correct test-id","KindInfoItems","2026-09-18","passed","2026-09-18","","","",""
"","67","disables the Columns button when the disabled prop is true","ManageColumnsComboBox","2026-09-18","passed","2026-09-18","","","",""
"","40","hides loading state when data is available","GraphDataCheckboxes","2026-09-18","passed","2026-09-18","","","",""
"Test cases for TestResources_UpdateAssetGroup","0","TestResources_UpdateAssetGroup","","2026-09-18","passed","2026-09-18","","Go Test","github.com/specterops/bloodhound/cmd/api/src/api/v2/TestResources_UpdateAssetGroup","TestResources_UpdateAssetGroup"
"","422","has status filters","FileIngestFilterDialog","2026-09-18","passed","2026-09-18","","Status Select","",""
"Test cases for TestResources_ListADComputerSQLAdmins","0","TestResources_ListADComputerSQLAdmins","","2026-09-18","passed","2026-09-18","","Go Test","github.com/specterops/bloodhound/cmd/api/src/api/v2/TestResources_ListADComputerSQLAdmins","TestResources_ListADComputerSQLAdmins"
"","62","sets autoDisplayTable to true if query returns nodes only, searchType = cypher, and and enabled is true","useExploreTableAutoDisplay","2026-09-18","passed","2026-09-18","","","",""
"","2","returns paramValue if it is one of the expected values","useExploreParams","2026-09-18","passed","2026-09-18","","parseSearchType","",""
"Test cases for TestLoginSuccess","0","TestLoginSuccess","","2026-09-18","passed","2026-09-18","","Go Test","github.com/specterops/bloodhound/cmd/api/src/api/v2/auth/TestLoginSuccess","TestLoginSuccess"
"","152","handles close event","ImportQueryDialog","2026-09-18","passed","2026-09-18","","","",""
"","80","calls handleFilterChange with all filter types and empty strings when clicked while filters are active","AssetGroupEdit","2026-09-18","passed","2026-09-18","","Clear Filters button","",""
"","0","should ignore case when filtering","compareTerm","2026-09-18","passed","2026-09-18","","","",""
"","99","sets the table height from the number of fixed-height rows","ActiveExtensionsCard","2026-09-18","passed","2026-09-18","","","",""
"Test cases for TestResources_ListADDomainContainedOUs","0","TestResources_ListADDomainContainedOUs","","2026-09-18","passed","2026-09-18","","Go Test","github.com/specterops/bloodhound/cmd/api/src/api/v2/TestResources_ListADDomainContainedOUs","TestResources_ListADDomainContainedOUs"
"Test cases for TestOrphanFileSweeper_AddExpectedStoragePath","49","TestOrphanFileSweeper_AddExpectedStoragePath","","2026-09-18","passed","2026-09-18","","Go Test","github.com/specterops/bloodhound/cmd/api/src/daemons/datapipe/TestOrphanFileSweeper_AddExpectedStoragePath","TestOrphanFileSweeper_AddExpectedStoragePath"
"Test cases for TestMaybeSubmitRelationshipUpdate","0","TestMaybeSubmitRelationshipUpdate","","2026-09-18","passed","2026-09-18","","Go Test","github.com/specterops/bloodhound/cmd/api/src/services/graphify/TestMaybeSubmitRelationshipUpdate","TestMaybeSubmitRelationshipUpdate"
"Test cases for TestGHCLIIntegration","392","TestGHCLIIntegration","","2026-09-18","skipped","2026-09-18","","Go Test","github.com/specterops/bloodhound/packages/go/stbernard/dora/TestGHCLIIntegration","TestGHCLIIntegration"
"TestInterpretBatchSize tests batch size guidance","0","TestInterpretBatchSize","","2026-09-18","passed","2026-09-18","","Go Test","github.com/specterops/bloodhound/packages/go/stbernard/dora/TestInterpretBatchSize","TestInterpretBatchSize"
"","310","has date range input filters","FileIngestFilterDialog","2026-09-18","passed","2026-09-18","","Date Range Inputs","",""
"","0","A type was provided but no keyword follows the typed filter","Getting the text for the disabled item display for a search when there are no results","2026-09-18","passed","2026-09-18","","Empty data states","",""
"","2554","closes explore search tab menu and clears selected item when a cypher query returns multiple nodes","CypherSearch","2026-09-18","passed","2026-09-18","","Minimize explorer page elements when multiple nodes are returned","",""
"","69","renders a dismiss button that closes the snackbar by id","NotificationSnackbar","2026-09-18","passed","2026-09-18","","","",""
"","0","returns null for azure without an id","getStatsComponent","2026-09-18","passed","2026-09-18","","","",""
"","159","should render a nav element with logo, two lists, a version number and a powered by","MainNav","2026-09-18","passed","2026-09-18","","","",""
"Test cases for TestStringPointer","0","TestStringPointer","","2026-09-18","passed","2026-09-18","","Go Test","github.com/specterops/bloodhound/cmd/api/src/database/types/null/TestStringPointer","TestStringPointer"
"","0","adds OpenGraph types dynamically alongside the known types","getOpenGraphEnvironmentInfoMap","2026-09-18","passed","2026-09-18","","","",""
"Test cases for TestResources_GetGPOEntityInfo","0","TestResources_GetGPOEntityInfo","","2026-09-18","passed","2026-09-18","","Go Test","github.com/specterops/bloodhound/cmd/api/src/api/v2/TestResources_GetGPOEntityInfo","TestResources_GetGPOEntityInfo"
"Test cases for TestManagementResource_EnrollMFA","3721","TestManagementResource_EnrollMFA","","2026-09-18","passed","2026-09-18","","Go Test","github.com/specterops/bloodhound/cmd/api/src/api/v2/auth/TestManagementResource_EnrollMFA","TestManagementResource_EnrollMFA"
"Test cases for Test_hasCycle","0","Test_hasCycle","","2026-09-18","passed","2026-09-18","","Go Test","github.com/specterops/bloodhound/packages/go/lab/Test_hasCycle","Test_hasCycle"
"","39","sorts by node_kind_id as tertiary key when position and title are equal","KindInfoItems","2026-09-18","passed","2026-09-18","","","",""
"","3","matches all AD edges","Make sure pathfinding filterable edges match schemagen","2026-09-18","passed","2026-09-18","","","",""
"TestCalculateSAMLTimeExpiry verifies that CalculateSAMLTimeExpiry returns whichever IssueInstant + MaxIssueDelay is later.","0","TestCalculateSAMLTimeExpiry","","2026-09-18","passed","2026-09-18","","Go Test","github.com/specterops/bloodhound/cmd/api/src/services/saml/TestCalculateSAMLTimeExpiry","TestCalculateSAMLTimeExpiry"
"","35","passes an empty name to handleSourceNodeSelected when the node has no name","BasicObjectInfoFields related kind fields","2026-09-18","passed","2026-09-18","","'Federated Identity Credential Applica…'","",""
"Test cases for TestTracker_HasEdge_And_DeletedEdges","0","TestTracker_HasEdge_And_DeletedEdges","","2026-09-18","passed","2026-09-18","","Go Test","github.com/specterops/bloodhound/packages/go/analysis/post/TestTracker_HasEdge_And_DeletedEdges","TestTracker_HasEdge_And_DeletedEdges"
"","179","on clicking switch shows modal and when clicking cancel closes it and switch stays disabled","CitrixRDPConfiguration","2026-09-18","passed","2026-09-18","","Click on switch to enable","",""
"","27","calls setSelected with correct data on click","NoteCell component","2026-09-18","passed","2026-09-18","","","",""
"Test cases for TestFloatIsZero","0","TestFloatIsZero","","2026-09-18","passed","2026-09-18","","Go Test","github.com/specterops/bloodhound/cmd/api/src/database/types/null/TestFloatIsZero","TestFloatIsZero"
"Test cases for TestWriteErrorResponse_InvalidFormat","0","TestWriteErrorResponse_InvalidFormat","","2026-09-18","passed","2026-09-18","","Go Test","github.com/specterops/bloodhound/cmd/api/src/api/TestWriteErrorResponse_InvalidFormat","TestWriteErrorResponse_InvalidFormat"
"Test cases for TestMaybeSubmitNodeUpdate","0","TestMaybeSubmitNodeUpdate","","2026-09-18","passed","2026-09-18","","Go Test","github.com/specterops/bloodhound/cmd/api/src/services/graphify/TestMaybeSubmitNodeUpdate","TestMaybeSubmitNodeUpdate"
"","0","returns true if value is null","searchParams","2026-09-18","passed","2026-09-18","","isEmptyParam","",""
"","8","populates the cypher search field with the decoded query when the associated query params are set","useCypherSearch","2026-09-18","passed","2026-09-18","","","",""
"","1","stores a string value in localStorage","useLocalStorage","2026-09-18","passed","2026-09-18","","setValue","",""
"","6","should render a Field when the provided value is 0","Field","2026-09-18","passed","2026-09-18","","","",""
"Test cases for TestManagementResource_ListPermissions","0","TestManagementResource_ListPermissions","","2026-09-18","passed","2026-09-18","","Go Test","github.com/specterops/bloodhound/cmd/api/src/api/v2/auth/TestManagementResource_ListPermissions","TestManagementResource_ListPermissions"
"","976","when user performs a pathfinding search, the selection for the start node is carried over to the `search` tab","ExploreSearch interaction","2026-09-18","passed","2026-09-18","","","",""
"","324","should display Environmental Targeted Access Control panel when showEnvironmentAccessControls prop is true and user role is selected","CreateUserForm","2026-09-18","passed","2026-09-18","","","",""
"","2","returns true when the response contains relationship_id","isRelationshipResponse","2026-09-18","passed","2026-09-18","","","",""
"","44","links to the specified route with global params intact when triggered by a splat route","AppLink","2026-09-18","passed","2026-09-18","","","",""
"Test cases for TestResources_GetSearchResult","2","TestResources_GetSearchResult","","2026-09-18","passed","2026-09-18","","Go Test","github.com/specterops/bloodhound/cmd/api/src/api/v2/TestResources_GetSearchResult","TestResources_GetSearchResult"
"","44","should on clicking remove call clearSelectedItem","EdgeInfoHeader","2026-09-18","passed","2026-09-18","","","",""
"","74","defaults to wrapped and removes .wrapped class when unwrap btn is clicked","CodeController","2026-09-18","passed","2026-09-18","","","",""
"","28","returns the OpenGraph environmentInfo when environmentAggregation param is not a known type","useAvailableEnvironments","2026-09-18","passed","2026-09-18","","useSelectedEnvironment","",""
"","170","does not render an edit form for the selected asset group when a user does not have graph write permissions","GroupManagement","2026-09-18","passed","2026-09-18","","","",""
"","72","should display the ""My Profile"" title","UserProfile","2026-09-18","passed","2026-09-18","","","",""
"","113","adds node to asset group tag without confirmation","AssetGroupMenuItem","2026-09-18","passed","2026-09-18","","","",""
"","101","should disable the create provider button if the user lacks AUTH_MANAGE_PROVIDERS permission","SSOConfiguration","2026-09-18","passed","2026-09-18","","","",""
"","141","displays validation error messages when Save button is clicked and no form input is provided","PasswordDialog","2026-09-18","passed","2026-09-18","","","",""
"","273","opens nested sections and updates URL params correctly","EntityInfoDataTable","2026-09-18","passed","2026-09-18","","Node count for nested table that counts all sections","",""
"","3","returns bounds for text rendered to canvas","getLabelBoundsFromContext","2026-09-18","passed","2026-09-18","","","",""
"","1","stores an array value in localStorage","useLocalStorage","2026-09-18","passed","2026-09-18","","setValue","",""
"","130","should display error message when error prop is provided","UpdateUserDialog","2026-09-18","passed","2026-09-18","","","",""
"Test cases for TestLocalStore_PathSafety","10","TestLocalStore_PathSafety","","2026-09-18","passed","2026-09-18","","Go Test","github.com/specterops/bloodhound/packages/go/storage/TestLocalStore_PathSafety","TestLocalStore_PathSafety"
"","0","escapes multiple single quotes","escapeCypherString","2026-09-18","passed","2026-09-18","","","",""
"Test cases for TestCache_FillFifo","0","TestCache_FillFifo","","2026-09-18","passed","2026-09-18","","Go Test","github.com/specterops/bloodhound/packages/go/cache/TestCache_FillFifo","TestCache_FillFifo"
"","204","sets a primarySearch=id and searchType=pathfinding when secondarySearch is truethy","ContextMenu","2026-09-18","passed","2026-09-18","","","",""
"Test cases for TestService_GetNodeKind","0","TestService_GetNodeKind","","2026-09-18","passed","2026-09-18","","Go Test","github.com/specterops/bloodhound/server/extensions/internal/services/TestService_GetNodeKind","TestService_GetNodeKind"
"","3516","expand all button expands all sections after collapsing","Pathfinding","2026-09-18","passed","2026-09-18","","","",""
"","141","on clicking switch shows modal and when clicking confirm closes it and switch changes to enabled","CitrixRDPConfiguration","2026-09-18","passed","2026-09-18","","Click on switch to enable","",""
"Test cases for TestResources_GetContainerEntityInfo","210","TestResources_GetContainerEntityInfo","","2026-09-18","passed","2026-09-18","","Go Test","github.com/specterops/bloodhound/cmd/api/src/api/v2/TestResources_GetContainerEntityInfo","TestResources_GetContainerEntityInfo"
"","285","does fires TagToZoneDialog when the Zone option is clicked","TagToZoneLabel","2026-09-18","passed","2026-09-18","","","",""
"Test cases for TestQueries_BuildEntityQueryParams_InvalidLimit","0","TestQueries_BuildEntityQueryParams_InvalidLimit","","2026-09-18","passed","2026-09-18","","Go Test","github.com/specterops/bloodhound/cmd/api/src/queries/TestQueries_BuildEntityQueryParams_InvalidLimit","TestQueries_BuildEntityQueryParams_InvalidLimit"
"","226","calls onLayoutChange with the selected layout","GraphControls","2026-09-18","passed","2026-09-18","","Selecting a layout","",""
"Test cases for TestWriteAndValidateJSON_NormalizationError","2","TestWriteAndValidateJSON_NormalizationError","","2026-09-18","passed","2026-09-18","","Go Test","github.com/specterops/bloodhound/cmd/api/src/services/upload/TestWriteAndValidateJSON_NormalizationError","TestWriteAndValidateJSON_NormalizationError"
"Test cases for TestGetECAHostedChainedDomains_ForestHosting","0","TestGetECAHostedChainedDomains_ForestHosting","","2026-09-18","passed","2026-09-18","","Go Test","github.com/specterops/bloodhound/packages/go/analysis/ad/TestGetECAHostedChainedDomains_ForestHosting","TestGetECAHostedChainedDomains_ForestHosting"
"","60","renders enabled Label, Rule and Object tabs","Selected Details Tabs","2026-09-18","passed","2026-09-18","","Selected Details Tabs - Params present","",""
"","411","should not allow the input to exceed the allowed length","CreateUserForm","2026-09-18","passed","2026-09-18","","","",""
"","667","sets input text on date click","ManagedDatePicker - date validation","2026-09-18","passed","2026-09-18","","","",""
"","200","does fires TagToLabelDialog when the Label option is clicked","TagToZoneLabel","2026-09-18","passed","2026-09-18","","","",""
"","228","should display a ""Configure Multi-Factor Authentication"" modal","UserProfile","2026-09-18","passed","2026-09-18","","""Multi-Factor Authentication"" switch","",""
"","96","does not make feature-flag request if user is not fully authenticated","app","2026-09-18","passed","2026-09-18","","<Inner />","",""
"Test cases for TestNewFeatureFlagRequestAdapter","2","TestNewFeatureFlagRequestAdapter","","2026-09-18","passed","2026-09-18","","Go Test","github.com/specterops/bloodhound/server/featureflags/TestNewFeatureFlagRequestAdapter","TestNewFeatureFlagRequestAdapter"
"","0","should return an empty map when no tags or paths match","opsFilter","2026-09-18","passed","2026-09-18","","","",""
"Test cases for TestOpenGraphSchemaService_GetGraphSchemaExtensions","5","TestOpenGraphSchemaService_GetGraphSchemaExtensions","","2026-09-18","passed","2026-09-18","","Go Test","github.com/specterops/bloodhound/cmd/api/src/services/opengraphschema/TestOpenGraphSchemaService_GetGraphSchemaExtensions","TestOpenGraphSchemaService_GetGraphSchemaExtensions"
"Test cases for TestIsDeadlockError","0","TestIsDeadlockError","","2026-09-18","passed","2026-09-18","","Go Test","github.com/specterops/bloodhound/cmd/api/src/daemons/changelog/TestIsDeadlockError","TestIsDeadlockError"
"Test cases for Test_sortAndSliceResults_sorting","0","Test_sortAndSliceResults_sorting","","2026-09-18","passed","2026-09-18","","Go Test","github.com/specterops/bloodhound/cmd/api/src/queries/Test_sortAndSliceResults_sorting","Test_sortAndSliceResults_sorting"
"Test cases for TestResources_DeleteSavedQuery_RecordNotFound","2","TestResources_DeleteSavedQuery_RecordNotFound","","2026-09-18","passed","2026-09-18","","Go Test","github.com/specterops/bloodhound/cmd/api/src/api/v2/TestResources_DeleteSavedQuery_RecordNotFound","TestResources_DeleteSavedQuery_RecordNotFound"
"Test cases for TestManagementResource_EnableUserSAML","2","TestManagementResource_EnableUserSAML","","2026-09-18","passed","2026-09-18","","Go Test","github.com/specterops/bloodhound/cmd/api/src/api/v2/auth/TestManagementResource_EnableUserSAML","TestManagementResource_EnableUserSAML"
"","278","renders a list of asset group members","GroupManagement","2026-09-18","passed","2026-09-18","","","",""
"Test cases for TestResources_ListADUserSQLAdminRights","0","TestResources_ListADUserSQLAdminRights","","2026-09-18","passed","2026-09-18","","Go Test","github.com/specterops/bloodhound/cmd/api/src/api/v2/TestResources_ListADUserSQLAdminRights","TestResources_ListADUserSQLAdminRights"
"","33","returns the current media-query match on initial render","useMediaQuery","2026-09-18","passed","2026-09-18","","","",""
"","0","returns the difference between the node and the position","getNodeOffset","2026-09-18","passed","2026-09-18","","","",""
"","3941","Clicking header allows user to sort by column","ExploreTable","2026-09-18","passed","2026-09-18","","","",""
"","256","clears selected item when pathfinding search returns results","GraphView","2026-09-18","passed","2026-09-18","","","",""
"Test that the digester handles empty property lists gracefully","0","TestCacheEntryDigester_EmptyMatchers","","2026-09-18","passed","2026-09-18","","Go Test","github.com/specterops/bloodhound/cmd/api/src/services/graphify/endpoint/TestCacheEntryDigester_EmptyMatchers","TestCacheEntryDigester_EmptyMatchers"
"","638","does not show a warning for using labels associated with tags in label forms (also shows correct View in Explore link)","Rule Form","2026-09-18","passed","2026-09-18","","","",""
"Test cases for TestCORSMiddleware","0","TestCORSMiddleware","","2026-09-18","passed","2026-09-18","","Go Test","github.com/specterops/bloodhound/cmd/api/src/api/middleware/TestCORSMiddleware","TestCORSMiddleware"
"","30","invalidates the extensions and custom node kinds query keys when upload succeeds","useSchemaUploadHandlers","2026-09-18","passed","2026-09-18","","","",""
"Test cases for TestManagementResource_UpdateUser_GetUserError","1386","TestManagementResource_UpdateUser_GetUserError","","2026-09-18","passed","2026-09-18","","Go Test","github.com/specterops/bloodhound/cmd/api/src/api/v2/auth/TestManagementResource_UpdateUser_GetUserError","TestManagementResource_UpdateUser_GetUserError"
"","1","updates state when an external storage event is fired for the same key","useLocalStorage","2026-09-18","passed","2026-09-18","","storage event synchronisation","",""
"Test cases for TestFeatureFlagManager","0","TestFeatureFlagManager","","2026-09-18","passed","2026-09-18","","Go Test","github.com/specterops/bloodhound/cmd/api/src/daemons/changelog/TestFeatureFlagManager","TestFeatureFlagManager"
"","0","returns null for active-directory without an id","getStatsComponent","2026-09-18","passed","2026-09-18","","","",""
"","0","combines all filter types","filterAndSearchEnvironments","2026-09-18","passed","2026-09-18","","combined filters","",""
"Test cases for TestReconcile","0","TestReconcile","","2026-09-18","passed","2026-09-18","","Go Test","github.com/specterops/bloodhound/cmd/api/src/database/TestReconcile","TestReconcile"
"Test cases for TestResources_GetAssetGroupTagMemberInfo","2","TestResources_GetAssetGroupTagMemberInfo","","2026-09-18","passed","2026-09-18","","Go Test","github.com/specterops/bloodhound/cmd/api/src/api/v2/TestResources_GetAssetGroupTagMemberInfo","TestResources_GetAssetGroupTagMemberInfo"
"","474","should fire Confirm once with true after typing challenge text","DeleteConfirmationDialog","2026-09-18","passed","2026-09-18","","","",""
"Test cases for TestQueries_BuildEntityQueryParams_InvalidSkip","0","TestQueries_BuildEntityQueryParams_InvalidSkip","","2026-09-18","passed","2026-09-18","","Go Test","github.com/specterops/bloodhound/cmd/api/src/queries/TestQueries_BuildEntityQueryParams_InvalidSkip","TestQueries_BuildEntityQueryParams_InvalidSkip"
"","493","dark mode should persist between logging in and out","redux store","2026-09-18","passed","2026-09-18","","","",""
"","47","renders multiple items with test-ids","KindInfoItems","2026-09-18","passed","2026-09-18","","","",""
"","5","should render when search string is not found in the text","HighlightedText","2026-09-18","passed","2026-09-18","","","",""
"","87","updates value when a valid date typed","ManagedDatePicker - value","2026-09-18","passed","2026-09-18","","","",""
"","145","closes","ListItemActionMenu","2026-09-18","passed","2026-09-18","","","",""
"Test cases for TestStorageFileService_DeleteFileWithOptions_PrunesEmptyParentsWhenFileIsMissing","8","TestStorageFileService_DeleteFileWithOptions_PrunesEmptyParentsWhenFileIsMissing","","2026-09-18","passed","2026-09-18","","Go Test","github.com/specterops/bloodhound/packages/go/storage/TestStorageFileService_DeleteFileWithOptions_PrunesEmptyParentsWhenFileIsMissing","TestStorageFileService_DeleteFileWithOptions_PrunesEmptyParentsWhenFileIsMissing"
"Test cases for TestRequestWaitDuration_Negative","0","TestRequestWaitDuration_Negative","","2026-09-18","passed","2026-09-18","","Go Test","github.com/specterops/bloodhound/cmd/api/src/api/middleware/TestRequestWaitDuration_Negative","TestRequestWaitDuration_Negative"
"","0","matches all AZ edges","Make sure pathfinding filterable edges match schemagen","2026-09-18","passed","2026-09-18","","","",""
"Test cases for TestResources_DeleteAssetGroupSelector","1","TestResources_DeleteAssetGroupSelector","","2026-09-18","passed","2026-09-18","","Go Test","github.com/specterops/bloodhound/cmd/api/src/api/v2/TestResources_DeleteAssetGroupSelector","TestResources_DeleteAssetGroupSelector"
"","73","clicking cancel on the form takes the user back to the page the user was on previously","Tag Form","2026-09-18","passed","2026-09-18","","","",""
"Test cases for TestWriteJSON","0","TestWriteJSON","","2026-09-18","passed","2026-09-18","","Go Test","github.com/specterops/bloodhound/packages/go/responses/TestWriteJSON","TestWriteJSON"
"","83","links to the specified route with global params intact","AppLink","2026-09-18","passed","2026-09-18","","","",""
"","203","should render saml info provider","SSOProviderTable","2026-09-18","passed","2026-09-18","","","",""
"","36","does not fetch when no id is provided","useGetNodeById","2026-09-18","passed","2026-09-18","","","",""
"","2","succeeds for valid password","testPassword","2026-09-18","passed","2026-09-18","","","",""
"Test cases for TestStore_GetRelationship","0","TestStore_GetRelationship","","2026-09-18","passed","2026-09-18","","Go Test","github.com/specterops/bloodhound/server/graphdb/internal/appdb/TestStore_GetRelationship","TestStore_GetRelationship"
"Test cases for TestTracker_ConcurrentHasEdge","0","TestTracker_ConcurrentHasEdge","","2026-09-18","passed","2026-09-18","","Go Test","github.com/specterops/bloodhound/packages/go/analysis/post/TestTracker_ConcurrentHasEdge","TestTracker_ConcurrentHasEdge"
"","172","shows ""Select All"" when not all columns are selected","ManageColumnsComboBox","2026-09-18","passed","2026-09-18","","","",""
"","22","renders correctly when an unexpected nodeType is passed","NodeIcon","2026-09-18","passed","2026-09-18","","","",""
"","64","correctly handles the hygiene ID with value 0 by not omitting it in the params value even though 0 is falsey","usePZQueryParams","2026-09-18","passed","2026-09-18","","","",""
"Test cases for TestParseSkipQueryParameter","0","TestParseSkipQueryParameter","","2026-09-18","passed","2026-09-18","","Go Test","github.com/specterops/bloodhound/cmd/api/src/api/v2/TestParseSkipQueryParameter","TestParseSkipQueryParameter"
"Test cases for TestDefineSID","0","TestDefineSID","","2026-09-18","passed","2026-09-18","","Go Test","github.com/specterops/bloodhound/packages/go/analysis/ad/wellknown/TestDefineSID","TestDefineSID"
"Test cases for TestResources_ListAuditLogs_PredicateMismatchWithColumn","1","TestResources_ListAuditLogs_PredicateMismatchWithColumn","","2026-09-18","passed","2026-09-18","","Go Test","github.com/specterops/bloodhound/cmd/api/src/api/v2/TestResources_ListAuditLogs_PredicateMismatchWithColumn","TestResources_ListAuditLogs_PredicateMismatchWithColumn"
"Test cases for TestLocalStore_Put","12","TestLocalStore_Put","","2026-09-18","passed","2026-09-18","","Go Test","github.com/specterops/bloodhound/packages/go/storage/TestLocalStore_Put","TestLocalStore_Put"
"","72","should render all of the options as checkboxes","Checkbox group","2026-09-18","passed","2026-09-18","","","",""
"","0","fails for password without lowercase letters","testPassword","2026-09-18","passed","2026-09-18","","","",""
"","5","removes both filter parameters when setting the configured default selection","useMultiValueFilterParams","2026-09-18","passed","2026-09-18","","","",""
"Test cases for TestMoveFileBetweenServices","8","TestMoveFileBetweenServices","","2026-09-18","passed","2026-09-18","","Go Test","github.com/specterops/bloodhound/packages/go/storage/TestMoveFileBetweenServices","TestMoveFileBetweenServices"
"","5","dismisses a notification","AppNotifications","2026-09-18","passed","2026-09-18","","","",""
"","5","does not render the field when handleSourceNodeSelected is not provided","BasicObjectInfoFields related kind fields","2026-09-18","passed","2026-09-18","","'Linked Group ID'","",""
"","17","does not add a query param if the search term is empty","useNodeSearch","2026-09-18","passed","2026-09-18","","","",""
"","216","renders a hidden h1 with the text Explore for screen readers","GraphView","2026-09-18","passed","2026-09-18","","","",""
"","512","should not call onSubmit when expired password matches current password when reset password button clicked","PasswordResetForm","2026-09-18","passed","2026-09-18","","","",""
"","0","A type and keyword were provided but there were no results available","Getting the text for the disabled item display for a search when there are no results","2026-09-18","passed","2026-09-18","","Empty data states","",""
"","23","displays the distinguished name when present","SearchResultItem","2026-09-18","passed","2026-09-18","","","",""
"Test cases for TestCache_NewCache","1","TestCache_NewCache","","2026-09-18","passed","2026-09-18","","Go Test","github.com/specterops/bloodhound/packages/go/cache/TestCache_NewCache","TestCache_NewCache"
"","45","should display hidden node label for hidden node","EntityInfoHeader","2026-09-18","passed","2026-09-18","","","",""
"TestRegister verifies that routes.Register binds the GET /api/v2/relationships/{id}endpoint to the gorilla/mux router so that matching requests are dispatched correctly.","0","TestRegister","","2026-09-18","passed","2026-09-18","","Go Test","github.com/specterops/bloodhound/server/graphdb/internal/routes/TestRegister","TestRegister"
"Test cases for TestIntFrom","0","TestIntFrom","","2026-09-18","passed","2026-09-18","","Go Test","github.com/specterops/bloodhound/cmd/api/src/database/types/null/TestIntFrom","TestIntFrom"
"Test cases for TestRateLimitMiddleware","0","TestRateLimitMiddleware","","2026-09-18","passed","2026-09-18","","Go Test","github.com/specterops/bloodhound/cmd/api/src/api/middleware/TestRateLimitMiddleware","TestRateLimitMiddleware"
"","75","fetches node data when an id is provided","useGetNodeById","2026-09-18","passed","2026-09-18","","","",""
"","15","renders custom icon correctly","NodeIcon","2026-09-18","passed","2026-09-18","","","",""
"Test cases for TestBuildErrorResponseInternalServerError","0","TestBuildErrorResponseInternalServerError","","2026-09-18","passed","2026-09-18","","Go Test","github.com/specterops/bloodhound/cmd/api/src/api/TestBuildErrorResponseInternalServerError","TestBuildErrorResponseInternalServerError"
"","108","calls onClose when user clicks cancel","PasswordDialog","2026-09-18","passed","2026-09-18","","","",""
"Test cases for TestDrainAndDelete","0","TestDrainAndDelete","","2026-09-18","passed","2026-09-18","","Go Test","github.com/specterops/bloodhound/cmd/api/src/daemons/datapipe/TestDrainAndDelete","TestDrainAndDelete"
"Test cases for TestManagementResource_UpdateUser_DBError","1042","TestManagementResource_UpdateUser_DBError","","2026-09-18","passed","2026-09-18","","Go Test","github.com/specterops/bloodhound/cmd/api/src/api/v2/auth/TestManagementResource_UpdateUser_DBError","TestManagementResource_UpdateUser_DBError"
"Test cases for TestManagementResource_SAMLLoginRedirect","8","TestManagementResource_SAMLLoginRedirect","","2026-09-18","passed","2026-09-18","","Go Test","github.com/specterops/bloodhound/cmd/api/src/api/v2/auth/TestManagementResource_SAMLLoginRedirect","TestManagementResource_SAMLLoginRedirect"
"Test cases for TestMarshalTime","0","TestMarshalTime","","2026-09-18","passed","2026-09-18","","Go Test","github.com/specterops/bloodhound/cmd/api/src/database/types/null/TestMarshalTime","TestMarshalTime"
"","61","shows the search panel when isCurrentSearchOpen is true","GraphControls","2026-09-18","passed","2026-09-18","","Searching current results","",""
"Test cases for TestManagementResource_ListSAMLProviders","4","TestManagementResource_ListSAMLProviders","","2026-09-18","passed","2026-09-18","","Go Test","github.com/specterops/bloodhound/cmd/api/src/api/v2/auth/TestManagementResource_ListSAMLProviders","TestManagementResource_ListSAMLProviders"
"Test cases for TestPagingParseAndValidate_Parsing","0","TestPagingParseAndValidate_Parsing","","2026-09-18","passed","2026-09-18","","Go Test","github.com/specterops/bloodhound/packages/go/params/TestPagingParseAndValidate_Parsing","TestPagingParseAndValidate_Parsing"
"","42","does not display notification when user has GRAPH_DB_INGEST_MANAGE permission","FileIngest","2026-09-18","passed","2026-09-18","","","",""
"","12","renders the LabelSelector when available and on a Label page","TagSelector","2026-09-18","passed","2026-09-18","","","",""
"","177","renders","ObjectsAccordion","2026-09-18","passed","2026-09-18","","","",""
"Test cases for TestResources_OpenGraphSchemaIngest","5","TestResources_OpenGraphSchemaIngest","","2026-09-18","passed","2026-09-18","","Go Test","github.com/specterops/bloodhound/cmd/api/src/api/v2/TestResources_OpenGraphSchemaIngest","TestResources_OpenGraphSchemaIngest"
"Test cases for TestAddOrderByToNeo4jQuery_NoOrderByClause","0","TestAddOrderByToNeo4jQuery_NoOrderByClause","","2026-09-18","passed","2026-09-18","","Go Test","github.com/specterops/bloodhound/cmd/api/src/api/v2/TestAddOrderByToNeo4jQuery_NoOrderByClause","TestAddOrderByToNeo4jQuery_NoOrderByClause"
"","0","calls transformToFlatGraphResponse when graphData matches GraphResponse interface","normalizeGraphDataForSigma","2026-09-18","passed","2026-09-18","","","",""
"","62","returns a map of user id to principal_name when the user can read users","useUserNamesById","2026-09-18","passed","2026-09-18","","","",""
"Test cases for TestManagementResource_ListPermissions_PredicateMismatchWithColumn","0","TestManagementResource_ListPermissions_PredicateMismatchWithColumn","","2026-09-18","passed","2026-09-18","","Go Test","github.com/specterops/bloodhound/cmd/api/src/api/v2/auth/TestManagementResource_ListPermissions_PredicateMismatchWithColumn","TestManagementResource_ListPermissions_PredicateMismatchWithColumn"
"TestOpenGraphSchemaService_UpsertGraphSchemaExtension -","5","TestOpenGraphSchemaService_UpsertGraphSchemaExtension","","2026-09-18","passed","2026-09-18","","Go Test","github.com/specterops/bloodhound/cmd/api/src/services/opengraphschema/TestOpenGraphSchemaService_UpsertGraphSchemaExtension","TestOpenGraphSchemaService_UpsertGraphSchemaExtension"
"Test cases for TestLocalStore_Delete","11","TestLocalStore_Delete","","2026-09-18","passed","2026-09-18","","Go Test","github.com/specterops/bloodhound/packages/go/storage/TestLocalStore_Delete","TestLocalStore_Delete"
"","120","sums nested section node counts","EntityInfoDataTableGraphed","2026-09-18","passed","2026-09-18","","Node count for nested table that counts all sections","",""
"","259","renders an empty message for the entity panel before a node is selected","GroupManagement","2026-09-18","passed","2026-09-18","","","",""
"","61","prioritizes a display kind over source and tag kinds regardless of order","usePrimaryKind","2026-09-18","passed","2026-09-18","","","",""
"Test cases for TestWriteError","0","TestWriteError","","2026-09-18","passed","2026-09-18","","Go Test","github.com/specterops/bloodhound/packages/go/responses/TestWriteError","TestWriteError"
"Test cases for TestConvertAzureManagementGroupContributorToRels","0","TestConvertAzureManagementGroupContributorToRels","","2026-09-18","passed","2026-09-18","","Go Test","github.com/specterops/bloodhound/packages/go/ein/TestConvertAzureManagementGroupContributorToRels","TestConvertAzureManagementGroupContributorToRels"
"Test cases for TestRequiredValidator","0","TestRequiredValidator","","2026-09-18","passed","2026-09-18","","Go Test","github.com/specterops/bloodhound/cmd/api/src/utils/validation/TestRequiredValidator","TestRequiredValidator"
"","80","does not trigger search for fewer than 3 characters","SearchBar","2026-09-18","passed","2026-09-18","","","",""
"Test cases for Test_ParseGraphSortParameters_InvalidSortColumn","0","Test_ParseGraphSortParameters_InvalidSortColumn","","2026-09-18","passed","2026-09-18","","Go Test","github.com/specterops/bloodhound/cmd/api/src/api/Test_ParseGraphSortParameters_InvalidSortColumn","Test_ParseGraphSortParameters_InvalidSortColumn"
"","339","displays correct content based on platform filter AD","CommonSearches","2026-09-18","passed","2026-09-18","","","",""
"","57","renders and navigates to the Computer linked from a SiteServer through ServerIs","EntityObjectInformation","2026-09-18","passed","2026-09-18","","","",""
"Test cases for TestContextMiddleware_InvalidWait","0","TestContextMiddleware_InvalidWait","","2026-09-18","passed","2026-09-18","","Go Test","github.com/specterops/bloodhound/cmd/api/src/api/middleware/TestContextMiddleware_InvalidWait","TestContextMiddleware_InvalidWait"
"","62","returns a function that looks up a user display name by id","useGetUserNameById","2026-09-18","passed","2026-09-18","","","",""
"","3","shows the collection methods for the given job","toCollected","2026-09-18","passed","2026-09-18","","","",""
"","310","when a search result is clicked it calls `handleNodeSelected`","ExploreSearchCombobox","2026-09-18","passed","2026-09-18","","","",""
"","73","applies the given filters","useFinishedJobs","2026-09-18","passed","2026-09-18","","","",""
"Test cases for TestResources_EndIngestJob","80","TestResources_EndIngestJob","","2026-09-18","passed","2026-09-18","","Go Test","github.com/specterops/bloodhound/cmd/api/src/api/v2/TestResources_EndIngestJob","TestResources_EndIngestJob"
"Test cases for TestStore_GetRole","0","TestStore_GetRole","","2026-09-18","passed","2026-09-18","","Go Test","github.com/specterops/bloodhound/server/identity/internal/appdb/TestStore_GetRole","TestStore_GetRole"
"Test cases for TestAuditLogin","0","TestAuditLogin","","2026-09-18","passed","2026-09-18","","Go Test","github.com/specterops/bloodhound/cmd/api/src/api/TestAuditLogin","TestAuditLogin"
"Test cases for TestSignRequestValuesUnsupportedHMACMethod","0","TestSignRequestValuesUnsupportedHMACMethod","","2026-09-18","passed","2026-09-18","","Go Test","github.com/specterops/bloodhound/cmd/api/src/api/TestSignRequestValuesUnsupportedHMACMethod","TestSignRequestValuesUnsupportedHMACMethod"
"Test cases for TestSetFontIcon","1","TestSetFontIcon","","2026-09-18","passed","2026-09-18","","Go Test","github.com/specterops/bloodhound/cmd/api/src/api/bloodhoundgraph/TestSetFontIcon","TestSetFontIcon"
"","486","Download button opens a menu and selecting ""Selected Columns"" calls json2csv with selected columns only","ExploreTable","2026-09-18","passed","2026-09-18","","","",""
"Test cases for TestResources_UpdateSavedQuery_GetSavedQueryError","0","TestResources_UpdateSavedQuery_GetSavedQueryError","","2026-09-18","passed","2026-09-18","","Go Test","github.com/specterops/bloodhound/cmd/api/src/api/v2/TestResources_UpdateSavedQuery_GetSavedQueryError","TestResources_UpdateSavedQuery_GetSavedQueryError"
"","594","should display a dropdown when a user types a partial query that can be autocompleted","CypherSearch","2026-09-18","passed","2026-09-18","","","",""
"Test cases for TestParseAssetGroupTagIdParams","373","TestParseAssetGroupTagIdParams","","2026-09-18","passed","2026-09-18","","Go Test","github.com/specterops/bloodhound/cmd/api/src/api/TestParseAssetGroupTagIdParams","TestParseAssetGroupTagIdParams"
"","1","does not add optional filters if not present","createHistoryParams","2026-09-18","passed","2026-09-18","","","",""
"","167","allows a user to upload a single file and displays its name in the dialog","SchemaUploadDialog","2026-09-18","passed","2026-09-18","","","",""
"","1","does not fetch more data while a page is already fetching","useInfiniteScroll","2026-09-18","passed","2026-09-18","","","",""
"","2","announces a message with assertive priority","AnnouncementProvider","2026-09-18","passed","2026-09-18","","","",""
"","5","sorts and dedupes the values in the configured default selection","useMultiValueFilterParams","2026-09-18","passed","2026-09-18","","","",""
"","0","reports when API error response has errors array","handleError","2026-09-18","passed","2026-09-18","","","",""
"","303","filters by the selected status","FileIngestFilterDialog","2026-09-18","passed","2026-09-18","","Status Select","",""
"","128","displays error if delete button is clicked when no checkbox is selected","DatabaseManagement","2026-09-18","passed","2026-09-18","","","",""
"Test cases for TestAddOrderByToNeo4jQuery_WithOrderByClause","0","TestAddOrderByToNeo4jQuery_WithOrderByClause","","2026-09-18","passed","2026-09-18","","Go Test","github.com/specterops/bloodhound/cmd/api/src/api/v2/TestAddOrderByToNeo4jQuery_WithOrderByClause","TestAddOrderByToNeo4jQuery_WithOrderByClause"
"","56","should display the ""Authentication"" header","UserProfile","2026-09-18","passed","2026-09-18","","","",""
"","86","should display","GenericErrorBoundaryFallback","2026-09-18","passed","2026-09-18","","","",""
"","50","shows the empty form message when Object Rule Form is empty","Seed Selection Results","2026-09-18","passed","2026-09-18","","","",""
"","277","should not have less characters than the minimum requirement","UpdateUserForm","2026-09-18","passed","2026-09-18","","","",""
"Test cases for TestManagementResource_ListUsers_PredicateMismatchWithColumn","0","TestManagementResource_ListUsers_PredicateMismatchWithColumn","","2026-09-18","passed","2026-09-18","","Go Test","github.com/specterops/bloodhound/cmd/api/src/api/v2/auth/TestManagementResource_ListUsers_PredicateMismatchWithColumn","TestManagementResource_ListUsers_PredicateMismatchWithColumn"
"Test cases for TestService_FilterEnvironmentsByAccess","1","TestService_FilterEnvironmentsByAccess","","2026-09-18","passed","2026-09-18","","Go Test","github.com/specterops/bloodhound/server/etac/internal/services/TestService_FilterEnvironmentsByAccess","TestService_FilterEnvironmentsByAccess"
"Test cases for TestResources_SearchHandler","2","TestResources_SearchHandler","","2026-09-18","passed","2026-09-18","","Go Test","github.com/specterops/bloodhound/cmd/api/src/api/v2/TestResources_SearchHandler","TestResources_SearchHandler"
"Test cases for TestResources_ListADUserSessions","4","TestResources_ListADUserSessions","","2026-09-18","passed","2026-09-18","","Go Test","github.com/specterops/bloodhound/cmd/api/src/api/v2/TestResources_ListADUserSessions","TestResources_ListADUserSessions"
"","39","when `selectedItem` is provided, the combobox displays the icon","icon rendering","2026-09-18","passed","2026-09-18","","","",""
"Test cases for TestResources_ListTrustedCAs","1","TestResources_ListTrustedCAs","","2026-09-18","passed","2026-09-18","","Go Test","github.com/specterops/bloodhound/cmd/api/src/api/v2/TestResources_ListTrustedCAs","TestResources_ListTrustedCAs"
"","397","disables any available button toggles if the user lacks the permission","EarlyAccessFeatures","2026-09-18","passed","2026-09-18","","","",""
"Test cases for TestDisenrollMFA_Failure","1","TestDisenrollMFA_Failure","","2026-09-18","passed","2026-09-18","","Go Test","github.com/specterops/bloodhound/cmd/api/src/api/v2/auth/TestDisenrollMFA_Failure","TestDisenrollMFA_Failure"
"","58","returns the full environment for the environmentid passed","useAvailableEnvironments","2026-09-18","passed","2026-09-18","","useSelectedEnvironment","",""
"","0","returns a none selection when no options are selected","getNextSelection","2026-09-18","passed","2026-09-18","","","",""
"","0","returns disabled config when any required param is falsey","useExploreGraph","2026-09-18","passed","2026-09-18","relationship search queries","exploreGraphQueryFactory","",""
"","36","displays an error message while fetching fails","ActiveExtensionsCard","2026-09-18","passed","2026-09-18","","","",""
"","100","renders an accessible trigger button labeled by the label prop","GraphMenu","2026-09-18","passed","2026-09-18","","","",""
"Test cases for TestManagementResource_DeleteSAMLProvider","0","TestManagementResource_DeleteSAMLProvider","","2026-09-18","passed","2026-09-18","","Go Test","github.com/specterops/bloodhound/cmd/api/src/api/v2/auth/TestManagementResource_DeleteSAMLProvider","TestManagementResource_DeleteSAMLProvider"
"","83","renders the list item","SearchResultItem","2026-09-18","passed","2026-09-18","","","",""
"","578","should disable save button while input is empty","SaveQueryDialog","2026-09-18","passed","2026-09-18","","","",""
"","2","should compute normal vectors for line segments","bezier","2026-09-18","passed","2026-09-18","","","",""
"","273","calls the passed in select handler when clicking the Confirm button","Glyph Select Dialog","2026-09-18","passed","2026-09-18","","","",""
"","45","calls the onReset prop when the crop button is clicked","GraphControls","2026-09-18","passed","2026-09-18","","Resetting graph","",""
"","292","supports keyboard open and close, restoring focus to the trigger","GraphMenu","2026-09-18","passed","2026-09-18","","","",""
"","36","does not throw a React useRef error when a property is named ""ref""","EntityObjectInformation","2026-09-18","passed","2026-09-18","","","",""
"TestMigrator_GenerateManifestAfterVersion builds upon the GenerateManifest testby starting from different version points and spot checking migration counts.","0","TestMigrator_GenerateManifestAfterVersion","","2026-09-18","passed","2026-09-18","","Go Test","github.com/specterops/bloodhound/cmd/api/src/database/migration/TestMigrator_GenerateManifestAfterVersion","TestMigrator_GenerateManifestAfterVersion"
"","43","passes an empty name to handleSourceNodeSelected when the node has no name","BasicObjectInfoFields related kind fields","2026-09-18","passed","2026-09-18","","'Service Principal ID'","",""
"Test cases for TestResources_ListADComputerConstrainedDelegationUsers","3","TestResources_ListADComputerConstrainedDelegationUsers","","2026-09-18","passed","2026-09-18","","Go Test","github.com/specterops/bloodhound/cmd/api/src/api/v2/TestResources_ListADComputerConstrainedDelegationUsers","TestResources_ListADComputerConstrainedDelegationUsers"
"","5","renders TenantInfo for a collected azure environment","getStatsComponent","2026-09-18","passed","2026-09-18","","","",""
"","11","displays a status label","StatusIndicator","2026-09-18","passed","2026-09-18","","","",""
"","283","clears the applied filter","FileIngestFilterDialog","2026-09-18","passed","2026-09-18","","Status Select","",""
"","1217","hides the password field and removes the requirement when logged in with SSO","Users","2026-09-18","passed","2026-09-18","","","",""
"Test cases for TestExtractExtensionDataFromJSON","1","TestExtractExtensionDataFromJSON","","2026-09-18","passed","2026-09-18","","Go Test","github.com/specterops/bloodhound/cmd/api/src/api/v2/TestExtractExtensionDataFromJSON","TestExtractExtensionDataFromJSON"
"","33","renders the title passed via title prop","ColumnHeaders","2026-09-18","passed","2026-09-18","","SortableHeader","",""
"","10","should be aligned to right of screen","GenericErrorBoundaryFallback","2026-09-18","passed","2026-09-18","","","",""
"Test cases for TestEncodingInterface","0","TestEncodingInterface","","2026-09-18","passed","2026-09-18","","Go Test","github.com/specterops/bloodhound/packages/go/bomenc/TestEncodingInterface","TestEncodingInterface"
"","362","navigates to object details when clicking an object row","ObjectsAccordion","2026-09-18","passed","2026-09-18","","","",""
"Test cases for TestManagementResource_ListUsers_Filtered","1","TestManagementResource_ListUsers_Filtered","","2026-09-18","passed","2026-09-18","","Go Test","github.com/specterops/bloodhound/cmd/api/src/api/v2/auth/TestManagementResource_ListUsers_Filtered","TestManagementResource_ListUsers_Filtered"
"","11","tag members refetches on environment change","the useAssetGroupTags utilities","2026-09-18","passed","2026-09-18","","","",""
"Test cases for TestStore_GetNode","1","TestStore_GetNode","","2026-09-18","passed","2026-09-18","","Go Test","github.com/specterops/bloodhound/server/graphdb/internal/appdb/TestStore_GetNode","TestStore_GetNode"
"","12","the ID value reflects the URL when it is available","usePZQueryParams","2026-09-18","passed","2026-09-18","","","",""
"","20","shows ""Unknown"" when no name or id fields are available","InfiniteScrollingTable","2026-09-18","passed","2026-09-18","","","",""
"","240","displays default text for domain selector when globalDomain is null","GroupManagement","2026-09-18","passed","2026-09-18","","","",""
"Test cases for FuzzFoldr","0","FuzzFoldr","","2026-09-18","passed","2026-09-18","","Go Test","github.com/specterops/bloodhound/packages/go/slicesext/FuzzFoldr","FuzzFoldr"
"Test cases for TestInt64From","0","TestInt64From","","2026-09-18","passed","2026-09-18","","Go Test","github.com/specterops/bloodhound/cmd/api/src/database/types/null/TestInt64From","TestInt64From"
"","26","upon selecting a source and destination node, updates the URL with a searchType of 'pathfinding' and the object ids for the source and destination nodes","usePathfindingSearch","2026-09-18","passed","2026-09-18","","","",""
"","0","returns empty array when combined filters match nothing","filterAndSearchEnvironments","2026-09-18","passed","2026-09-18","","combined filters","",""
"Test cases for TestManagementResource_GetSAMLProvider","16","TestManagementResource_GetSAMLProvider","","2026-09-18","passed","2026-09-18","","Go Test","github.com/specterops/bloodhound/cmd/api/src/api/v2/auth/TestManagementResource_GetSAMLProvider","TestManagementResource_GetSAMLProvider"
"","6","keeps multiple media queries independent","useMediaQuery","2026-09-18","passed","2026-09-18","","","",""
"","5","disables the upload button when the user does not have manage ingest permission","File Upload","2026-09-18","passed","2026-09-18","","","",""
"","70","allows a consumer to swap the values of the two inputs and update the query params accordingly","usePathfindingSearch","2026-09-18","passed","2026-09-18","","","",""
"Test cases for TestVersion_GreaterThan","0","TestVersion_GreaterThan","","2026-09-18","passed","2026-09-18","","Go Test","github.com/specterops/bloodhound/cmd/api/src/version/TestVersion_GreaterThan","TestVersion_GreaterThan"
"Test cases for TestResources_UpdateAssetGroupTag","4","TestResources_UpdateAssetGroupTag","","2026-09-18","passed","2026-09-18","","Go Test","github.com/specterops/bloodhound/cmd/api/src/api/v2/TestResources_UpdateAssetGroupTag","TestResources_UpdateAssetGroupTag"
"","337","renders the form for creating a new zone","Tag Form","2026-09-18","passed","2026-09-18","","","",""
"","1","preserves explicitly set empty arrays, empty strings, and null values","Formatting object information fields","2026-09-18","passed","2026-09-18","","","",""
"","40","forwards the variant to the underlying Alert styling","NotificationSnackbar","2026-09-18","passed","2026-09-18","","","",""
"","47","keeps the drop zone as the hit target for decorative children","FileDrop","2026-09-18","passed","2026-09-18","","","",""
"","123","on clicking switch shows modal and when clicking cancel closes it and switch stays enabled","CitrixRDPConfiguration","2026-09-18","passed","2026-09-18","","Click on switch to disable","",""
"","7","renders Owned text by default when no Label Selector is available and on a Label page","TagSelector","2026-09-18","passed","2026-09-18","","","",""
"Test cases for TestTextUnmarshalFloat","0","TestTextUnmarshalFloat","","2026-09-18","passed","2026-09-18","","Go Test","github.com/specterops/bloodhound/cmd/api/src/database/types/null/TestTextUnmarshalFloat","TestTextUnmarshalFloat"
"","207","renders icons as expected","DropdownSelector","2026-09-18","passed","2026-09-18","","","",""
"","461","should call onSubmit when input is valid and Submit button is clicked","UpsertSAMLProviderForm","2026-09-18","passed","2026-09-18","","","",""
"","1","does not overwrite an existing localStorage value with initialValue","useLocalStorage","2026-09-18","passed","2026-09-18","","initial value","",""
"Test cases for TestDispatchAnalysisSteps","1","TestDispatchAnalysisSteps","","2026-09-18","passed","2026-09-18","","Go Test","github.com/specterops/bloodhound/packages/go/analysis/TestDispatchAnalysisSteps","TestDispatchAnalysisSteps"
"","6","sets descending sort state for a new sorted column","useSortParams","2026-09-18","passed","2026-09-18","","","",""
"","35","displays no data message when there are no extensions","ActiveExtensionsCard","2026-09-18","passed","2026-09-18","","","",""
"","908","displays a list of available sharphound and azurehound files to download","DownloadCollectors","2026-09-18","passed","2026-09-18","","","",""
"Test cases for TestNormalizeToUTF8_LargeInput","0","TestNormalizeToUTF8_LargeInput","","2026-09-18","passed","2026-09-18","","Go Test","github.com/specterops/bloodhound/packages/go/bomenc/TestNormalizeToUTF8_LargeInput","TestNormalizeToUTF8_LargeInput"
"","309","should accept passwords with emojis","CreateUserForm","2026-09-18","passed","2026-09-18","","","",""
"Test cases for TestStorageFileService_DeleteFile_PreservesEmptyParent","8","TestStorageFileService_DeleteFile_PreservesEmptyParent","","2026-09-18","passed","2026-09-18","","Go Test","github.com/specterops/bloodhound/packages/go/storage/TestStorageFileService_DeleteFile_PreservesEmptyParent","TestStorageFileService_DeleteFile_PreservesEmptyParent"
"Test cases for TestResources_GetAssetGroupTagMemberCountsByKind","1","TestResources_GetAssetGroupTagMemberCountsByKind","","2026-09-18","passed","2026-09-18","","Go Test","github.com/specterops/bloodhound/cmd/api/src/api/v2/TestResources_GetAssetGroupTagMemberCountsByKind","TestResources_GetAssetGroupTagMemberCountsByKind"
"","181","disables the create provider button for a user with the auditor role","SSOConfiguration","2026-09-18","passed","2026-09-18","","","",""
"","5","omits sections whose items are all filtered out","useSubNavRoutes","2026-09-18","passed","2026-09-18","","","",""
"","226","displays a “Disable query timeout” checkbox when timeout limit param config is enabled false","ExploreSearch interaction","2026-09-18","passed","2026-09-18","","","",""
"Test cases for TestService_GetRelationship_ReturnsAccessDeniedForEndpoint","0","TestService_GetRelationship_ReturnsAccessDeniedForEndpoint","","2026-09-18","passed","2026-09-18","","Go Test","github.com/specterops/bloodhound/server/graphdb/internal/services/TestService_GetRelationship_ReturnsAccessDeniedForEndpoint","TestService_GetRelationship_ReturnsAccessDeniedForEndpoint"
"Test cases for Test_ParseSortParameters","0","Test_ParseSortParameters","","2026-09-18","passed","2026-09-18","","Go Test","github.com/specterops/bloodhound/cmd/api/src/api/Test_ParseSortParameters","Test_ParseSortParameters"
"","1","prevents Sigma defaults events","preventAllDefaults","2026-09-18","passed","2026-09-18","","","",""
"Test cases for TestService_GetAllFlags","3","TestService_GetAllFlags","","2026-09-18","passed","2026-09-18","","Go Test","github.com/specterops/bloodhound/server/featureflags/internal/services/TestService_GetAllFlags","TestService_GetAllFlags"
"Test cases for TestHandleDatabaseError","0","TestHandleDatabaseError","","2026-09-18","passed","2026-09-18","","Go Test","github.com/specterops/bloodhound/cmd/api/src/api/TestHandleDatabaseError","TestHandleDatabaseError"
"","59","excludes API edges that are associated with one of our built-in schema types","useEdgeCategories","2026-09-18","passed","2026-09-18","","","",""
"Test cases for TestEnsureServerDirectoriesCreatesRequiredDirectories","1","TestEnsureServerDirectoriesCreatesRequiredDirectories","","2026-09-18","passed","2026-09-18","","Go Test","github.com/specterops/bloodhound/cmd/api/src/bootstrap/TestEnsureServerDirectoriesCreatesRequiredDirectories","TestEnsureServerDirectoriesCreatesRequiredDirectories"
"","175","calls exportToJson util when valid non a empty object is passed as the jsonData prop","GraphControls","2026-09-18","passed","2026-09-18","","Exporting json","",""
"","27","should filter properties that we do not want to display in the entity panel","ObjectInfoFields","2026-09-18","passed","2026-09-18","","","",""
"Test cases for TestDomainSelectors_GetValidFilterPredicatesAsStrings","0","TestDomainSelectors_GetValidFilterPredicatesAsStrings","","2026-09-18","passed","2026-09-18","","Go Test","github.com/specterops/bloodhound/cmd/api/src/model/TestDomainSelectors_GetValidFilterPredicatesAsStrings","TestDomainSelectors_GetValidFilterPredicatesAsStrings"
"","1","returns undefined for headers when db config timeout limit setting is disabled and state of is disable query limit is false","useExploreGraph","2026-09-18","passed","2026-09-18","userSettings","exploreGraphQueryFactory","",""
"Test cases for TestClearCache_HA","0","TestClearCache_HA","","2026-09-18","passed","2026-09-18","","Go Test","github.com/specterops/bloodhound/cmd/api/src/daemons/changelog/TestClearCache_HA","TestClearCache_HA"
"","32","shows the direct object list and expanded object list empty, when only direct objects in results","Seed Selection Results","2026-09-18","passed","2026-09-18","","","",""
"","1","receives the current stored value as the previous state","useLocalStorage","2026-09-18","passed","2026-09-18","","functional updater","",""
"","2070","should open edge filtering dialog","EdgeFilter","2026-09-18","passed","2026-09-18","","","",""
"","12","whencreated","Handling value formatting for Active Directory entity properties lastlogon, lastlogontimestamp, whencreated, and pwdlastset","2026-09-18","passed","2026-09-18","","","",""
"","74","displays pinned columns and unselected columns in the dropdown","ManageColumnsComboBox","2026-09-18","passed","2026-09-18","","","",""
"","53","should display ""Password"" input","Enable2FADialog","2026-09-18","passed","2026-09-18","","","",""
"Test cases for TestManagementResource_DeleteUser_Success","1200","TestManagementResource_DeleteUser_Success","","2026-09-18","passed","2026-09-18","","Go Test","github.com/specterops/bloodhound/cmd/api/src/api/v2/auth/TestManagementResource_DeleteUser_Success","TestManagementResource_DeleteUser_Success"
"","5","hides items when the user is missing a required permission","useSubNavRoutes","2026-09-18","passed","2026-09-18","","permissions gate","",""
"Test cases for TestIntFromPtr","1","TestIntFromPtr","","2026-09-18","passed","2026-09-18","","Go Test","github.com/specterops/bloodhound/cmd/api/src/database/types/null/TestIntFromPtr","TestIntFromPtr"
"Test cases for TestDomainSelectors_GetFilterCriteria_Domain","0","TestDomainSelectors_GetFilterCriteria_Domain","","2026-09-18","passed","2026-09-18","","Go Test","github.com/specterops/bloodhound/cmd/api/src/model/TestDomainSelectors_GetFilterCriteria_Domain","TestDomainSelectors_GetFilterCriteria_Domain"
"Test cases for TestOpenGraphSchemaService_DeleteExtension","3","TestOpenGraphSchemaService_DeleteExtension","","2026-09-18","passed","2026-09-18","","Go Test","github.com/specterops/bloodhound/cmd/api/src/services/opengraphschema/TestOpenGraphSchemaService_DeleteExtension","TestOpenGraphSchemaService_DeleteExtension"
"","0","should return true when value partially matches term","compareTerm","2026-09-18","passed","2026-09-18","","","",""
"Test cases for TestStore_Stat","13","TestStore_Stat","","2026-09-18","passed","2026-09-18","","Go Test","github.com/specterops/bloodhound/packages/go/storage/TestStore_Stat","TestStore_Stat"
"Test cases for Test_filterAndFormatSearchResults_filterEnvironments_tenantIDFail","0","Test_filterAndFormatSearchResults_filterEnvironments_tenantIDFail","","2026-09-18","passed","2026-09-18","","Go Test","github.com/specterops/bloodhound/cmd/api/src/api/v2/Test_filterAndFormatSearchResults_filterEnvironments_tenantIDFail","Test_filterAndFormatSearchResults_filterEnvironments_tenantIDFail"
"Test cases for TestParseVersion","0","TestParseVersion","","2026-09-18","passed","2026-09-18","","Go Test","github.com/specterops/bloodhound/cmd/api/src/version/TestParseVersion","TestParseVersion"
"","720","allows switching between the Zones and Labels tabs","Zone Management","2026-09-18","passed","2026-09-18","","","",""
"Test cases for TestResources_CreateSavedQuery_DuplicateName","0","TestResources_CreateSavedQuery_DuplicateName","","2026-09-18","passed","2026-09-18","","Go Test","github.com/specterops/bloodhound/cmd/api/src/api/v2/TestResources_CreateSavedQuery_DuplicateName","TestResources_CreateSavedQuery_DuplicateName"
"","114","should render tag to Label content","TagToZoneLabelDialog","2026-09-18","passed","2026-09-18","","","",""
"","123","shows all checked boxes","GraphDataCheckboxes","2026-09-18","passed","2026-09-18","","","",""
"","63","when there is no ID in the URL the highest position tag ID is returned","usePZQueryParams","2026-09-18","passed","2026-09-18","","","",""
"Test cases for TestResources_ExportSavedQueries","7","TestResources_ExportSavedQueries","","2026-09-18","passed","2026-09-18","","Go Test","github.com/specterops/bloodhound/cmd/api/src/api/v2/TestResources_ExportSavedQueries","TestResources_ExportSavedQueries"
"Test cases for TestUpload_WriteAndValidateFile","1","TestUpload_WriteAndValidateFile","","2026-09-18","passed","2026-09-18","","Go Test","github.com/specterops/bloodhound/cmd/api/src/services/upload/TestUpload_WriteAndValidateFile","TestUpload_WriteAndValidateFile"
"","12","renders disabled prop when flag is not enabled","FeatureFlag","2026-09-18","passed","2026-09-18","","","",""
"","359","should display CreateUserTokenDialog","UserTokenManagementDialog","2026-09-18","passed","2026-09-18","","when user clicks ""Create Token"" button","",""
"","223","renders a graph if the query has any node edges","GraphView","2026-09-18","passed","2026-09-18","","","",""
"","4","safely handles removing nonexistent key","useObjectState","2026-09-18","passed","2026-09-18","","","",""
"","38","renders a ListItemActionMenu component","ListItemActionMenu","2026-09-18","passed","2026-09-18","","","",""
"Test cases for TestResources_ListAuditLogs_SkipAndOffset","0","TestResources_ListAuditLogs_SkipAndOffset","","2026-09-18","passed","2026-09-18","","Go Test","github.com/specterops/bloodhound/cmd/api/src/api/v2/TestResources_ListAuditLogs_SkipAndOffset","TestResources_ListAuditLogs_SkipAndOffset"
"Test cases for TestResources_DeleteSavedQuery","0","TestResources_DeleteSavedQuery","","2026-09-18","passed","2026-09-18","","Go Test","github.com/specterops/bloodhound/cmd/api/src/api/v2/TestResources_DeleteSavedQuery","TestResources_DeleteSavedQuery"
"","154","should disable Cancel and Save buttons while isLoading is true","UpdateUserDialog","2026-09-18","passed","2026-09-18","","","",""
"","0","handles only escapable characters","escapeCypherString","2026-09-18","passed","2026-09-18","","","",""
"","10","throws when used outside of AnnouncementProvider","useAnnounce","2026-09-18","passed","2026-09-18","","","",""
"Test cases for TestNewStorage","4","TestNewStorage","","2026-09-18","passed","2026-09-18","","Go Test","github.com/specterops/bloodhound/packages/go/stbernard/dora/TestNewStorage","TestNewStorage"
"Test cases for TestManagementResource_DeleteOIDCProvider","1","TestManagementResource_DeleteOIDCProvider","","2026-09-18","passed","2026-09-18","","Go Test","github.com/specterops/bloodhound/cmd/api/src/api/v2/auth/TestManagementResource_DeleteOIDCProvider","TestManagementResource_DeleteOIDCProvider"
"Test cases for Test_NewSpecWithHooks","0","Test_NewSpecWithHooks","","2026-09-18","passed","2026-09-18","","Go Test","github.com/specterops/bloodhound/packages/go/lab/Test_NewSpecWithHooks","Test_NewSpecWithHooks"
"","81","does not render a linked node field when no ServerIs relationship exists","EntityObjectInformation","2026-09-18","passed","2026-09-18","","","",""
"","332","renders the form for creating a new rule","Rule Form","2026-09-18","passed","2026-09-18","","","",""
"","46","renders the tooltip icon when tooltipText prop is passed","ColumnHeaders","2026-09-18","passed","2026-09-18","","SortableHeader with Tooltip","",""
"","885","handles copying the name","CopyMenuItem","2026-09-18","passed","2026-09-18","","","",""
"Test cases for TestLocalStore_Exists","12","TestLocalStore_Exists","","2026-09-18","passed","2026-09-18","","Go Test","github.com/specterops/bloodhound/packages/go/storage/TestLocalStore_Exists","TestLocalStore_Exists"
"","91","returns a nodes array","useEdgeInfoItems","2026-09-18","passed","2026-09-18","","","",""
"Test cases for TestFileServiceResolver_CopiesServices","0","TestFileServiceResolver_CopiesServices","","2026-09-18","passed","2026-09-18","","Go Test","github.com/specterops/bloodhound/cmd/api/src/services/storage/TestFileServiceResolver_CopiesServices","TestFileServiceResolver_CopiesServices"
"","16","should display hidden label for hidden edge","EdgeInfoHeader","2026-09-18","passed","2026-09-18","","","",""
"","60","enables pulling an ordered list of tags by position ascending","the useAssetGroupTags utilities","2026-09-18","passed","2026-09-18","","","",""
"","159","should display a searchbox with a placeholder when rendered","AssetGroupEdit","2026-09-18","passed","2026-09-18","","","",""
"","224","calls onToggleNodeLabels when click show all node labels","GraphControls","2026-09-18","passed","2026-09-18","","Toggling labels","",""
"","85","The edge properties are fetched through the relationship endpoint which includes lastseen","EdgeObjectInformation","2026-09-18","passed","2026-09-18","","","",""
"","112","Hides selector information if additionalSections is false","EntityInfoDataTableList","2026-09-18","passed","2026-09-18","","","",""
"Test cases for TestGenerateTOTPSecret","0","TestGenerateTOTPSecret","","2026-09-18","passed","2026-09-18","","Go Test","github.com/specterops/bloodhound/cmd/api/src/auth/TestGenerateTOTPSecret","TestGenerateTOTPSecret"
"","0","returns default error message for unknown API messages","getErrorMessage","2026-09-18","passed","2026-09-18","","","",""
"Test cases for TestDatabase_checkError_NotFound","0","TestDatabase_checkError_NotFound","","2026-09-18","passed","2026-09-18","","Go Test","github.com/specterops/bloodhound/cmd/api/src/database/TestDatabase_checkError_NotFound","TestDatabase_checkError_NotFound"
"","1","stores an object value in localStorage","useLocalStorage","2026-09-18","passed","2026-09-18","","setValue","",""
"","13","renders custom icon overlap correctly","NodeIcon","2026-09-18","passed","2026-09-18","","","",""
"Test cases for TestResources_ListADDomainDCSyncers","3","TestResources_ListADDomainDCSyncers","","2026-09-18","passed","2026-09-18","","Go Test","github.com/specterops/bloodhound/cmd/api/src/api/v2/TestResources_ListADDomainDCSyncers","TestResources_ListADDomainDCSyncers"
"Test cases for TestResources_ListAssetGroupMembers","0","TestResources_ListAssetGroupMembers","","2026-09-18","passed","2026-09-18","","Go Test","github.com/specterops/bloodhound/cmd/api/src/api/v2/TestResources_ListAssetGroupMembers","TestResources_ListAssetGroupMembers"
"","24","mounts a polite aria-live region","AnnouncementProvider","2026-09-18","passed","2026-09-18","","","",""
"Test cases for TestStringIsZero","0","TestStringIsZero","","2026-09-18","passed","2026-09-18","","Go Test","github.com/specterops/bloodhound/cmd/api/src/database/types/null/TestStringIsZero","TestStringIsZero"
"Test cases for TestContextMiddleware","0","TestContextMiddleware","","2026-09-18","passed","2026-09-18","","Go Test","github.com/specterops/bloodhound/cmd/api/src/api/middleware/TestContextMiddleware","TestContextMiddleware"
"Test cases for TestIntEqual","0","TestIntEqual","","2026-09-18","passed","2026-09-18","","Go Test","github.com/specterops/bloodhound/cmd/api/src/database/types/null/TestIntEqual","TestIntEqual"
"","0","returns false when the highlighted item is not in the graph","SigmaChart Utils","2026-09-18","passed","2026-09-18","","getIsHighlightedItemInGraph","",""
"","0","filters by multiple platforms","filterAndSearchEnvironments","2026-09-18","passed","2026-09-18","","platform filters","",""
"","72","renders delete buttons for each extension","ActiveExtensionsCard","2026-09-18","passed","2026-09-18","","","",""
"","293","clears the applied filter","FileIngestFilterDialog","2026-09-18","passed","2026-09-18","","User Select","",""
"","161","should render","Rule Object Select","2026-09-18","passed","2026-09-18","","","",""
"","119","renders details for a selected zone","DynamicDetails","2026-09-18","passed","2026-09-18","","","",""
"","238","renders with applied filters","Privilege Zones History Filter Dialog","2026-09-18","passed","2026-09-18","","","",""
"","0","returns a comma separated number when provided with a number > 999","numberFormatting","2026-09-18","passed","2026-09-18","","","",""
"","78","disables the create user button and does not populate a table if the user lacks the permission","Users","2026-09-18","passed","2026-09-18","","","",""
"","0","returns undefined for JSON null","safeParseJson","2026-09-18","passed","2026-09-18","","","",""
"","84","renders object information for an OpenGraph object","Selected Details Tab Content","2026-09-18","passed","2026-09-18","","","",""
"Test cases for TestStore_GetPermission","0","TestStore_GetPermission","","2026-09-18","passed","2026-09-18","","Go Test","github.com/specterops/bloodhound/server/identity/internal/appdb/TestStore_GetPermission","TestStore_GetPermission"
"","188","renders the Rule Tab content when Rule tab is chosen","Selected Details Tab Content","2026-09-18","passed","2026-09-18","","","",""
"Test cases for TestParseOptionalLimitQueryParameter","72","TestParseOptionalLimitQueryParameter","","2026-09-18","passed","2026-09-18","","Go Test","github.com/specterops/bloodhound/cmd/api/src/api/v2/TestParseOptionalLimitQueryParameter","TestParseOptionalLimitQueryParameter"
"Test cases for TestBoolIsZero","0","TestBoolIsZero","","2026-09-18","passed","2026-09-18","","Go Test","github.com/specterops/bloodhound/cmd/api/src/database/types/null/TestBoolIsZero","TestBoolIsZero"
"","0","maps cypher 504 errors to timeout messaging","useExploreGraph","2026-09-18","passed","2026-09-18","","exploreGraphQueryFactory","",""
"Test cases for TestRenderMarkdownRejectsRemovedFunction","0","TestRenderMarkdownRejectsRemovedFunction","","2026-09-18","passed","2026-09-18","","Go Test","github.com/specterops/bloodhound/server/graphdb/internal/services/TestRenderMarkdownRejectsRemovedFunction","TestRenderMarkdownRejectsRemovedFunction"
"Test cases for TestTokenFromEnvNotSet","0","TestTokenFromEnvNotSet","","2026-09-18","passed","2026-09-18","","Go Test","github.com/specterops/bloodhound/packages/go/stbernard/dora/TestTokenFromEnvNotSet","TestTokenFromEnvNotSet"
"Test cases for TestReadRFC3339","0","TestReadRFC3339","","2026-09-18","passed","2026-09-18","","Go Test","github.com/specterops/bloodhound/cmd/api/src/utils/TestReadRFC3339","TestReadRFC3339"
"","5457","filter selections are rolled back if user closes modal with the cancel button","EdgeFilter","2026-09-18","passed","2026-09-18","","","",""
"","247","renders the Import Query Dialog","ImportQueryDialog","2026-09-18","passed","2026-09-18","","","",""
"","1","determines glyphs with the tier_managent_engine feature flag enabled","getNodeGlyphs","2026-09-18","passed","2026-09-18","","","",""
"","234","adds a ""Close"" button that closes the dialog after a failed upload","SchemaUploadDialog","2026-09-18","passed","2026-09-18","","","",""
"","664","should call onSave when Save button is clicked and form input is valid","CreateUserDialog","2026-09-18","passed","2026-09-18","","","",""
"Test cases for TestBoolValueOrZero","0","TestBoolValueOrZero","","2026-09-18","passed","2026-09-18","","Go Test","github.com/specterops/bloodhound/cmd/api/src/database/types/null/TestBoolValueOrZero","TestBoolValueOrZero"
"Test cases for TestResources_ShareSavedQueriesPermissions_SavingPermissionsErrors","0","TestResources_ShareSavedQueriesPermissions_SavingPermissionsErrors","","2026-09-18","passed","2026-09-18","","Go Test","github.com/specterops/bloodhound/cmd/api/src/api/v2/TestResources_ShareSavedQueriesPermissions_SavingPermissionsErrors","TestResources_ShareSavedQueriesPermissions_SavingPermissionsErrors"
"Copyright 2021 The Go Authors. All rights reserved.TestConcat was ripped from go1.22 source and should be replaced with the stdlib implementation when we move to 1.22Original source: https:","0","TestConcat_too_large","","2026-09-18","passed","2026-09-18","","Go Test","github.com/specterops/bloodhound/packages/go/slicesext/TestConcat_too_large","TestConcat_too_large"
"","0","filters by azure platform","filterAndSearchEnvironments","2026-09-18","passed","2026-09-18","","platform filters","",""
"Test cases for TestDeleteCollectedGraphData_SetBasedErrors","0","TestDeleteCollectedGraphData_SetBasedErrors","","2026-09-18","passed","2026-09-18","","Go Test","github.com/specterops/bloodhound/cmd/api/src/daemons/datapipe/TestDeleteCollectedGraphData_SetBasedErrors","TestDeleteCollectedGraphData_SetBasedErrors"
"Test cases for TestBuildErrorResponseDefault","0","TestBuildErrorResponseDefault","","2026-09-18","passed","2026-09-18","","Go Test","github.com/specterops/bloodhound/cmd/api/src/api/TestBuildErrorResponseDefault","TestBuildErrorResponseDefault"
"","95","enables returning a list of tags","the useAssetGroupTags utilities","2026-09-18","passed","2026-09-18","","","",""
"Test cases for TestResources_ListAvailableEnvironments","31","TestResources_ListAvailableEnvironments","","2026-09-18","passed","2026-09-18","","Go Test","github.com/specterops/bloodhound/cmd/api/src/api/v2/TestResources_ListAvailableEnvironments","TestResources_ListAvailableEnvironments"
"","278","toggles parent from none to all","GraphDataCheckboxes","2026-09-18","passed","2026-09-18","","","",""
"Test cases for TestGetChainedDomains_IgnoresForestHosting","0","TestGetChainedDomains_IgnoresForestHosting","","2026-09-18","passed","2026-09-18","","Go Test","github.com/specterops/bloodhound/packages/go/analysis/ad/TestGetChainedDomains_IgnoresForestHosting","TestGetChainedDomains_IgnoresForestHosting"
"","128","handles creating a new label","Tag Form","2026-09-18","passed","2026-09-18","","","",""
"","0","should recognize a common properties","validating a node property against the shared generated schema","2026-09-18","passed","2026-09-18","","","",""
"","303","Expand button causes table to expand to full height","ExploreTable","2026-09-18","passed","2026-09-18","","","",""
"","846","shows tooltip text on hover","ColumnHeaders","2026-09-18","passed","2026-09-18","","SortableHeader with Tooltip","",""
"Test cases for TestConvertDomainToNode_DomainInvalidProperties","0","TestConvertDomainToNode_DomainInvalidProperties","","2026-09-18","passed","2026-09-18","","Go Test","github.com/specterops/bloodhound/packages/go/ein/TestConvertDomainToNode_DomainInvalidProperties","TestConvertDomainToNode_DomainInvalidProperties"
"Test cases for TestTokenFromEnv","0","TestTokenFromEnv","","2026-09-18","passed","2026-09-18","","Go Test","github.com/specterops/bloodhound/packages/go/stbernard/dora/TestTokenFromEnv","TestTokenFromEnv"
"Test cases for TestIngestDNRelationship","0","TestIngestDNRelationship","","2026-09-18","passed","2026-09-18","","Go Test","github.com/specterops/bloodhound/cmd/api/src/services/graphify/TestIngestDNRelationship","TestIngestDNRelationship"
"Test cases for TestLocalStore_Close","10","TestLocalStore_Close","","2026-09-18","passed","2026-09-18","","Go Test","github.com/specterops/bloodhound/packages/go/storage/TestLocalStore_Close","TestLocalStore_Close"
"","107","shows the direct object and expanded object list when results are present for both","Seed Selection Results","2026-09-18","passed","2026-09-18","","","",""
"","0","returns false for arrays with different object references","areArraysSimilar","2026-09-18","passed","2026-09-18","","","",""
"","36","sorts by title as secondary key when positions are equal","KindInfoItems","2026-09-18","passed","2026-09-18","","","",""
"","401","eventually displays a list of early access features when warning dialog is accepted","EarlyAccessFeatures","2026-09-18","passed","2026-09-18","","","",""
"","3","returns the distance between two coordinates","getDistanceBetween","2026-09-18","passed","2026-09-18","","","",""
"Test cases for TestUpdateAssetGroupRequest_AuditData","0","TestUpdateAssetGroupRequest_AuditData","","2026-09-18","passed","2026-09-18","","Go Test","github.com/specterops/bloodhound/cmd/api/src/api/v2/TestUpdateAssetGroupRequest_AuditData","TestUpdateAssetGroupRequest_AuditData"
"Test cases for TestParseLimitQueryParameter_BadFormat","0","TestParseLimitQueryParameter_BadFormat","","2026-09-18","passed","2026-09-18","","Go Test","github.com/specterops/bloodhound/cmd/api/src/api/v2/TestParseLimitQueryParameter_BadFormat","TestParseLimitQueryParameter_BadFormat"
"","281","clears applied filters when clicking the Clear button","Privilege Zones History Filter Dialog","2026-09-18","passed","2026-09-18","","","",""
"","484","renders group and tenant dropdown selectors","GroupManagement","2026-09-18","passed","2026-09-18","","","",""
"","183","toggles a nested graph data option off","GraphDataCheckboxes","2026-09-18","passed","2026-09-18","","","",""
"Test cases for TestFeatureFlag_HA","305","TestFeatureFlag_HA","","2026-09-18","passed","2026-09-18","","Go Test","github.com/specterops/bloodhound/cmd/api/src/daemons/changelog/TestFeatureFlag_HA","TestFeatureFlag_HA"
"","2","formats the date string","toFormatted","2026-09-18","passed","2026-09-18","","","",""
"Test cases for Test_ParseAndValidatePayload","5","Test_ParseAndValidatePayload","","2026-09-18","passed","2026-09-18","","Go Test","github.com/specterops/bloodhound/cmd/api/src/services/upload/Test_ParseAndValidatePayload","Test_ParseAndValidatePayload"
"","75","shows ""API Expiration Date"" column header when expiration is enabled","UserTokenManagementDialog - API Expiration Date column","2026-09-18","passed","2026-09-18","","","",""
"","89","constrains long zone names to the details panel width","Selected Details Tabs","2026-09-18","passed","2026-09-18","","","",""
"","73","upon selecting a source node, updates the URL with a searchType of 'node' and primarySearch of the node's objectid","useNodeSearch","2026-09-18","passed","2026-09-18","","","",""
"","105","renders a preview version","PrivilegeZonesCypherEditor Search component for Zone Management","2026-09-18","passed","2026-09-18","","","",""
"","4","does not render the field when handleSourceNodeSelected is not provided","BasicObjectInfoFields related kind fields","2026-09-18","passed","2026-09-18","","'Node Resource Group ID'","",""
"","21","does not highlight the keyword within the distinguished name","SearchResultItem","2026-09-18","passed","2026-09-18","","","",""
"Test cases for TestManagementResource_ListSAMLSignOnEndpoints","7","TestManagementResource_ListSAMLSignOnEndpoints","","2026-09-18","passed","2026-09-18","","Go Test","github.com/specterops/bloodhound/cmd/api/src/api/v2/auth/TestManagementResource_ListSAMLSignOnEndpoints","TestManagementResource_ListSAMLSignOnEndpoints"
"","31","renders the title passed via title prop","ColumnHeaders","2026-09-18","passed","2026-09-18","","BaseColumnHeader","",""
"","690","gives every destination input a distinct accessible name while showing one shared visible label","Pathfinding: interaction","2026-09-18","passed","2026-09-18","","","",""
"Test cases for TestGetAzureDataQualityStats_Success","0","TestGetAzureDataQualityStats_Success","","2026-09-18","passed","2026-09-18","","Go Test","github.com/specterops/bloodhound/cmd/api/src/api/v2/TestGetAzureDataQualityStats_Success","TestGetAzureDataQualityStats_Success"
"","249","should render","LoginViaSSOForm","2026-09-18","passed","2026-09-18","","","",""
"","158","shows ""Clear All"" when all columns are selected","ManageColumnsComboBox","2026-09-18","passed","2026-09-18","","","",""
"","0","fails for password without digits","testPassword","2026-09-18","passed","2026-09-18","","","",""
"Test cases for TestResources_ShareSavedQueriesPermissions_CanUpdateSavedQueriesPermission","2","TestResources_ShareSavedQueriesPermissions_CanUpdateSavedQueriesPermission","","2026-09-18","passed","2026-09-18","","Go Test","github.com/specterops/bloodhound/cmd/api/src/api/v2/TestResources_ShareSavedQueriesPermissions_CanUpdateSavedQueriesPermission","TestResources_ShareSavedQueriesPermissions_CanUpdateSavedQueriesPermission"
"","639","open and closes dialog","DatabaseManagement","2026-09-18","passed","2026-09-18","","","",""
"Test cases for TestTimeValueOrZero","0","TestTimeValueOrZero","","2026-09-18","passed","2026-09-18","","Go Test","github.com/specterops/bloodhound/cmd/api/src/database/types/null/TestTimeValueOrZero","TestTimeValueOrZero"
"Test cases for TestManagementResource_SSOCallbackHandler","8","TestManagementResource_SSOCallbackHandler","","2026-09-18","passed","2026-09-18","","Go Test","github.com/specterops/bloodhound/cmd/api/src/api/v2/auth/TestManagementResource_SSOCallbackHandler","TestManagementResource_SSOCallbackHandler"
"Test cases for TestParseSkipQueryParameter_BadFormat","0","TestParseSkipQueryParameter_BadFormat","","2026-09-18","passed","2026-09-18","","Go Test","github.com/specterops/bloodhound/cmd/api/src/api/v2/TestParseSkipQueryParameter_BadFormat","TestParseSkipQueryParameter_BadFormat"
"","12","renders the label and clickable id when handleSourceNodeSelected is provided","BasicObjectInfoFields related kind fields","2026-09-18","passed","2026-09-18","","'Federated Identity Credential Applica…'","",""
"Test cases for TestStore_GetEnvironmentsFiltered","0","TestStore_GetEnvironmentsFiltered","","2026-09-18","passed","2026-09-18","","Go Test","github.com/specterops/bloodhound/server/opengraphschema/internal/appdb/TestStore_GetEnvironmentsFiltered","TestStore_GetEnvironmentsFiltered"
"Test cases for Test_validateGraphExtension","3","Test_validateGraphExtension","","2026-09-18","passed","2026-09-18","","Go Test","github.com/specterops/bloodhound/cmd/api/src/model/Test_validateGraphExtension","Test_validateGraphExtension"
"","1","Edge is created with correct structure including points array","copySigmaEdgesToGraphlibGraph","2026-09-18","passed","2026-09-18","","","",""
"Test cases for TestStore_ListRoles","1","TestStore_ListRoles","","2026-09-18","passed","2026-09-18","","Go Test","github.com/specterops/bloodhound/server/identity/internal/appdb/TestStore_ListRoles","TestStore_ListRoles"
"","12","returns an empty map when the user lacks permission to read users","useUserNamesById","2026-09-18","passed","2026-09-18","","","",""
"Test cases for TestResources_GetNTAuthStoreEntityInfo","209","TestResources_GetNTAuthStoreEntityInfo","","2026-09-18","passed","2026-09-18","","Go Test","github.com/specterops/bloodhound/cmd/api/src/api/v2/TestResources_GetNTAuthStoreEntityInfo","TestResources_GetNTAuthStoreEntityInfo"
"Test cases for TestManagementResource_ListAuthTokens_Filtered","0","TestManagementResource_ListAuthTokens_Filtered","","2026-09-18","passed","2026-09-18","","Go Test","github.com/specterops/bloodhound/cmd/api/src/api/v2/auth/TestManagementResource_ListAuthTokens_Filtered","TestManagementResource_ListAuthTokens_Filtered"
"","15","should render an accessible placeholder when the provided value is an empty array","Field","2026-09-18","passed","2026-09-18","","","",""
"Test cases for TestFloatFrom","0","TestFloatFrom","","2026-09-18","passed","2026-09-18","","Go Test","github.com/specterops/bloodhound/cmd/api/src/database/types/null/TestFloatFrom","TestFloatFrom"
"Test cases for TestManagementResource_SAMLCallbackHandler","16","TestManagementResource_SAMLCallbackHandler","","2026-09-18","passed","2026-09-18","","Go Test","github.com/specterops/bloodhound/cmd/api/src/api/v2/auth/TestManagementResource_SAMLCallbackHandler","TestManagementResource_SAMLCallbackHandler"
"Test cases for TestQueries_GetRequestedType","0","TestQueries_GetRequestedType","","2026-09-18","passed","2026-09-18","","Go Test","github.com/specterops/bloodhound/cmd/api/src/queries/TestQueries_GetRequestedType","TestQueries_GetRequestedType"
"","551","shows a tooltip on hover, defaulting to the label when no tooltip is provided","GraphMenu","2026-09-18","passed","2026-09-18","","","",""
"","357","shows success notification after successful deletion","ActiveExtensionsCard","2026-09-18","passed","2026-09-18","","","",""
"","627","renders the node in the entity panel when member is clicked","GroupManagement","2026-09-18","passed","2026-09-18","","","",""
"","14","should redirect to nested /file-ingest route if user navigates to an invalid route","Administration","2026-09-18","passed","2026-09-18","","","",""
"","45","renders a row per node stat plus the relationship row when populated","OpenGraphInfo","2026-09-18","passed","2026-09-18","","","",""
"","1","adds email filter if madeBy contains ""@""","createHistoryParams","2026-09-18","passed","2026-09-18","","","",""
"","0","returns all environments when both ""yes"" and ""no"" filters are active","filterAndSearchEnvironments","2026-09-18","passed","2026-09-18","","collected filters","",""
"","813","disables the user actions menu when the user is auditor role","Users","2026-09-18","passed","2026-09-18","","","",""
"Test cases for TestResources_ShareSavedQueriesPermissions_Admin","0","TestResources_ShareSavedQueriesPermissions_Admin","","2026-09-18","passed","2026-09-18","","Go Test","github.com/specterops/bloodhound/cmd/api/src/api/v2/TestResources_ShareSavedQueriesPermissions_Admin","TestResources_ShareSavedQueriesPermissions_Admin"
"Test cases for TestGetDataQualityStats_Failure","6","TestGetDataQualityStats_Failure","","2026-09-18","passed","2026-09-18","","Go Test","github.com/specterops/bloodhound/cmd/api/src/api/v2/TestGetDataQualityStats_Failure","TestGetDataQualityStats_Failure"
"TestParseTagsToDeployments tests the full tag parsing pipeline with real semver tags","0","TestParseTagsToDeployments","","2026-09-18","passed","2026-09-18","","Go Test","github.com/specterops/bloodhound/packages/go/stbernard/dora/TestParseTagsToDeployments","TestParseTagsToDeployments"
"","263","sets a primarySearch=id and searchType=node when secondarySearch is falsey","ContextMenu","2026-09-18","passed","2026-09-18","","","",""
"","0","An unknown error occurred when fetching the data","Getting the text for the disabled item display for a search when there are no results","2026-09-18","passed","2026-09-18","","Error states","",""
"","1","succeeds for valid password with unicode characters","testPassword","2026-09-18","passed","2026-09-18","","","",""
"","61","initializes the list with all filters checked by default","usePathfindingFilters","2026-09-18","passed","2026-09-18","","","",""
"","328","shows error notification when deletion fails","ActiveExtensionsCard","2026-09-18","passed","2026-09-18","","","",""
"Test cases for TestStore_Get","12","TestStore_Get","","2026-09-18","passed","2026-09-18","","Go Test","github.com/specterops/bloodhound/packages/go/storage/TestStore_Get","TestStore_Get"
"Test cases for TestUnmarshalNonIntegerNumberToInt64","0","TestUnmarshalNonIntegerNumberToInt64","","2026-09-18","passed","2026-09-18","","Go Test","github.com/specterops/bloodhound/cmd/api/src/database/types/null/TestUnmarshalNonIntegerNumberToInt64","TestUnmarshalNonIntegerNumberToInt64"
"","582","renders","Glyph Select Dialog","2026-09-18","passed","2026-09-18","","","",""
"","0","preserves unicode characters","escapeCypherString","2026-09-18","passed","2026-09-18","","","",""
"","61","returns undefined for an unknown id or when no id is provided","useGetUserNameById","2026-09-18","passed","2026-09-18","","","",""
"","1","treats a missing key as null when computing the next value","useLocalStorage","2026-09-18","passed","2026-09-18","","functional updater","",""
"","62","calls getAssetGroupTags for topTagId","DetailsRoot","2026-09-18","passed","2026-09-18","","","",""
"Test cases for TestResources_ListSavedQueries","39","TestResources_ListSavedQueries","","2026-09-18","passed","2026-09-18","","Go Test","github.com/specterops/bloodhound/cmd/api/src/api/v2/TestResources_ListSavedQueries","TestResources_ListSavedQueries"
"","71","normalizes items using props.objectid and props.name as fallbacks","InfiniteScrollingTable","2026-09-18","passed","2026-09-18","","","",""
"","27","adds a notification - checks values","AppNotifications","2026-09-18","passed","2026-09-18","","","",""
"","156","sets a primarySearch=id and searchType=pathfinding when secondarySearch is truthy","ContextMenu","2026-09-18","passed","2026-09-18","","","",""
"","31","calls handleSourceNodeSelected with the related node when the id is clicked","BasicObjectInfoFields related kind fields","2026-09-18","passed","2026-09-18","","'Linked Group ID'","",""
"","0","fails for password without special characters","testPassword","2026-09-18","passed","2026-09-18","","","",""
"","28","renders note header correctly","HistoryNotes Component","2026-09-18","passed","2026-09-18","","","",""
"","61","passes the check for at least one permission if the user is missing one of many required permissions","usePermissions","2026-09-18","passed","2026-09-18","","","",""
"Test cases for TestService_GetRelationship_ReturnsAccessDeniedForUnresolvedKindEndpoint","0","TestService_GetRelationship_ReturnsAccessDeniedForUnresolvedKindEndpoint","","2026-09-18","passed","2026-09-18","","Go Test","github.com/specterops/bloodhound/server/graphdb/internal/services/TestService_GetRelationship_ReturnsAccessDeniedForUnresolvedKindEndpoint","TestService_GetRelationship_ReturnsAccessDeniedForUnresolvedKindEndpoint"
"Test cases for TestManagementResource_UpdateUser_DuplicateEmailError","0","TestManagementResource_UpdateUser_DuplicateEmailError","","2026-09-18","passed","2026-09-18","","Go Test","github.com/specterops/bloodhound/cmd/api/src/api/v2/auth/TestManagementResource_UpdateUser_DuplicateEmailError","TestManagementResource_UpdateUser_DuplicateEmailError"
"Test cases for TestParseDefaultPeriod","1","TestParseDefaultPeriod","","2026-09-18","passed","2026-09-18","","Go Test","github.com/specterops/bloodhound/packages/go/stbernard/command/dora/TestParseDefaultPeriod","TestParseDefaultPeriod"
"","721","should display all available SSO providers","UpdateUserDialog","2026-09-18","passed","2026-09-18","","","",""
"","365","open and closes dialog with confirm button after user inputs required text","Tag Form","2026-09-18","passed","2026-09-18","","","",""
"Test cases for TestQueries_BuildEntityQueryParams_DataTypeCount","0","TestQueries_BuildEntityQueryParams_DataTypeCount","","2026-09-18","passed","2026-09-18","","Go Test","github.com/specterops/bloodhound/cmd/api/src/queries/TestQueries_BuildEntityQueryParams_DataTypeCount","TestQueries_BuildEntityQueryParams_DataTypeCount"
"","28","renders three animated dots","ProcessingIndicator","2026-09-18","passed","2026-09-18","","","",""
"","56","passes an empty name to handleSourceNodeSelected when the node has no name","BasicObjectInfoFields related kind fields","2026-09-18","passed","2026-09-18","","'Node Resource Group ID'","",""
"","535","renders a button that expands the filter section","AssetGroupEdit","2026-09-18","passed","2026-09-18","","","",""
"Test cases for TestResources_BuildDeleteRequest","1","TestResources_BuildDeleteRequest","","2026-09-18","passed","2026-09-18","","Go Test","github.com/specterops/bloodhound/cmd/api/src/api/v2/TestResources_BuildDeleteRequest","TestResources_BuildDeleteRequest"
"","72","renders enabled prop when flag is enabled","FeatureFlag","2026-09-18","passed","2026-09-18","","","",""
"","232","Close button click causes the callback function to be called","ExploreTable","2026-09-18","passed","2026-09-18","","","",""
"","0","parses a JSON object","safeParseJson","2026-09-18","passed","2026-09-18","","","",""
"","56","copys children value to clipboard after clicking the copy btn","CodeController","2026-09-18","passed","2026-09-18","","","",""
"Test cases for TestGenerateRandomBase64String","0","TestGenerateRandomBase64String","","2026-09-18","passed","2026-09-18","","Go Test","github.com/specterops/bloodhound/cmd/api/src/config/TestGenerateRandomBase64String","TestGenerateRandomBase64String"
"","0","handles empty search string","filterAndSearchEnvironments","2026-09-18","passed","2026-09-18","","search filter","",""
"Test cases for TestMarshalFloatText","0","TestMarshalFloatText","","2026-09-18","passed","2026-09-18","","Go Test","github.com/specterops/bloodhound/cmd/api/src/database/types/null/TestMarshalFloatText","TestMarshalFloatText"
"","192","should handle close event","TagToZoneLabelDialog","2026-09-18","passed","2026-09-18","","","",""
"","36","returns when zone limit is reached","useTagLimits","2026-09-18","passed","2026-09-18","","","",""
"","0","keeps the first-seen stat when created_at values are missing or invalid","getLatestStatsByMetricKind","2026-09-18","passed","2026-09-18","","","",""
"","15","does not show tooltip text by default","ColumnHeaders","2026-09-18","passed","2026-09-18","","SortableHeader with Tooltip","",""
"Test cases for TestMergedFS_Open","1","TestMergedFS_Open","","2026-09-18","passed","2026-09-18","","Go Test","github.com/specterops/bloodhound/cmd/api/src/database/migration/TestMergedFS_Open","TestMergedFS_Open"
"","67","disables delete button for built-in extensions","ActiveExtensionsCard","2026-09-18","passed","2026-09-18","","","",""
"Test cases for TestAuditLogin_UserNotFound","5","TestAuditLogin_UserNotFound","","2026-09-18","passed","2026-09-18","","Go Test","github.com/specterops/bloodhound/cmd/api/src/api/TestAuditLogin_UserNotFound","TestAuditLogin_UserNotFound"
"Test cases for TestManagementResource_ListAuthTokens_UserIDFilter","3","TestManagementResource_ListAuthTokens_UserIDFilter","","2026-09-18","passed","2026-09-18","","Go Test","github.com/specterops/bloodhound/cmd/api/src/api/v2/auth/TestManagementResource_ListAuthTokens_UserIDFilter","TestManagementResource_ListAuthTokens_UserIDFilter"
"","47","sets the document title using the default app name","PageWithTitle","2026-09-18","passed","2026-09-18","","","",""
"Test cases for TestResources_GetSearchResult_ETAC","32","TestResources_GetSearchResult_ETAC","","2026-09-18","passed","2026-09-18","","Go Test","github.com/specterops/bloodhound/cmd/api/src/api/v2/TestResources_GetSearchResult_ETAC","TestResources_GetSearchResult_ETAC"
"","225","clicking a delete button calls deleteHandler","PrebuiltSearchList","2026-09-18","passed","2026-09-18","","","",""
"","0","filters by active-directory platform","filterAndSearchEnvironments","2026-09-18","passed","2026-09-18","","platform filters","",""
"Test cases for TestResources_UpdateSavedQuery_NoQueryMatch","1","TestResources_UpdateSavedQuery_NoQueryMatch","","2026-09-18","passed","2026-09-18","","Go Test","github.com/specterops/bloodhound/cmd/api/src/api/v2/TestResources_UpdateSavedQuery_NoQueryMatch","TestResources_UpdateSavedQuery_NoQueryMatch"
"Test cases for TestHandlers_CancelAnalysisRequest","1","TestHandlers_CancelAnalysisRequest","","2026-09-18","passed","2026-09-18","","Go Test","github.com/specterops/bloodhound/server/analysis/internal/handlers/TestHandlers_CancelAnalysisRequest","TestHandlers_CancelAnalysisRequest"
"","66","does not show ""<10 Days to Expire"" warning when token expires in more than 10 days","UserTokenManagementDialog - API Expiration Date column","2026-09-18","passed","2026-09-18","","","",""
"Test cases for TestConvertGenericNode","1","TestConvertGenericNode","","2026-09-18","passed","2026-09-18","","Go Test","github.com/specterops/bloodhound/cmd/api/src/services/graphify/TestConvertGenericNode","TestConvertGenericNode"
"","38","renders a link to the documentation","BloodHoundConfiguration","2026-09-18","passed","2026-09-18","","","",""
"","0","returns paramValue as EnvironmentAggregation if paramValue is azure","useEnvironmentParams","2026-09-18","passed","2026-09-18","","parseEnvironmentAggregation","",""
"","75","returns Tag Object counts when there is a Tag selected but no Rule selected (ruleId is undefined from path params)","useObjectCounts","2026-09-18","passed","2026-09-18","","","",""
"","1","Default label and sizing are used when graph of origin does not specify","copySigmaNodesToGraphlibGraph","2026-09-18","passed","2026-09-18","","","",""
"Test cases for TestOrphanFileSweeper_AddExpectedLocalPath","49","TestOrphanFileSweeper_AddExpectedLocalPath","","2026-09-18","passed","2026-09-18","","Go Test","github.com/specterops/bloodhound/cmd/api/src/daemons/datapipe/TestOrphanFileSweeper_AddExpectedLocalPath","TestOrphanFileSweeper_AddExpectedLocalPath"
"","44","opens when keyboard shortcut is pressed","GraphControls","2026-09-18","passed","2026-09-18","","Searching current results","",""
"Test cases for TestPredefinedNodeNamePrefixes","0","TestPredefinedNodeNamePrefixes","","2026-09-18","passed","2026-09-18","","Go Test","github.com/specterops/bloodhound/packages/go/analysis/ad/wellknown/TestPredefinedNodeNamePrefixes","TestPredefinedNodeNamePrefixes"
"Test cases for TestGormLogAdapter_Info","0","TestGormLogAdapter_Info","","2026-09-18","passed","2026-09-18","","Go Test","github.com/specterops/bloodhound/cmd/api/src/database/TestGormLogAdapter_Info","TestGormLogAdapter_Info"
"Test cases for TestClearLocalIngestScratch","42","TestClearLocalIngestScratch","","2026-09-18","passed","2026-09-18","","Go Test","github.com/specterops/bloodhound/cmd/api/src/daemons/datapipe/TestClearLocalIngestScratch","TestClearLocalIngestScratch"
"","0","returns query config when searchType is composition and valid RelationshipDetailsWithInfo is provided","useExploreGraph","2026-09-18","passed","2026-09-18","composition search queries","exploreGraphQueryFactory","",""
"Test cases for TestSupportsETACMiddleware","5","TestSupportsETACMiddleware","","2026-09-18","passed","2026-09-18","","Go Test","github.com/specterops/bloodhound/cmd/api/src/api/middleware/TestSupportsETACMiddleware","TestSupportsETACMiddleware"
"Test cases for TestIngestJobs_IsSortable","0","TestIngestJobs_IsSortable","","2026-09-18","passed","2026-09-18","","Go Test","github.com/specterops/bloodhound/cmd/api/src/model/TestIngestJobs_IsSortable","TestIngestJobs_IsSortable"
"","1","rounds down fractional minutes/days","getSimpleDuration","2026-09-18","passed","2026-09-18","","","",""
"","0","No type was provided and no results were available","Getting the text for the disabled item display for a search when there are no results","2026-09-18","passed","2026-09-18","","Empty data states","",""
"","2","returns the selected values for a some selection","getValuesFromSelection","2026-09-18","passed","2026-09-18","","","",""
"","18","renders a button","CreateMenu","2026-09-18","passed","2026-09-18","","oidc_support feature flag disabled","",""
"","87","passes check if the user has a required permission","usePermissions","2026-09-18","passed","2026-09-18","","","",""
"","164","validates that the name input is under the max length","Tag Form","2026-09-18","passed","2026-09-18","","","",""
"Test cases for TestOpenGraphSchemaService_GetSchemaFindings","3","TestOpenGraphSchemaService_GetSchemaFindings","","2026-09-18","passed","2026-09-18","","Go Test","github.com/specterops/bloodhound/cmd/api/src/services/opengraphschema/TestOpenGraphSchemaService_GetSchemaFindings","TestOpenGraphSchemaService_GetSchemaFindings"
"Test cases for TestResources_DeleteSavedQuery_DeleteError","0","TestResources_DeleteSavedQuery_DeleteError","","2026-09-18","passed","2026-09-18","","Go Test","github.com/specterops/bloodhound/cmd/api/src/api/v2/TestResources_DeleteSavedQuery_DeleteError","TestResources_DeleteSavedQuery_DeleteError"
"","291","On successful upload, displays a completion of 100% and adds a ""Complete"" button that closes the dialog","SchemaUploadDialog","2026-09-18","passed","2026-09-18","","","",""
"","0","should exclude operations within a tag when only the path matches but not all paths","opsFilter","2026-09-18","passed","2026-09-18","","","",""
"","37","renders the Cypher Rules Panel when clicking the Rule Tab","Selected Details Tab Content","2026-09-18","passed","2026-09-18","","","",""
"Test cases for TestContextMiddlewareBypassEnabled","0","TestContextMiddlewareBypassEnabled","","2026-09-18","passed","2026-09-18","","Go Test","github.com/specterops/bloodhound/cmd/api/src/api/middleware/TestContextMiddlewareBypassEnabled","TestContextMiddlewareBypassEnabled"
"Test cases for TestCalculateLastFiscalQuarter","0","TestCalculateLastFiscalQuarter","","2026-09-18","passed","2026-09-18","","Go Test","github.com/specterops/bloodhound/packages/go/stbernard/command/dora/TestCalculateLastFiscalQuarter","TestCalculateLastFiscalQuarter"
"","28","clears selected if same note is clicked again","NoteCell component","2026-09-18","passed","2026-09-18","","","",""
"Test cases for TestResources_ListADDomainContainedUsers","2","TestResources_ListADDomainContainedUsers","","2026-09-18","passed","2026-09-18","","Go Test","github.com/specterops/bloodhound/cmd/api/src/api/v2/TestResources_ListADDomainContainedUsers","TestResources_ListADDomainContainedUsers"
"","29","renders relationship kind items with correct test-id","KindInfoItems","2026-09-18","passed","2026-09-18","","","",""
"","249","has user filters","FileIngestFilterDialog","2026-09-18","passed","2026-09-18","","User Select","",""
"Test cases for TestTimeSetValid","0","TestTimeSetValid","","2026-09-18","passed","2026-09-18","","Go Test","github.com/specterops/bloodhound/cmd/api/src/database/types/null/TestTimeSetValid","TestTimeSetValid"
"","691","shows a warning for using labels associated with tags in zone forms","Rule Form","2026-09-18","passed","2026-09-18","","","",""
"Test cases for TestRequestWaitDuration_Failure","0","TestRequestWaitDuration_Failure","","2026-09-18","passed","2026-09-18","","Go Test","github.com/specterops/bloodhound/cmd/api/src/api/middleware/TestRequestWaitDuration_Failure","TestRequestWaitDuration_Failure"
"Test cases for TestResources_GetAssetGroup","0","TestResources_GetAssetGroup","","2026-09-18","passed","2026-09-18","","Go Test","github.com/specterops/bloodhound/cmd/api/src/api/v2/TestResources_GetAssetGroup","TestResources_GetAssetGroup"
"","11","returns a prefer wait in the header when db config timeout limit setting is disabled and state of is disable query limit is true","useExploreGraph","2026-09-18","passed","2026-09-18","userSettings","exploreGraphQueryFactory","",""
"Test cases for TestResources_DeleteSavedQuery_UserNotAdmin","0","TestResources_DeleteSavedQuery_UserNotAdmin","","2026-09-18","passed","2026-09-18","","Go Test","github.com/specterops/bloodhound/cmd/api/src/api/v2/TestResources_DeleteSavedQuery_UserNotAdmin","TestResources_DeleteSavedQuery_UserNotAdmin"
"Test cases for TestManagementResource_ListPermissions_SortingError","0","TestManagementResource_ListPermissions_SortingError","","2026-09-18","passed","2026-09-18","","Go Test","github.com/specterops/bloodhound/cmd/api/src/api/v2/auth/TestManagementResource_ListPermissions_SortingError","TestManagementResource_ListPermissions_SortingError"
"","0","returns empty arrays when kinds data has empty arrays","graphSchema","2026-09-18","passed","2026-09-18","","","",""
"","229","emits allGraphData false when the parent is unchecked from all","GraphDataCheckboxes","2026-09-18","passed","2026-09-18","","","",""
"Test cases for TestDomainSelectors_GetFilterCriteria_InvalidFilterPredicate","0","TestDomainSelectors_GetFilterCriteria_InvalidFilterPredicate","","2026-09-18","passed","2026-09-18","","Go Test","github.com/specterops/bloodhound/cmd/api/src/model/TestDomainSelectors_GetFilterCriteria_InvalidFilterPredicate","TestDomainSelectors_GetFilterCriteria_InvalidFilterPredicate"
"Test cases for TestIngestControl_LockConflict","7","TestIngestControl_LockConflict","","2026-09-18","passed","2026-09-18","","Go Test","github.com/specterops/bloodhound/cmd/api/src/api/tools/TestIngestControl_LockConflict","TestIngestControl_LockConflict"
"Test cases for TestResources_UpdateAssetGroupSelectors_GetAssetGroupError","0","TestResources_UpdateAssetGroupSelectors_GetAssetGroupError","","2026-09-18","passed","2026-09-18","","Go Test","github.com/specterops/bloodhound/cmd/api/src/api/v2/TestResources_UpdateAssetGroupSelectors_GetAssetGroupError","TestResources_UpdateAssetGroupSelectors_GetAssetGroupError"
"","1","filters by name search (case insensitive)","filterAndSearchEnvironments","2026-09-18","passed","2026-09-18","","search filter","",""
"Test cases for TestUnifiedGraph_AddPathSet","0","TestUnifiedGraph_AddPathSet","","2026-09-18","passed","2026-09-18","","Go Test","github.com/specterops/bloodhound/cmd/api/src/model/TestUnifiedGraph_AddPathSet","TestUnifiedGraph_AddPathSet"
"","5","displays a pulsing indicator","StatusIndicator","2026-09-18","passed","2026-09-18","","","",""
"Test cases for TestManagementResource_SAMLLoginHandler","7","TestManagementResource_SAMLLoginHandler","","2026-09-18","passed","2026-09-18","","Go Test","github.com/specterops/bloodhound/cmd/api/src/api/v2/auth/TestManagementResource_SAMLLoginHandler","TestManagementResource_SAMLLoginHandler"
"","8","shows hint by default","ManagedDatePicker - placeholders","2026-09-18","passed","2026-09-18","","","",""
"","187","enables the create provider button for a user with the admin role","SSOConfiguration","2026-09-18","passed","2026-09-18","","","",""
"","5","clears an ascending sort when sorting the same column","useSortParams","2026-09-18","passed","2026-09-18","","","",""
"Test cases for Test_runMaybeCachedEntityQuery","2","Test_runMaybeCachedEntityQuery","","2026-09-18","passed","2026-09-18","","Go Test","github.com/specterops/bloodhound/cmd/api/src/queries/Test_runMaybeCachedEntityQuery","Test_runMaybeCachedEntityQuery"
"","0","sums all relationship metric values","getRelationshipsTotalCount","2026-09-18","passed","2026-09-18","","","",""
"","0","should compute coordinates along a quadratic bezier curve for a given t value","bezier","2026-09-18","passed","2026-09-18","","","",""
"","5","returns all collected environment ids associated to a given aggregation","getEnvironmentAggregationIds","2026-09-18","passed","2026-09-18","","","",""
"","326","sets exploreSearchTab param to pathfinding when the user clicks the `pathfinding` tab","ExploreSearch sets searchType on tab changing","2026-09-18","passed","2026-09-18","","","",""
"","48","includes edition availability in the operation button name","OperationSummaryWithEdition","2026-09-18","passed","2026-09-18","","","",""
"","197","Selecting an edge with a Computer target node that haslaps is enabled shows correct Windows Abuse text","EdgeInfoContent","2026-09-18","passed","2026-09-18","","","",""
"Test cases for TestConvertDomainToNode_InheritanceHashes","0","TestConvertDomainToNode_InheritanceHashes","","2026-09-18","passed","2026-09-18","","Go Test","github.com/specterops/bloodhound/packages/go/ein/TestConvertDomainToNode_InheritanceHashes","TestConvertDomainToNode_InheritanceHashes"
"Test cases for TestService_GetNode","0","TestService_GetNode","","2026-09-18","passed","2026-09-18","","Go Test","github.com/specterops/bloodhound/server/graphdb/internal/services/TestService_GetNode","TestService_GetNode"
"","45","initializes with the given state","useObjectState","2026-09-18","passed","2026-09-18","","","",""
"Test cases for TestResources_ListADComputerAdmins","0","TestResources_ListADComputerAdmins","","2026-09-18","passed","2026-09-18","","Go Test","github.com/specterops/bloodhound/cmd/api/src/api/v2/TestResources_ListADComputerAdmins","TestResources_ListADComputerAdmins"
"","74","renders item name after data is fetched","InfiniteScrollingTable","2026-09-18","passed","2026-09-18","","","",""
"Test cases for TestRenderNodeKindInfoMarkdown_ReturnsErrorForUnknownField","0","TestRenderNodeKindInfoMarkdown_ReturnsErrorForUnknownField","","2026-09-18","passed","2026-09-18","","Go Test","github.com/specterops/bloodhound/server/graphdb/internal/services/TestRenderNodeKindInfoMarkdown_ReturnsErrorForUnknownField","TestRenderNodeKindInfoMarkdown_ReturnsErrorForUnknownField"
"","1088","a cypher search 404 does not render the GraphViewErrorAlert","GraphView","2026-09-18","passed","2026-09-18","","","",""
"","1772","handles delete by source kind","DatabaseManagement","2026-09-18","passed","2026-09-18","","","",""
"","2","returns a date string only if passed a string with a matching key","Formatting strings via formatPrimive","2026-09-18","passed","2026-09-18","","","",""
"","69","initializes search tab to node search if the exploreSearchTab is not a supported tab name on first render","ExploreSearch sets searchType on tab changing","2026-09-18","passed","2026-09-18","","","",""
"Test cases for TestContextMiddlewareBypassDisabled","0","TestContextMiddlewareBypassDisabled","","2026-09-18","passed","2026-09-18","","Go Test","github.com/specterops/bloodhound/cmd/api/src/api/middleware/TestContextMiddlewareBypassDisabled","TestContextMiddlewareBypassDisabled"
"","1100","should render","EdgeInfoHeader","2026-09-18","passed","2026-09-18","","","",""
"Test cases for TestStorageDeployments","15","TestStorageDeployments","","2026-09-18","passed","2026-09-18","","Go Test","github.com/specterops/bloodhound/packages/go/stbernard/dora/TestStorageDeployments","TestStorageDeployments"
"Test cases for TestHandlers_GetRelationshipKindByID","0","TestHandlers_GetRelationshipKindByID","","2026-09-18","passed","2026-09-18","","Go Test","github.com/specterops/bloodhound/server/extensions/internal/handlers/TestHandlers_GetRelationshipKindByID","TestHandlers_GetRelationshipKindByID"
"","11","when password is expired and not on password reset page, redirects to password reset page","AuthenticatedRoute","2026-09-18","passed","2026-09-18","","","",""
"","31","should display a total count of asset group members","AssetGroupEdit","2026-09-18","passed","2026-09-18","","","",""
"","1","stores a number value in localStorage","useLocalStorage","2026-09-18","passed","2026-09-18","","setValue","",""
"","2","returns undefined if graphData is undefined","normalizeGraphDataForSigma","2026-09-18","passed","2026-09-18","","","",""
"Test cases for TestResources_ListADDomainContainedGroups","0","TestResources_ListADDomainContainedGroups","","2026-09-18","passed","2026-09-18","","Go Test","github.com/specterops/bloodhound/cmd/api/src/api/v2/TestResources_ListADDomainContainedGroups","TestResources_ListADDomainContainedGroups"
"Test cases for TestResources_GetAssetGroupMemberCount_Success","0","TestResources_GetAssetGroupMemberCount_Success","","2026-09-18","passed","2026-09-18","","Go Test","github.com/specterops/bloodhound/cmd/api/src/api/v2/TestResources_GetAssetGroupMemberCount_Success","TestResources_GetAssetGroupMemberCount_Success"
"","554","should call onSave when Save button is clicked and form input is valid","UpdateUserDialog","2026-09-18","passed","2026-09-18","","","",""
"","72","should not display a badge when role based filtering is false","EntityInfoPanel","2026-09-18","passed","2026-09-18","","","",""
"Test cases for TestCalculateStabilizationMetrics","10","TestCalculateStabilizationMetrics","","2026-09-18","passed","2026-09-18","","Go Test","github.com/specterops/bloodhound/packages/go/stbernard/dora/TestCalculateStabilizationMetrics","TestCalculateStabilizationMetrics"
"Test cases for TestStore_GetNodeKind","0","TestStore_GetNodeKind","","2026-09-18","passed","2026-09-18","","Go Test","github.com/specterops/bloodhound/server/extensions/internal/appdb/TestStore_GetNodeKind","TestStore_GetNodeKind"
"Test cases for TestOrphanFileSweeper_ClearStoredIngestFiles","36","TestOrphanFileSweeper_ClearStoredIngestFiles","","2026-09-18","passed","2026-09-18","","Go Test","github.com/specterops/bloodhound/cmd/api/src/daemons/datapipe/TestOrphanFileSweeper_ClearStoredIngestFiles","TestOrphanFileSweeper_ClearStoredIngestFiles"
"","305","should call performSearch on keyboard press alt+R","CypherSearch","2026-09-18","passed","2026-09-18","","","",""
"TestApplyEnvironmentOverrides tests environment variable overrides","0","TestApplyEnvironmentOverrides","","2026-09-18","passed","2026-09-18","","Go Test","github.com/specterops/bloodhound/packages/go/stbernard/dora/TestApplyEnvironmentOverrides","TestApplyEnvironmentOverrides"
"","12","calls onDataError and renders nothing when the aggregation request fails","OpenGraphPlatformInfo","2026-09-18","passed","2026-09-18","","","",""
"Test cases for TestQueries_GetEntityObjectIDFromRequestPath","0","TestQueries_GetEntityObjectIDFromRequestPath","","2026-09-18","passed","2026-09-18","","Go Test","github.com/specterops/bloodhound/cmd/api/src/queries/TestQueries_GetEntityObjectIDFromRequestPath","TestQueries_GetEntityObjectIDFromRequestPath"
"","0","should appropriately handle edges that contain underscores","getEdgeDataFromKey","2026-09-18","passed","2026-09-18","","","",""
"","155","calls openOIDCProviderDialog when OIDC Provider menu item is clicked","CreateMenu","2026-09-18","passed","2026-09-18","","oidc_support feature flag enabled","",""
"Test cases for TestResources_ListADOUContainedComputers","0","TestResources_ListADOUContainedComputers","","2026-09-18","passed","2026-09-18","","Go Test","github.com/specterops/bloodhound/cmd/api/src/api/v2/TestResources_ListADOUContainedComputers","TestResources_ListADOUContainedComputers"
"","496","calls onSave when valid form inputs are provided","PasswordDialog","2026-09-18","passed","2026-09-18","","","",""
"","0","returns null for an open graph environment without an id","getStatsComponent","2026-09-18","passed","2026-09-18","","","",""
"","42","when session token or user are null, redirects to /login","AuthenticatedRoute","2026-09-18","passed","2026-09-18","","","",""
"","2","The data is loading","Getting the text for the disabled item display for a search when there are no results","2026-09-18","passed","2026-09-18","","Loading states","",""
"Test cases for TestMatches_FailureStatus","0","TestMatches_FailureStatus","","2026-09-18","passed","2026-09-18","","Go Test","github.com/specterops/bloodhound/cmd/api/src/model/TestMatches_FailureStatus","TestMatches_FailureStatus"
"","54","disables the user actions menu for a user with the auditor role","User Actions Menu","2026-09-18","passed","2026-09-18","","Button Menu State","",""
"","376","renders the Platforms dropdown and handles click event","QuerySearchFilter","2026-09-18","passed","2026-09-18","","","",""
"","2","returns the full inbound and outbound path when selecting a middle node","SigmaChart Utils","2026-09-18","passed","2026-09-18","when a node is selected","getFullPathHighlightedEntities","",""
"Test cases for TestResources_ListADEntityLinkedGPOs","1","TestResources_ListADEntityLinkedGPOs","","2026-09-18","passed","2026-09-18","","Go Test","github.com/specterops/bloodhound/cmd/api/src/api/v2/TestResources_ListADEntityLinkedGPOs","TestResources_ListADEntityLinkedGPOs"
"","0","returns the values of every option for an all selection","getValuesFromSelection","2026-09-18","passed","2026-09-18","","","",""
"Test cases for TestFormatDatabaseErrorNotFound","0","TestFormatDatabaseErrorNotFound","","2026-09-18","passed","2026-09-18","","Go Test","github.com/specterops/bloodhound/cmd/api/src/api/TestFormatDatabaseErrorNotFound","TestFormatDatabaseErrorNotFound"
"Test cases for TestResources_ListPublishedToCAs","0","TestResources_ListPublishedToCAs","","2026-09-18","passed","2026-09-18","","Go Test","github.com/specterops/bloodhound/cmd/api/src/api/v2/TestResources_ListPublishedToCAs","TestResources_ListPublishedToCAs"
"","381","should display Environmental Targeted Access Control panel when showEnvironmentAccessControls prop is true and read-only role is selected","CreateUserForm","2026-09-18","passed","2026-09-18","","","",""
"","0","floors DateTime objects to the nearest minute","floorToNearestMinute","2026-09-18","passed","2026-09-18","","","",""
"","22","should highlight selected route","Main Nav Route Highlighting","2026-09-18","passed","2026-09-18","","","",""
"","60","returns a list of the users current permissions","usePermissions","2026-09-18","passed","2026-09-18","","","",""
"","5","does not return when label limit is not reached","useTagLimits","2026-09-18","passed","2026-09-18","","","",""
"Test cases for TestCreateRuntimeDependenciesInitializesDefaultFileServices","3","TestCreateRuntimeDependenciesInitializesDefaultFileServices","","2026-09-18","passed","2026-09-18","","Go Test","github.com/specterops/bloodhound/cmd/api/src/services/TestCreateRuntimeDependenciesInitializesDefaultFileServices","TestCreateRuntimeDependenciesInitializesDefaultFileServices"
"","1","prevents MouseCoords events","preventAllDefaults","2026-09-18","passed","2026-09-18","","","",""
"","8","renders highlight only for active selector when ruleId is present","SelectedHighlight","2026-09-18","passed","2026-09-18","","","",""
"","37","hides items when the flag is disabled","useSubNavRoutes","2026-09-18","passed","2026-09-18","","featureFlag gate","",""
"","18","shows the direct object empty and expanded object list empty, when no results in both","Seed Selection Results","2026-09-18","passed","2026-09-18","","","",""
"","121","The API key management option should appear in profile page if the user is configured for SAML login","UserProfile with SSO User","2026-09-18","passed","2026-09-18","","","",""
"Test cases for TestStore_DeleteAnalysisRequest","0","TestStore_DeleteAnalysisRequest","","2026-09-18","passed","2026-09-18","","Go Test","github.com/specterops/bloodhound/server/analysis/internal/appdb/TestStore_DeleteAnalysisRequest","TestStore_DeleteAnalysisRequest"
"","0","The data is fetching","Getting the text for the disabled item display for a search when there are no results","2026-09-18","passed","2026-09-18","","Loading states","",""
"Test cases for TestCreateUser_ResetPassword","1179","TestCreateUser_ResetPassword","","2026-09-18","passed","2026-09-18","","Go Test","github.com/specterops/bloodhound/cmd/api/src/api/v2/auth/TestCreateUser_ResetPassword","TestCreateUser_ResetPassword"
"TestCacheEntryDigester_DigestEndpoint_MatchByProperty tests the sorting and hashinglogic when MatchBy is set to MatchByProperty.","0","TestCacheEntryDigester_DigestEndpoint_MatchByProperty","","2026-09-18","passed","2026-09-18","","Go Test","github.com/specterops/bloodhound/cmd/api/src/services/graphify/endpoint/TestCacheEntryDigester_DigestEndpoint_MatchByProperty","TestCacheEntryDigester_DigestEndpoint_MatchByProperty"
"","0","filters by high risk level","filterAndSearchEnvironments","2026-09-18","passed","2026-09-18","","risk filters","",""
"Test cases for TestWriteErrorResponse_V2","0","TestWriteErrorResponse_V2","","2026-09-18","passed","2026-09-18","","Go Test","github.com/specterops/bloodhound/cmd/api/src/api/TestWriteErrorResponse_V2","TestWriteErrorResponse_V2"
"Test cases for TestManagementResource_UpdateOIDCProvider","1","TestManagementResource_UpdateOIDCProvider","","2026-09-18","passed","2026-09-18","","Go Test","github.com/specterops/bloodhound/cmd/api/src/api/v2/auth/TestManagementResource_UpdateOIDCProvider","TestManagementResource_UpdateOIDCProvider"
"Test cases for TestHandlers_GetRelationshipByID","1","TestHandlers_GetRelationshipByID","","2026-09-18","passed","2026-09-18","","Go Test","github.com/specterops/bloodhound/server/graphdb/internal/handlers/TestHandlers_GetRelationshipByID","TestHandlers_GetRelationshipByID"
"Test cases for TestResources_CreateSavedQuery_NotAUserAuth","0","TestResources_CreateSavedQuery_NotAUserAuth","","2026-09-18","passed","2026-09-18","","Go Test","github.com/specterops/bloodhound/cmd/api/src/api/v2/TestResources_CreateSavedQuery_NotAUserAuth","TestResources_CreateSavedQuery_NotAUserAuth"
"","63","sets primarySearch, searchType, exploreSearchTab in URL params when the click handler is executed","useEdgeInfoItems","2026-09-18","passed","2026-09-18","","","",""
"Test cases for TestFlatMap","0","TestFlatMap","","2026-09-18","passed","2026-09-18","","Go Test","github.com/specterops/bloodhound/packages/go/slicesext/TestFlatMap","TestFlatMap"
"Test cases for TestResources_ListAuditLogs_InvalidPredicate","0","TestResources_ListAuditLogs_InvalidPredicate","","2026-09-18","passed","2026-09-18","","Go Test","github.com/specterops/bloodhound/cmd/api/src/api/v2/TestResources_ListAuditLogs_InvalidPredicate","TestResources_ListAuditLogs_InvalidPredicate"
"Test cases for TestConvertAzureSubscriptionContributorToRels","0","TestConvertAzureSubscriptionContributorToRels","","2026-09-18","passed","2026-09-18","","Go Test","github.com/specterops/bloodhound/packages/go/ein/TestConvertAzureSubscriptionContributorToRels","TestConvertAzureSubscriptionContributorToRels"
"","64","Disable Analyze Now and change to Analyzing if datapipe status is different from ""idle""","AnalyzeNowConfiguration","2026-09-18","passed","2026-09-18","","","",""
"","6","disables the upload button and does not populate a table if the user lacks the permission","File Upload","2026-09-18","passed","2026-09-18","","","",""
"","2","does not put assertive messages in the polite region","AnnouncementProvider","2026-09-18","passed","2026-09-18","","","",""
"Test cases for TestNewService","0","TestNewService","","2026-09-18","passed","2026-09-18","","Go Test","github.com/specterops/bloodhound/server/etac/internal/services/TestNewService","TestNewService"
"Test cases for TestCalculateQualityMetrics","18","TestCalculateQualityMetrics","","2026-09-18","passed","2026-09-18","","Go Test","github.com/specterops/bloodhound/packages/go/stbernard/dora/TestCalculateQualityMetrics","TestCalculateQualityMetrics"
"","0","returns false if value is 'string'","searchParams","2026-09-18","passed","2026-09-18","","isEmptyParam","",""
"","2","returns true when the highlighted item is a node in the graph","SigmaChart Utils","2026-09-18","passed","2026-09-18","","getIsHighlightedItemInGraph","",""
"","285","calls setFilters when the Confirm button is clicked","Privilege Zones History Filter Dialog","2026-09-18","passed","2026-09-18","","","",""
"","222","displays 0 when a given sections returns empty, and sums the rest of the sections correctly","EntityInfoDataTableGraphed","2026-09-18","passed","2026-09-18","","Node count for nested table that counts all sections","",""
"","101","a timeout response from the server is handled","ExploreSearchCombobox with search timeout","2026-09-18","passed","2026-09-18","","","",""
"","0","handles unix time values by converting them to our standard date display format","Formatting number properties","2026-09-18","passed","2026-09-18","","","",""
"","42","skips undefined items gracefully","<DetailsAccordion />","2026-09-18","passed","2026-09-18","","","",""
"","605","should hide Environmental Targeted Access Control panel when showEnvironmentAccessControls prop is true and power user role is selected","CreateUserForm","2026-09-18","passed","2026-09-18","","","",""
"","46","calls onSort when clicked with a tooltip","ColumnHeaders","2026-09-18","passed","2026-09-18","","SortableHeader with Tooltip","",""
"","21","generates a human-friendly default filename for graph exports","exportGraphData","2026-09-18","passed","2026-09-18","","","",""
"","68","continue button is disabled when no SSO provider has been selected","LoginViaSSOForm","2026-09-18","passed","2026-09-18","","","",""
"Test cases for TestRRuleValidator","0","TestRRuleValidator","","2026-09-18","passed","2026-09-18","","Go Test","github.com/specterops/bloodhound/cmd/api/src/utils/validation/TestRRuleValidator","TestRRuleValidator"
"","39","indicates the code container is scrollable when the code is unwrapped","CodeController","2026-09-18","passed","2026-09-18","","","",""
"","245","supports keyboard activation of additional actions","GraphControls","2026-09-18","passed","2026-09-18","","Exporting json","",""
"","111","renders the form for editing an existing label","Tag Form","2026-09-18","passed","2026-09-18","","","",""
"Test cases for TestResources_ListFileUploadJobs","0","TestResources_ListFileUploadJobs","","2026-09-18","passed","2026-09-18","","Go Test","github.com/specterops/bloodhound/cmd/api/src/api/v2/TestResources_ListFileUploadJobs","TestResources_ListFileUploadJobs"
"","12","disables useAvailableEnvironment and does not attempt calling handleInitialEnvironment if queryOptions.enabled","useInitialEnvironment","2026-09-18","passed","2026-09-18","","","",""
"Test cases for TestHandlers_GetNodeKindByID","0","TestHandlers_GetNodeKindByID","","2026-09-18","passed","2026-09-18","","Go Test","github.com/specterops/bloodhound/server/extensions/internal/handlers/TestHandlers_GetNodeKindByID","TestHandlers_GetNodeKindByID"
"","181","displays no search results message when search yields no matches","ActiveExtensionsCard","2026-09-18","passed","2026-09-18","","","",""
"Test cases for TestNewAnalysisRequestSubmitter","0","TestNewAnalysisRequestSubmitter","","2026-09-18","passed","2026-09-18","","Go Test","github.com/specterops/bloodhound/server/analysis/TestNewAnalysisRequestSubmitter","TestNewAnalysisRequestSubmitter"
"","4","does not render the field when handleSourceNodeSelected is not provided","BasicObjectInfoFields related kind fields","2026-09-18","passed","2026-09-18","","'Federated Identity Credential Applica…'","",""
"Test cases for TestGenerateQRCodeBase64","0","TestGenerateQRCodeBase64","","2026-09-18","passed","2026-09-18","","Go Test","github.com/specterops/bloodhound/cmd/api/src/auth/TestGenerateQRCodeBase64","TestGenerateQRCodeBase64"
"Test cases for TestParseHeaderValues","0","TestParseHeaderValues","","2026-09-18","passed","2026-09-18","","Go Test","github.com/specterops/bloodhound/cmd/api/src/api/middleware/TestParseHeaderValues","TestParseHeaderValues"
"Test cases for TestNewDefaultFileServices_ReturnsError","1","TestNewDefaultFileServices_ReturnsError","","2026-09-18","passed","2026-09-18","","Go Test","github.com/specterops/bloodhound/cmd/api/src/services/storage/TestNewDefaultFileServices_ReturnsError","TestNewDefaultFileServices_ReturnsError"
"Test cases for TestStorageFileService_ListFiles","8","TestStorageFileService_ListFiles","","2026-09-18","passed","2026-09-18","","Go Test","github.com/specterops/bloodhound/packages/go/storage/TestStorageFileService_ListFiles","TestStorageFileService_ListFiles"
"Test cases for TestTracker_HasEdge_NilVsEmptyProperties","0","TestTracker_HasEdge_NilVsEmptyProperties","","2026-09-18","passed","2026-09-18","","Go Test","github.com/specterops/bloodhound/packages/go/analysis/post/TestTracker_HasEdge_NilVsEmptyProperties","TestTracker_HasEdge_NilVsEmptyProperties"
"","0","returns paramValue as EnvironmentAggregation for unknown values (custom types)","useEnvironmentParams","2026-09-18","passed","2026-09-18","","parseEnvironmentAggregation","",""
"Test cases for TestRewriter_Enter_UpdatingClauseSetsHasMutation","0","TestRewriter_Enter_UpdatingClauseSetsHasMutation","","2026-09-18","passed","2026-09-18","","Go Test","github.com/specterops/bloodhound/cmd/api/src/queries/TestRewriter_Enter_UpdatingClauseSetsHasMutation","TestRewriter_Enter_UpdatingClauseSetsHasMutation"
"Test cases for TestIngestControl_FetchRetainedIngestFiles","14","TestIngestControl_FetchRetainedIngestFiles","","2026-09-18","passed","2026-09-18","","Go Test","github.com/specterops/bloodhound/cmd/api/src/api/tools/TestIngestControl_FetchRetainedIngestFiles","TestIngestControl_FetchRetainedIngestFiles"
"","43","is disabled if no filters are active","AssetGroupEdit","2026-09-18","passed","2026-09-18","","Clear Filters button","",""
"","0","should handle an entity that has an empty name property","Evaluating the entity display name from a given entity","2026-09-18","passed","2026-09-18","","","",""
"Test cases for TestCollectDeploymentsValidation","0","TestCollectDeploymentsValidation","","2026-09-18","passed","2026-09-18","","Go Test","github.com/specterops/bloodhound/packages/go/stbernard/dora/TestCollectDeploymentsValidation","TestCollectDeploymentsValidation"
"","9","should render when search string is in the middle of the text","HighlightedText","2026-09-18","passed","2026-09-18","","","",""
"Test cases for TestNewDefaultFileServices","0","TestNewDefaultFileServices","","2026-09-18","passed","2026-09-18","","Go Test","github.com/specterops/bloodhound/cmd/api/src/services/storage/TestNewDefaultFileServices","TestNewDefaultFileServices"
"Test cases for Test_PrimaryDisplayKinds_Add","0","Test_PrimaryDisplayKinds_Add","","2026-09-18","passed","2026-09-18","","Go Test","github.com/specterops/bloodhound/packages/go/graphschema/Test_PrimaryDisplayKinds_Add","Test_PrimaryDisplayKinds_Add"
"","34","should render oidc info provider","SSOProviderTable","2026-09-18","passed","2026-09-18","","","",""
"","156","should display ""Disable Multi-Factor Authentication?"" title","Enable2FADialog","2026-09-18","passed","2026-09-18","","","",""
"","48","shows hover and drag-active states","FileDrop","2026-09-18","passed","2026-09-18","","","",""
"","5351","checking a subcategory updates all children (edge types) in its group","Pathfinding","2026-09-18","passed","2026-09-18","","","",""
"","6","does not render when selector data is not defined","Delete Selector Button rendering","2026-09-18","passed","2026-09-18","","","",""
"","37","displays a status indicator","StatusIndicator","2026-09-18","passed","2026-09-18","","","",""
"Test cases for TestBoolPointer","0","TestBoolPointer","","2026-09-18","passed","2026-09-18","","Go Test","github.com/specterops/bloodhound/cmd/api/src/database/types/null/TestBoolPointer","TestBoolPointer"
"Test cases for TestResources_DeleteSavedQuery_DBError","0","TestResources_DeleteSavedQuery_DBError","","2026-09-18","passed","2026-09-18","","Go Test","github.com/specterops/bloodhound/cmd/api/src/api/v2/TestResources_DeleteSavedQuery_DBError","TestResources_DeleteSavedQuery_DBError"
"","110","highlights the table option instead of selectedLayout when table is selected on a cypher query","GraphControls","2026-09-18","passed","2026-09-18","","Table view selection state","",""
"Test cases for TestErrorReadDomainSIDandNameAsString","0","TestErrorReadDomainSIDandNameAsString","","2026-09-18","passed","2026-09-18","","Go Test","github.com/specterops/bloodhound/packages/go/analysis/ad/internal/nodeprops/TestErrorReadDomainSIDandNameAsString","TestErrorReadDomainSIDandNameAsString"
"Test cases for TestExpireUserAuthSecret_Success","0","TestExpireUserAuthSecret_Success","","2026-09-18","passed","2026-09-18","","Go Test","github.com/specterops/bloodhound/cmd/api/src/api/v2/auth/TestExpireUserAuthSecret_Success","TestExpireUserAuthSecret_Success"
"Test cases for TestRewriter_Enter_CombinedAzureAndADShortcut_ConcatenatesKinds","0","TestRewriter_Enter_CombinedAzureAndADShortcut_ConcatenatesKinds","","2026-09-18","passed","2026-09-18","","Go Test","github.com/specterops/bloodhound/cmd/api/src/queries/TestRewriter_Enter_CombinedAzureAndADShortcut_ConcatenatesKinds","TestRewriter_Enter_CombinedAzureAndADShortcut_ConcatenatesKinds"
"","0","isError returns as expected based on all queries combined","queriesAreLoadingOrErrored","2026-09-18","passed","2026-09-18","","","",""
"Test cases for TestStorageFileService_DeleteFile","8","TestStorageFileService_DeleteFile","","2026-09-18","passed","2026-09-18","","Go Test","github.com/specterops/bloodhound/packages/go/storage/TestStorageFileService_DeleteFile","TestStorageFileService_DeleteFile"
"Test cases for TestSortJSONArrayElements","1","TestSortJSONArrayElements","","2026-09-18","passed","2026-09-18","","Go Test","github.com/specterops/bloodhound/cmd/api/src/utils/test/TestSortJSONArrayElements","TestSortJSONArrayElements"
"Test cases for TestUnmarshalBool","0","TestUnmarshalBool","","2026-09-18","passed","2026-09-18","","Go Test","github.com/specterops/bloodhound/cmd/api/src/database/types/null/TestUnmarshalBool","TestUnmarshalBool"
"","78","does not open the dialog when the user does not have the opengraph write permission","SchemaUploadDialog","2026-09-18","passed","2026-09-18","","","",""
"","539","should render many sections with many navigation items","SubNav","2026-09-18","passed","2026-09-18","","","",""
"","100","should call onCancel when return to login button clicked","PasswordResetForm","2026-09-18","passed","2026-09-18","","","",""
"","264","disables a nested graph data option while its source kind is selected","GraphDataCheckboxes","2026-09-18","passed","2026-09-18","","","",""
"Test cases for TestAnalysisPipelineResultString","0","TestAnalysisPipelineResultString","","2026-09-18","passed","2026-09-18","","Go Test","github.com/specterops/bloodhound/packages/go/analysis/TestAnalysisPipelineResultString","TestAnalysisPipelineResultString"
"","7","when user has a disallowed role for a route with disallowed roles, they see the disallowed notification.","AuthenticatedRoute","2026-09-18","passed","2026-09-18","","","",""
"Test cases for TestNewLocalStore","10","TestNewLocalStore","","2026-09-18","passed","2026-09-18","","Go Test","github.com/specterops/bloodhound/packages/go/storage/TestNewLocalStore","TestNewLocalStore"
"","668","displays validation error messages when password does not meet requirements","PasswordDialog","2026-09-18","passed","2026-09-18","","","",""
"","310","Selecting a ServerIs edge shows its contextual HelpTexts","EdgeInfoContent","2026-09-18","passed","2026-09-18","","","",""
"","484","should render","ExploreSearch rendering per tab","2026-09-18","passed","2026-09-18","","","",""
"Test cases for TestParseGroupMiscData","1","TestParseGroupMiscData","","2026-09-18","passed","2026-09-18","","Go Test","github.com/specterops/bloodhound/packages/go/ein/TestParseGroupMiscData","TestParseGroupMiscData"
"Test cases for TestResources_ListADDomainContainedGPOs","1","TestResources_ListADDomainContainedGPOs","","2026-09-18","passed","2026-09-18","","Go Test","github.com/specterops/bloodhound/cmd/api/src/api/v2/TestResources_ListADDomainContainedGPOs","TestResources_ListADDomainContainedGPOs"
"","32","calls openSAMLProviderDialog when create provider button is clicked","CreateMenu","2026-09-18","passed","2026-09-18","","oidc_support feature flag disabled","",""
"Test cases for TestSIDSuffix_String","1","TestSIDSuffix_String","","2026-09-18","passed","2026-09-18","","Go Test","github.com/specterops/bloodhound/packages/go/analysis/ad/wellknown/TestSIDSuffix_String","TestSIDSuffix_String"
"Test cases for TestURLJoinPathNoPrefix","0","TestURLJoinPathNoPrefix","","2026-09-18","passed","2026-09-18","","Go Test","github.com/specterops/bloodhound/cmd/api/src/api/TestURLJoinPathNoPrefix","TestURLJoinPathNoPrefix"
"Test cases for TestLoginResource_Logout","9","TestLoginResource_Logout","","2026-09-18","passed","2026-09-18","","Go Test","github.com/specterops/bloodhound/cmd/api/src/api/v2/auth/TestLoginResource_Logout","TestLoginResource_Logout"
"","58","returns the full environment of the environmentId found in the search params","useAvailableEnvironments","2026-09-18","passed","2026-09-18","","useSelectedEnvironment","",""
"","6","updates key in state","useObjectState","2026-09-18","passed","2026-09-18","","","",""
"Test cases for TestIngestJobs_ValidFilters","0","TestIngestJobs_ValidFilters","","2026-09-18","passed","2026-09-18","","Go Test","github.com/specterops/bloodhound/cmd/api/src/model/TestIngestJobs_ValidFilters","TestIngestJobs_ValidFilters"
"Test cases for TestNewAuditLog_Error","0","TestNewAuditLog_Error","","2026-09-18","passed","2026-09-18","","Go Test","github.com/specterops/bloodhound/cmd/api/src/database/TestNewAuditLog_Error","TestNewAuditLog_Error"
"Test cases for TestCacheEntryDigester_DigestEndpoint_DefaultObjectID","0","TestCacheEntryDigester_DigestEndpoint_DefaultObjectID","","2026-09-18","passed","2026-09-18","","Go Test","github.com/specterops/bloodhound/cmd/api/src/services/graphify/endpoint/TestCacheEntryDigester_DigestEndpoint_DefaultObjectID","TestCacheEntryDigester_DigestEndpoint_DefaultObjectID"
"Test cases for TestResolveTimeRange","0","TestResolveTimeRange","","2026-09-18","passed","2026-09-18","","Go Test","github.com/specterops/bloodhound/packages/go/stbernard/command/dora/TestResolveTimeRange","TestResolveTimeRange"
"","0","should hide/expand search widget when user clicks minus/plus button","ExploreSearch rendering per tab","2026-09-18","unknown","2026-09-18","","","",""
"","3","returns true if arrays are referentially equal","areArraysSimilar","2026-09-18","passed","2026-09-18","","","",""
"","78","renders a single item when items is an object","<DetailsAccordion />","2026-09-18","passed","2026-09-18","","","",""
"","0","handles null or empty madeBy","createHistoryParams","2026-09-18","passed","2026-09-18","","","",""
"Test cases for TestPerformanceTier","1","TestPerformanceTier","","2026-09-18","passed","2026-09-18","","Go Test","github.com/specterops/bloodhound/packages/go/stbernard/dora/TestPerformanceTier","TestPerformanceTier"
"","418","lists all available node kinds as options to filter by","AssetGroupEdit","2026-09-18","passed","2026-09-18","","Node Type dropdown filter","",""
"Test cases for Test_ParseGraphSortParameters_Success","0","Test_ParseGraphSortParameters_Success","","2026-09-18","passed","2026-09-18","","Go Test","github.com/specterops/bloodhound/cmd/api/src/api/Test_ParseGraphSortParameters_Success","Test_ParseGraphSortParameters_Success"
"","228","should disable Cancel and Save buttons while isLoading is true","CreateUserDialog","2026-09-18","passed","2026-09-18","","","",""
"Test cases for TestResources_CreateCustomNodeKindsTest","105","TestResources_CreateCustomNodeKindsTest","","2026-09-18","passed","2026-09-18","","Go Test","github.com/specterops/bloodhound/cmd/api/src/api/v2/TestResources_CreateCustomNodeKindsTest","TestResources_CreateCustomNodeKindsTest"
"","42","calls handleSourceNodeSelected with the related node when the id is clicked","BasicObjectInfoFields related kind fields","2026-09-18","passed","2026-09-18","","'Federated Identity Credential Applica…'","",""
"","584","should open save dialog on keyboard press alt+S","CypherSearch","2026-09-18","passed","2026-09-18","","","",""
"Test cases for TestCompressionMiddleware_CompressesResponseWhenGzipIsAccepted","1","TestCompressionMiddleware_CompressesResponseWhenGzipIsAccepted","","2026-09-18","passed","2026-09-18","","Go Test","github.com/specterops/bloodhound/cmd/api/src/api/middleware/TestCompressionMiddleware_CompressesResponseWhenGzipIsAccepted","TestCompressionMiddleware_CompressesResponseWhenGzipIsAccepted"
"Test cases for TestMatches_FailureAction","0","TestMatches_FailureAction","","2026-09-18","passed","2026-09-18","","Go Test","github.com/specterops/bloodhound/cmd/api/src/model/TestMatches_FailureAction","TestMatches_FailureAction"
"Test cases for TestHasSequence","1","TestHasSequence","","2026-09-18","passed","2026-09-18","","Go Test","github.com/specterops/bloodhound/packages/go/bomenc/TestHasSequence","TestHasSequence"
"Test cases for TestRegister","1","TestRegister","","2026-09-18","passed","2026-09-18","","Go Test","github.com/specterops/bloodhound/server/analysis/internal/routes/TestRegister","TestRegister"
"","178","should display ""Close"" button","UserTokenManagementDialog","2026-09-18","passed","2026-09-18","","","",""
"","804","shows an error message when unable to delete a rule","Rule Form","2026-09-18","passed","2026-09-18","","","",""
"Test cases for TestSortParseAndValidate_Parsing","1","TestSortParseAndValidate_Parsing","","2026-09-18","passed","2026-09-18","","Go Test","github.com/specterops/bloodhound/packages/go/params/TestSortParseAndValidate_Parsing","TestSortParseAndValidate_Parsing"
"","0","should compute the midpoint of a line segment","bezier","2026-09-18","passed","2026-09-18","","","",""
"Test cases for TestMarkdownValidator_Policy","4","TestMarkdownValidator_Policy","","2026-09-18","passed","2026-09-18","","Go Test","github.com/specterops/bloodhound/cmd/api/src/services/opengraphschema/TestMarkdownValidator_Policy","TestMarkdownValidator_Policy"
"","0","returns all collected environments when aggegation type is all","getEnvironmentAggregationIds","2026-09-18","passed","2026-09-18","","","",""
"","530","executes a primary search when only a source node is provided","Pathfinding: interaction","2026-09-18","passed","2026-09-18","","","",""
"","7","removes its change listener when unmounted","useMediaQuery","2026-09-18","passed","2026-09-18","","","",""
"Test cases for TestService_GetTierZeroTag","0","TestService_GetTierZeroTag","","2026-09-18","passed","2026-09-18","","Go Test","github.com/specterops/bloodhound/server/assetgrouptags/internal/services/TestService_GetTierZeroTag","TestService_GetTierZeroTag"
"","10","returns numbers as strings","numberFormatting","2026-09-18","passed","2026-09-18","","","",""
"","377","sets the selectedItem param and closes the search panel when a node is selected","GraphControls","2026-09-18","passed","2026-09-18","","Searching current results","",""
"Test cases for TestService_ToggleFlag","3","TestService_ToggleFlag","","2026-09-18","passed","2026-09-18","","Go Test","github.com/specterops/bloodhound/server/featureflags/internal/services/TestService_ToggleFlag","TestService_ToggleFlag"
"","0","does not change the day, month, or year value of the DateTime object","floorToNearestMinute","2026-09-18","passed","2026-09-18","","","",""
"","385","displays a Upload Files button","FileIngest","2026-09-18","passed","2026-09-18","","","",""
"","53","indicates that filters are active","AssetGroupEdit","2026-09-18","passed","2026-09-18","","","",""
"","463","should display all available roles","UpdateUserDialog","2026-09-18","passed","2026-09-18","","","",""
"Test cases for TestDisenrollMFA_Admin_FailureIncorrectPassword","1965","TestDisenrollMFA_Admin_FailureIncorrectPassword","","2026-09-18","passed","2026-09-18","","Go Test","github.com/specterops/bloodhound/cmd/api/src/api/v2/auth/TestDisenrollMFA_Admin_FailureIncorrectPassword","TestDisenrollMFA_Admin_FailureIncorrectPassword"
"Test cases for TestRoleMembers","0","TestRoleMembers","","2026-09-18","passed","2026-09-18","","Go Test","github.com/specterops/bloodhound/packages/go/analysis/azure/TestRoleMembers","TestRoleMembers"
"","0","fails for empty password","testPassword","2026-09-18","passed","2026-09-18","","","",""
"","44","does not display notification when user has GRAPH_DB_INGEST_READ permission","FileIngest","2026-09-18","passed","2026-09-18","","","",""
"","6","displays lastlogon cell as NEVER when the value is -1","ExploreTableDataCell","2026-09-18","passed","2026-09-18","","","",""
"Test cases for TestQueries_GetEntityResults","0","TestQueries_GetEntityResults","","2026-09-18","passed","2026-09-18","","Go Test","github.com/specterops/bloodhound/cmd/api/src/queries/TestQueries_GetEntityResults","TestQueries_GetEntityResults"
"","16","renders the search button","GraphControls","2026-09-18","passed","2026-09-18","","Searching current results","",""
"Test cases for TestResources_GetDomainEntityInfo","6","TestResources_GetDomainEntityInfo","","2026-09-18","passed","2026-09-18","","Go Test","github.com/specterops/bloodhound/cmd/api/src/api/v2/TestResources_GetDomainEntityInfo","TestResources_GetDomainEntityInfo"
"","52","disables the upload file button when the user does not have the opengraph write permission","SchemaUploadDialog","2026-09-18","passed","2026-09-18","","","",""
"","7","does not render the field when handleSourceNodeSelected is not provided","BasicObjectInfoFields related kind fields","2026-09-18","passed","2026-09-18","","'Service Principal ID'","",""
"","48","List Display Roles Hook is Loading","useListDisplayRoles","2026-09-18","passed","2026-09-18","","","",""
"Test cases for TestStringEqual","0","TestStringEqual","","2026-09-18","passed","2026-09-18","","Go Test","github.com/specterops/bloodhound/cmd/api/src/database/types/null/TestStringEqual","TestStringEqual"
"","0","Will ignore what is to the left of the first colon if it doesnt match an existing kind and will treat all as keyword","parseKeywordAndTypeValue","2026-09-18","passed","2026-09-18","","","",""
"","120","renders with the Export and Delete buttons disabled","QuerySearchFilter","2026-09-18","passed","2026-09-18","","","",""
"","23","should display the checkbox group title","Checkbox group","2026-09-18","passed","2026-09-18","","","",""
"","24","tag members refetches on sort change","the useAssetGroupTags utilities","2026-09-18","passed","2026-09-18","","","",""
"","7","sets autoDisplayTable to false if query type is relationship","useExploreTableAutoDisplay","2026-09-18","passed","2026-09-18","","","",""
"Test cases for TestSeekToKey","0","TestSeekToKey","","2026-09-18","passed","2026-09-18","","Go Test","github.com/specterops/bloodhound/cmd/api/src/services/graphify/TestSeekToKey","TestSeekToKey"
"Test cases for TestService_FetchNodesByObjectIDsAndKinds","0","TestService_FetchNodesByObjectIDsAndKinds","","2026-09-18","passed","2026-09-18","","Go Test","github.com/specterops/bloodhound/server/graphdb/internal/services/TestService_FetchNodesByObjectIDsAndKinds","TestService_FetchNodesByObjectIDsAndKinds"
"","9","does not request finished jobs if lacking permission","useFinishedJobs","2026-09-18","passed","2026-09-18","","","",""
"Test cases for TestCacheEntryDigester_DigestEndpoint_MatchByName","0","TestCacheEntryDigester_DigestEndpoint_MatchByName","","2026-09-18","passed","2026-09-18","","Go Test","github.com/specterops/bloodhound/cmd/api/src/services/graphify/endpoint/TestCacheEntryDigester_DigestEndpoint_MatchByName","TestCacheEntryDigester_DigestEndpoint_MatchByName"
"","298","navigates to object details when clicking an object row","ObjectsAccordion","2026-09-18","passed","2026-09-18","","","",""
"","0","properly displays bitwise integers","Formatting number properties","2026-09-18","passed","2026-09-18","","","",""
"Test cases for TestOrphanFileSweeper_IsExcludedStoragePath","43","TestOrphanFileSweeper_IsExcludedStoragePath","","2026-09-18","passed","2026-09-18","","Go Test","github.com/specterops/bloodhound/cmd/api/src/daemons/datapipe/TestOrphanFileSweeper_IsExcludedStoragePath","TestOrphanFileSweeper_IsExcludedStoragePath"
"Test cases for TestDefineNodeName","0","TestDefineNodeName","","2026-09-18","passed","2026-09-18","","Go Test","github.com/specterops/bloodhound/packages/go/analysis/ad/wellknown/TestDefineNodeName","TestDefineNodeName"
"","190","should render a TagToZoneLabelDialog component","TagToZoneLabelDialog","2026-09-18","passed","2026-09-18","","","",""
"Test cases for TestCalculateTimeToRestoreMinorVersionBoundary","16","TestCalculateTimeToRestoreMinorVersionBoundary","","2026-09-18","passed","2026-09-18","","Go Test","github.com/specterops/bloodhound/packages/go/stbernard/dora/TestCalculateTimeToRestoreMinorVersionBoundary","TestCalculateTimeToRestoreMinorVersionBoundary"
"","31","when `selectedItem` is null, the combobox does not display an icon","icon rendering","2026-09-18","passed","2026-09-18","","","",""
"","0","returns null if paramValue is null","useEnvironmentParams","2026-09-18","passed","2026-09-18","","parseEnvironmentAggregation","",""
"","6","should handle special characters","HighlightedText","2026-09-18","passed","2026-09-18","","","",""
"","0","prefixes each node_kind with a colon for labels","graphSchema","2026-09-18","passed","2026-09-18","","","",""
"Test cases for TestLocalStore_Move","10","TestLocalStore_Move","","2026-09-18","passed","2026-09-18","","Go Test","github.com/specterops/bloodhound/packages/go/storage/TestLocalStore_Move","TestLocalStore_Move"
"","79","Verify Vault Reader count is the count returned by All Readers","EntityInfoDataTable","2026-09-18","passed","2026-09-18","","Node count for Vault Readers nested table","",""
"","1322","""Columns"" button allows user to edit column settings","ExploreTable","2026-09-18","passed","2026-09-18","","","",""
"","0","returns false if arrays have different elements","areArraysSimilar","2026-09-18","passed","2026-09-18","","","",""
"","89","should call onCancel when return to login button clicked","OneTimePasscodeForm","2026-09-18","passed","2026-09-18","","","",""
"","0","returns only the known types when environments is null","getOpenGraphEnvironmentInfoMap","2026-09-18","passed","2026-09-18","","","",""
"Test cases for Test_UseHarness","0","Test_UseHarness","","2026-09-18","passed","2026-09-18","","Go Test","github.com/specterops/bloodhound/packages/go/lab/Test_UseHarness","Test_UseHarness"
"","16","falls back to the first raw kind when every kind is filtered out","usePrimaryKind","2026-09-18","passed","2026-09-18","","","",""
"","47","displays a warning when there is a problem fetching the list of collectors","DownloadCollectors","2026-09-18","passed","2026-09-18","","","",""
"Test cases for TestBuildSQLSort","2","TestBuildSQLSort","","2026-09-18","passed","2026-09-18","","Go Test","github.com/specterops/bloodhound/cmd/api/src/api/TestBuildSQLSort","TestBuildSQLSort"
"Test cases for TestStore_SetFlag","3","TestStore_SetFlag","","2026-09-18","passed","2026-09-18","","Go Test","github.com/specterops/bloodhound/server/featureflags/internal/appdb/TestStore_SetFlag","TestStore_SetFlag"
"Test cases for TestManagementResource_ListUsers_DBError","0","TestManagementResource_ListUsers_DBError","","2026-09-18","passed","2026-09-18","","Go Test","github.com/specterops/bloodhound/cmd/api/src/api/v2/auth/TestManagementResource_ListUsers_DBError","TestManagementResource_ListUsers_DBError"
"","236","should display a ""Change Password"" modal","UserProfile","2026-09-18","passed","2026-09-18","","""Reset Password"" button is clicked","",""
"","11","does not call getRelationshipByID when itemId is a plain node id","useGraphItem","2026-09-18","passed","2026-09-18","","","",""
"","39","should render when search string is at the beginning of the text","HighlightedText","2026-09-18","passed","2026-09-18","","","",""
"","76","renders correctly","NodeIcon","2026-09-18","passed","2026-09-18","","","",""
"","238","renders a snackbar notification in the dom and tests autoHideDuration","AppNotifications","2026-09-18","passed","2026-09-18","","","",""
"","5","returns undefined query state when itemId is undefined","useGraphItem","2026-09-18","passed","2026-09-18","","","",""
"Test cases for TestResources_ListADEntityPSRemoteRights","0","TestResources_ListADEntityPSRemoteRights","","2026-09-18","passed","2026-09-18","","Go Test","github.com/specterops/bloodhound/cmd/api/src/api/v2/TestResources_ListADEntityPSRemoteRights","TestResources_ListADEntityPSRemoteRights"
"Test cases for TestResources_GetShortestPath_ETAC","34","TestResources_GetShortestPath_ETAC","","2026-09-18","passed","2026-09-18","","Go Test","github.com/specterops/bloodhound/cmd/api/src/api/v2/TestResources_GetShortestPath_ETAC","TestResources_GetShortestPath_ETAC"
"","792","should display all available SSO providers","CreateUserDialog","2026-09-18","passed","2026-09-18","","","",""
"","344","should call onSubmit with initiation_url of selected SSO provider","LoginViaSSOForm","2026-09-18","passed","2026-09-18","","","",""
"","273","should render a SaveQueryDialog","SaveQueryDialog","2026-09-18","passed","2026-09-18","","","",""
"","332","should not allow leading or trailing empty spaces","CreateUserForm","2026-09-18","passed","2026-09-18","","","",""
"Test cases for Test_ApplyTimeoutReduction","0","Test_ApplyTimeoutReduction","","2026-09-18","passed","2026-09-18","","Go Test","github.com/specterops/bloodhound/cmd/api/src/queries/Test_ApplyTimeoutReduction","Test_ApplyTimeoutReduction"
"Test cases for TestResources_GetCollectorManifest","0","TestResources_GetCollectorManifest","","2026-09-18","passed","2026-09-18","","Go Test","github.com/specterops/bloodhound/cmd/api/src/api/v2/TestResources_GetCollectorManifest","TestResources_GetCollectorManifest"
"","95","should fire Confirm once with true","ConfirmationDialog","2026-09-18","passed","2026-09-18","","","",""
"Test cases for TestResources_CypherQuery","104","TestResources_CypherQuery","","2026-09-18","passed","2026-09-18","","Go Test","github.com/specterops/bloodhound/cmd/api/src/api/v2/TestResources_CypherQuery","TestResources_CypherQuery"
"Test cases for TestResources_ListAssetGroupMembersCount","2","TestResources_ListAssetGroupMembersCount","","2026-09-18","passed","2026-09-18","","Go Test","github.com/specterops/bloodhound/cmd/api/src/api/v2/TestResources_ListAssetGroupMembersCount","TestResources_ListAssetGroupMembersCount"
"Test cases for TestService_ResolveTagIDsWithFallback","0","TestService_ResolveTagIDsWithFallback","","2026-09-18","passed","2026-09-18","","Go Test","github.com/specterops/bloodhound/server/assetgrouptags/internal/services/TestService_ResolveTagIDsWithFallback","TestService_ResolveTagIDsWithFallback"
"Test cases for TestRun","137","TestRun","","2026-09-18","passed","2026-09-18","","Go Test","github.com/specterops/bloodhound/packages/go/stbernard/analyzers/integrationparallel/TestRun","TestRun"
"Test cases for TestGetADDataQualityStats_Success","0","TestGetADDataQualityStats_Success","","2026-09-18","passed","2026-09-18","","Go Test","github.com/specterops/bloodhound/cmd/api/src/api/v2/TestGetADDataQualityStats_Success","TestGetADDataQualityStats_Success"
"","5","adds new key to state","useObjectState","2026-09-18","passed","2026-09-18","","","",""
"","0","combines collected and risk filters","filterAndSearchEnvironments","2026-09-18","passed","2026-09-18","","combined filters","",""
"","63","populates the node search field when the 'primarySearch' query param is set","useNodeSearch","2026-09-18","passed","2026-09-18","","","",""
"Test cases for TestLoadConfigWithOverride","0","TestLoadConfigWithOverride","","2026-09-18","passed","2026-09-18","","Go Test","github.com/specterops/bloodhound/packages/go/stbernard/dora/TestLoadConfigWithOverride","TestLoadConfigWithOverride"
"","0","handles environment with impactValue at exact threshold boundaries","filterAndSearchEnvironments","2026-09-18","passed","2026-09-18","","edge cases","",""
"","23","fetches more data when scrolling within the default bottom threshold","useInfiniteScroll","2026-09-18","passed","2026-09-18","","","",""
"","17","does not render a distinguished name line when it is an empty string","SearchResultItem","2026-09-18","passed","2026-09-18","","","",""
"Test cases for Test_filterAndFormatSearchResults_includeOpenGraphNodes","0","Test_filterAndFormatSearchResults_includeOpenGraphNodes","","2026-09-18","passed","2026-09-18","","Go Test","github.com/specterops/bloodhound/cmd/api/src/api/v2/Test_filterAndFormatSearchResults_includeOpenGraphNodes","Test_filterAndFormatSearchResults_includeOpenGraphNodes"
"Test cases for TestMarshalIntText","0","TestMarshalIntText","","2026-09-18","passed","2026-09-18","","Go Test","github.com/specterops/bloodhound/cmd/api/src/database/types/null/TestMarshalIntText","TestMarshalIntText"
"","121","renders an interactive version when preview is set to false","PrivilegeZonesCypherEditor Search component for Zone Management","2026-09-18","passed","2026-09-18","","","",""
"","134","displays the label for each result","SearchCurrentNodes","2026-09-18","passed","2026-09-18","","","",""
"Test cases for TestStore_PathHelpers","13","TestStore_PathHelpers","","2026-09-18","passed","2026-09-18","","Go Test","github.com/specterops/bloodhound/packages/go/storage/TestStore_PathHelpers","TestStore_PathHelpers"
"Test cases for TestResources_GetIssuancePolicyEntityInfo","204","TestResources_GetIssuancePolicyEntityInfo","","2026-09-18","passed","2026-09-18","","Go Test","github.com/specterops/bloodhound/cmd/api/src/api/v2/TestResources_GetIssuancePolicyEntityInfo","TestResources_GetIssuancePolicyEntityInfo"
"","0","EXTENDED ROUNDING when thresholds are set: does not abbreviate numbers < 10000","numberFormatting","2026-09-18","passed","2026-09-18","","","",""
"","86","Verify Vault Reader count is the count returned by All Readers","EntityInfoDataTableGraphed","2026-09-18","passed","2026-09-18","","Node count for Vault Readers nested table","",""
"","147","a name value is required to submit the form","Rule Form","2026-09-18","passed","2026-09-18","","","",""
"Test cases for TestResources_ListKinds","72","TestResources_ListKinds","","2026-09-18","passed","2026-09-18","","Go Test","github.com/specterops/bloodhound/cmd/api/src/api/v2/TestResources_ListKinds","TestResources_ListKinds"
"","31","shows the Community BloodHound dog logo in the Community brand color when the endpoint is available","OperationSummaryWithEdition","2026-09-18","passed","2026-09-18","","","",""
"","12","renders a list of pre-built searches and displays categories and subcategories one time","PrebuiltSearchList","2026-09-18","passed","2026-09-18","","","",""
"Test cases for TestResources_DeleteSavedQuery_RecordNotFound_EdgeCase","0","TestResources_DeleteSavedQuery_RecordNotFound_EdgeCase","","2026-09-18","passed","2026-09-18","","Go Test","github.com/specterops/bloodhound/cmd/api/src/api/v2/TestResources_DeleteSavedQuery_RecordNotFound_EdgeCase","TestResources_DeleteSavedQuery_RecordNotFound_EdgeCase"
"","5","writes none using the selection parameter and removes existing value parameters","useMultiValueFilterParams","2026-09-18","passed","2026-09-18","","","",""
"","12","does not show the dropdown by default","ManageColumnsComboBox","2026-09-18","passed","2026-09-18","","","",""
"","2926","edges are displayed in alphabetical order","Pathfinding","2026-09-18","passed","2026-09-18","","","",""
"","83","renders details for a selected rule and is of type ""Cypher""","DynamicDetails","2026-09-18","passed","2026-09-18","","","",""
"TestDetermineOverallTier tests overall tier determination logic","10","TestDetermineOverallTier","","2026-09-18","passed","2026-09-18","","Go Test","github.com/specterops/bloodhound/packages/go/stbernard/dora/TestDetermineOverallTier","TestDetermineOverallTier"
"","6","renders without pulse animation by default","StatusIndicator","2026-09-18","passed","2026-09-18","","","",""
"","7","does not open the Schema Upload dialog via drag when the Quick Upload dialog is already open","SchemaUploadDialog","2026-09-18","passed","2026-09-18","","","",""
"Test cases for TestResources_CreateSavedQuery_CreateFailure","0","TestResources_CreateSavedQuery_CreateFailure","","2026-09-18","passed","2026-09-18","","Go Test","github.com/specterops/bloodhound/cmd/api/src/api/v2/TestResources_CreateSavedQuery_CreateFailure","TestResources_CreateSavedQuery_CreateFailure"
"","19","renders details for a selected rule and is of type ""Object""","DynamicDetails","2026-09-18","passed","2026-09-18","","","",""
"","28","should display a message","CypherSearchMessage","2026-09-18","passed","2026-09-18","","","",""
"Test cases for TestGetMFAActivationStatus_Failure","1","TestGetMFAActivationStatus_Failure","","2026-09-18","passed","2026-09-18","","Go Test","github.com/specterops/bloodhound/cmd/api/src/api/v2/auth/TestGetMFAActivationStatus_Failure","TestGetMFAActivationStatus_Failure"
"","109","displays an error alert when one of the Affected Object calls fail","EntityInfoDataTable","2026-09-18","passed","2026-09-18","","Node count for nested table that counts all sections","",""
"Test cases for TestParseIntQueryParameter","73","TestParseIntQueryParameter","","2026-09-18","passed","2026-09-18","","Go Test","github.com/specterops/bloodhound/cmd/api/src/api/v2/TestParseIntQueryParameter","TestParseIntQueryParameter"
"","880","Sort arrow is visible and direction is correct","ExploreTable","2026-09-18","passed","2026-09-18","","","",""
"Test cases for Test_filterAndFormatSearchResults","0","Test_filterAndFormatSearchResults","","2026-09-18","passed","2026-09-18","","Go Test","github.com/specterops/bloodhound/cmd/api/src/api/v2/Test_filterAndFormatSearchResults","Test_filterAndFormatSearchResults"
"Test cases for TestConvertOUToNode_InheritanceHashes","0","TestConvertOUToNode_InheritanceHashes","","2026-09-18","passed","2026-09-18","","Go Test","github.com/specterops/bloodhound/packages/go/ein/TestConvertOUToNode_InheritanceHashes","TestConvertOUToNode_InheritanceHashes"
"Test cases for TestStore_GetNodeKindsByNames","1","TestStore_GetNodeKindsByNames","","2026-09-18","passed","2026-09-18","","Go Test","github.com/specterops/bloodhound/server/graphdb/internal/appdb/TestStore_GetNodeKindsByNames","TestStore_GetNodeKindsByNames"
"","0","reports an Object ID-specific error when editing a rule and ruleType is SeedTypeObjectId and seeds are required","handleError","2026-09-18","passed","2026-09-18","","","",""
"Test cases for TestParseKind","0","TestParseKind","","2026-09-18","passed","2026-09-18","","Go Test","github.com/specterops/bloodhound/packages/go/ein/TestParseKind","TestParseKind"
"Test cases for TestNewPipelineHandlesAllBHCEAnalysisSteps","0","TestNewPipelineHandlesAllBHCEAnalysisSteps","","2026-09-18","passed","2026-09-18","","Go Test","github.com/specterops/bloodhound/packages/go/analysis/TestNewPipelineHandlesAllBHCEAnalysisSteps","TestNewPipelineHandlesAllBHCEAnalysisSteps"
"","225","triggers a file download when a download button is clicked","DownloadCollectors","2026-09-18","passed","2026-09-18","","","",""
"Test cases for TestParseSiteServerData_ServerIs","0","TestParseSiteServerData_ServerIs","","2026-09-18","passed","2026-09-18","","Go Test","github.com/specterops/bloodhound/packages/go/ein/TestParseSiteServerData_ServerIs","TestParseSiteServerData_ServerIs"
"","137","handles chevron click event","CommonSearches","2026-09-18","passed","2026-09-18","","","",""
"","34","renders section when no errors occur","EntityInfoCollapsibleSection","2026-09-18","passed","2026-09-18","","","",""
"","19","should render skeletons for both cells while loading","LoadContainer","2026-09-18","passed","2026-09-18","","","",""
"Test cases for TestAddWhereClauseToNeo4jQuery_NoWhereClause","0","TestAddWhereClauseToNeo4jQuery_NoWhereClause","","2026-09-18","passed","2026-09-18","","Go Test","github.com/specterops/bloodhound/cmd/api/src/api/v2/TestAddWhereClauseToNeo4jQuery_NoWhereClause","TestAddWhereClauseToNeo4jQuery_NoWhereClause"
"","0","filters by collected=false when ""no"" filter is active","filterAndSearchEnvironments","2026-09-18","passed","2026-09-18","","collected filters","",""
"Test cases for TestCreateUser_FailureDuplicateEmail","1201","TestCreateUser_FailureDuplicateEmail","","2026-09-18","passed","2026-09-18","","Go Test","github.com/specterops/bloodhound/cmd/api/src/api/v2/auth/TestCreateUser_FailureDuplicateEmail","TestCreateUser_FailureDuplicateEmail"
"","118","renders Zone as first tab and is also the initially selected on first render in Zone View/Tab","Selected Details Tabs","2026-09-18","passed","2026-09-18","","Selected Details Tabs - Params present","",""
"","135","toggles sort order when clicking sortable header","RulesAccordion","2026-09-18","passed","2026-09-18","","","",""
"","12","renders the ZoneSelector when available and on a Zone page","TagSelector","2026-09-18","passed","2026-09-18","","","",""
"","17","returns undefined if environmentId searched for is not found","useAvailableEnvironments","2026-09-18","passed","2026-09-18","","useSelectedEnvironment","",""
"Test cases for TestResources_ListADGPOAffectedComputers","1","TestResources_ListADGPOAffectedComputers","","2026-09-18","passed","2026-09-18","","Go Test","github.com/specterops/bloodhound/cmd/api/src/api/v2/TestResources_ListADGPOAffectedComputers","TestResources_ListADGPOAffectedComputers"
"","164","disables sortable headers only while their accordions are closed","RulesAccordion","2026-09-18","passed","2026-09-18","","","",""
"","0","returns false if value is +0","searchParams","2026-09-18","passed","2026-09-18","","isEmptyParam","",""
"","12","does not render the tooltip icon when tooltipText prop is not passed","ColumnHeaders","2026-09-18","passed","2026-09-18","","SortableHeader with Tooltip","",""
"","23","displays the label","SearchResultItem","2026-09-18","passed","2026-09-18","","","",""
"Test cases for TestDisenrollMFA_Success","1111","TestDisenrollMFA_Success","","2026-09-18","passed","2026-09-18","","Go Test","github.com/specterops/bloodhound/cmd/api/src/api/v2/auth/TestDisenrollMFA_Success","TestDisenrollMFA_Success"
"","13","shows the Community BloodHound dog logo in grey when the endpoint is unavailable","OperationSummaryWithEdition","2026-09-18","passed","2026-09-18","","","",""
"","105","renders the message","NotificationSnackbar","2026-09-18","passed","2026-09-18","","","",""
"","23","dismisses the ""no permission"" notification on unmount","useFinishedJobs","2026-09-18","passed","2026-09-18","","","",""
"TestParseResponse_RejectsArtifactBinding verifies that ParseResponse rejects HTTP-Artifactrequests (SAMLart in either the POST form or as a query parameter), since we don't support HTTP-Artifact binding.","0","TestParseResponse_RejectsArtifactBinding","","2026-09-18","passed","2026-09-18","","Go Test","github.com/specterops/bloodhound/cmd/api/src/services/saml/TestParseResponse_RejectsArtifactBinding","TestParseResponse_RejectsArtifactBinding"
"Test cases for TestResources_ListADDomainForeignGPOControllers","4","TestResources_ListADDomainForeignGPOControllers","","2026-09-18","passed","2026-09-18","","Go Test","github.com/specterops/bloodhound/cmd/api/src/api/v2/TestResources_ListADDomainForeignGPOControllers","TestResources_ListADDomainForeignGPOControllers"
"Test cases for TestBoolSetValid","0","TestBoolSetValid","","2026-09-18","passed","2026-09-18","","Go Test","github.com/specterops/bloodhound/cmd/api/src/database/types/null/TestBoolSetValid","TestBoolSetValid"
"Test cases for TestModifyCookieAttribute","1","TestModifyCookieAttribute","","2026-09-18","passed","2026-09-18","","Go Test","github.com/specterops/bloodhound/cmd/api/src/utils/test/TestModifyCookieAttribute","TestModifyCookieAttribute"
"","1328","should remove the option from the changelog when the corresponding button is clicked","AssetGroupEdit","2026-09-18","passed","2026-09-18","","","",""
"Test cases for TestDummyHA","0","TestDummyHA","","2026-09-18","passed","2026-09-18","","Go Test","github.com/specterops/bloodhound/cmd/api/src/daemons/changelog/TestDummyHA","TestDummyHA"
"","517","should call onSubmit with email address and password when login button clicked","LoginForm","2026-09-18","passed","2026-09-18","","","",""
"Test cases for TestHandlers_IsEnabled","2","TestHandlers_IsEnabled","","2026-09-18","passed","2026-09-18","","Go Test","github.com/specterops/bloodhound/server/featureflags/internal/handlers/TestHandlers_IsEnabled","TestHandlers_IsEnabled"
"Test cases for TestStore_CreateAnalysisRequest","0","TestStore_CreateAnalysisRequest","","2026-09-18","passed","2026-09-18","","Go Test","github.com/specterops/bloodhound/server/analysis/internal/appdb/TestStore_CreateAnalysisRequest","TestStore_CreateAnalysisRequest"
"Test cases for TestTracker_HasEdge_PropertyChangeDetectedAsDeletion","0","TestTracker_HasEdge_PropertyChangeDetectedAsDeletion","","2026-09-18","passed","2026-09-18","","Go Test","github.com/specterops/bloodhound/packages/go/analysis/post/TestTracker_HasEdge_PropertyChangeDetectedAsDeletion","TestTracker_HasEdge_PropertyChangeDetectedAsDeletion"
"","121","displays 0 when a given sections returns empty, and sums the rest of the sections correctly","EntityInfoDataTable","2026-09-18","passed","2026-09-18","","Node count for nested table that counts all sections","",""
"Test cases for TestResources_ListADEntityControllables","0","TestResources_ListADEntityControllables","","2026-09-18","passed","2026-09-18","","Go Test","github.com/specterops/bloodhound/cmd/api/src/api/v2/TestResources_ListADEntityControllables","TestResources_ListADEntityControllables"
"","90","calls onSort when clicked","ColumnHeaders","2026-09-18","passed","2026-09-18","","SortableHeader","",""
"","1","takes updatedParams and current URLSearchParams and returns a function","searchParams","2026-09-18","passed","2026-09-18","","setSingleParamFactory","",""
"TestColorHelpers tests ANSI color helper functions","0","TestColorHelpers","","2026-09-18","passed","2026-09-18","","Go Test","github.com/specterops/bloodhound/packages/go/stbernard/dora/TestColorHelpers","TestColorHelpers"
"Test cases for TestService_GetEnvironmentKindsAndSchemaEnvironmentData","0","TestService_GetEnvironmentKindsAndSchemaEnvironmentData","","2026-09-18","passed","2026-09-18","","Go Test","github.com/specterops/bloodhound/server/opengraphschema/internal/services/TestService_GetEnvironmentKindsAndSchemaEnvironmentData","TestService_GetEnvironmentKindsAndSchemaEnvironmentData"
"","191","should call onClose when the Close button is clicked","UpsertSAMLProviderForm","2026-09-18","passed","2026-09-18","","","",""
"","34","renders null when items is undefined","KindInfoItems","2026-09-18","passed","2026-09-18","","","",""
"","49","renders a graph view","GraphView","2026-09-18","passed","2026-09-18","","","",""
"Test cases for TestFoldl","1","TestFoldl","","2026-09-18","passed","2026-09-18","","Go Test","github.com/specterops/bloodhound/packages/go/slicesext/TestFoldl","TestFoldl"
"","107","displays expected results when searching by objectid","SearchCurrentNodes","2026-09-18","passed","2026-09-18","","","",""
"Test cases for TestStore_GetFlagByKey","1","TestStore_GetFlagByKey","","2026-09-18","passed","2026-09-18","","Go Test","github.com/specterops/bloodhound/server/featureflags/internal/appdb/TestStore_GetFlagByKey","TestStore_GetFlagByKey"
"","28","shows the Enterprise BloodHound dog logo in grey when the endpoint is unavailable","OperationSummaryWithEdition","2026-09-18","passed","2026-09-18","","","",""
"","92","should not display api key management button","Api Keys","2026-09-18","passed","2026-09-18","","","",""
"","301","On unsuccessful upload, notifies with an error and displays a retry button","SchemaUploadDialog","2026-09-18","passed","2026-09-18","","","",""
"","0","returns a some selection with the selected values when a subset of options is selected","getNextSelection","2026-09-18","passed","2026-09-18","","","",""
"Test cases for TestIsValidClientVersion","0","TestIsValidClientVersion","","2026-09-18","passed","2026-09-18","","Go Test","github.com/specterops/bloodhound/cmd/api/src/utils/TestIsValidClientVersion","TestIsValidClientVersion"
"","0","prefixes each edge_kind with a colon for relationshipTypes","graphSchema","2026-09-18","passed","2026-09-18","","","",""
"Test cases for TestResources_ListAuditLogs","0","TestResources_ListAuditLogs","","2026-09-18","passed","2026-09-18","","Go Test","github.com/specterops/bloodhound/cmd/api/src/api/v2/TestResources_ListAuditLogs","TestResources_ListAuditLogs"
"","417","should render","ExploreTable","2026-09-18","passed","2026-09-18","","","",""
"","196","should eventually display list of tokens","UserTokenManagementDialog","2026-09-18","passed","2026-09-18","","","",""
"","78","should should reflect the checked state for public query","SavedQueryPermissions","2026-09-18","passed","2026-09-18","","","",""
"","0","should return false when there is no match","compareTerm","2026-09-18","passed","2026-09-18","","","",""
"","212","emits allGraphData false when only some graph data is selected","GraphDataCheckboxes","2026-09-18","passed","2026-09-18","","","",""
"","1145","should render","EntityInfoHeader","2026-09-18","passed","2026-09-18","","","",""
"","26","forwards selected and dropped files","FileDrop","2026-09-18","passed","2026-09-18","","","",""
"Test cases for TestTextUnmarshalInt64","0","TestTextUnmarshalInt64","","2026-09-18","passed","2026-09-18","","Go Test","github.com/specterops/bloodhound/cmd/api/src/database/types/null/TestTextUnmarshalInt64","TestTextUnmarshalInt64"
"Test cases for TestSavedQueries_IsString","0","TestSavedQueries_IsString","","2026-09-18","passed","2026-09-18","","Go Test","github.com/specterops/bloodhound/cmd/api/src/model/TestSavedQueries_IsString","TestSavedQueries_IsString"
"","19","the queries in the list only include nodes and edges that are defined in our schema","common search list","2026-09-18","passed","2026-09-18","","","",""
"Test cases for TestBoolFrom","0","TestBoolFrom","","2026-09-18","passed","2026-09-18","","Go Test","github.com/specterops/bloodhound/cmd/api/src/database/types/null/TestBoolFrom","TestBoolFrom"
"","572","renders a link to the explore page when member is clicked","GroupManagement","2026-09-18","passed","2026-09-18","","","",""
"","303","handles removing from a tier zero asset group","AssetGroupMenuItem","2026-09-18","passed","2026-09-18","","removing from an asset group","",""
"Test cases for TestAnalysisStepsJSON","12","TestAnalysisStepsJSON","","2026-09-18","passed","2026-09-18","","Go Test","github.com/specterops/bloodhound/cmd/api/src/model/TestAnalysisStepsJSON","TestAnalysisStepsJSON"
"","67","renders a list of pre-built searches","PrebuiltSearchList","2026-09-18","passed","2026-09-18","","","",""
"Test cases for Test_setRawValue","0","Test_setRawValue","","2026-09-18","passed","2026-09-18","","Go Test","github.com/specterops/bloodhound/cmd/api/src/config/Test_setRawValue","Test_setRawValue"
"","0","includes relationship_id in the query key","useExploreGraph","2026-09-18","passed","2026-09-18","composition search queries","exploreGraphQueryFactory","",""
"","48","displays the value from filterParams.node_type","AssetGroupEdit","2026-09-18","passed","2026-09-18","","Node Type dropdown filter","",""
"","0","returns false when the response contains relationship_id instead","isNodeResponse","2026-09-18","passed","2026-09-18","","","",""
"Test cases for TestRoleAssignments_NodesWithRolesExclusive","0","TestRoleAssignments_NodesWithRolesExclusive","","2026-09-18","passed","2026-09-18","","Go Test","github.com/specterops/bloodhound/packages/go/analysis/azure/TestRoleAssignments_NodesWithRolesExclusive","TestRoleAssignments_NodesWithRolesExclusive"
"","33","navigates to the specified route with global params intact","AppNavigate","2026-09-18","passed","2026-09-18","","","",""
"","38","applies accent styling to headers when accent is true","<DetailsAccordion />","2026-09-18","passed","2026-09-18","","","",""
"Test cases for TestGetLatestQueryParameter","0","TestGetLatestQueryParameter","","2026-09-18","passed","2026-09-18","","Go Test","github.com/specterops/bloodhound/cmd/api/src/api/v2/TestGetLatestQueryParameter","TestGetLatestQueryParameter"
"Test cases for TestNewSelectorNodeBatchSQLArgs","1","TestNewSelectorNodeBatchSQLArgs","","2026-09-18","passed","2026-09-18","","Go Test","github.com/specterops/bloodhound/cmd/api/src/database/TestNewSelectorNodeBatchSQLArgs","TestNewSelectorNodeBatchSQLArgs"
"Test cases for TestToolContainer_GetScheduledAnalysisConfiguration","0","TestToolContainer_GetScheduledAnalysisConfiguration","","2026-09-18","passed","2026-09-18","","Go Test","github.com/specterops/bloodhound/cmd/api/src/api/tools/TestToolContainer_GetScheduledAnalysisConfiguration","TestToolContainer_GetScheduledAnalysisConfiguration"
"","0","filters by moderate risk level","filterAndSearchEnvironments","2026-09-18","passed","2026-09-18","","risk filters","",""
"Test cases for TestUnmarshalInt","0","TestUnmarshalInt","","2026-09-18","passed","2026-09-18","","Go Test","github.com/specterops/bloodhound/cmd/api/src/database/types/null/TestUnmarshalInt","TestUnmarshalInt"
"","7","hides items when the user lacks admin permissions","useSubNavRoutes","2026-09-18","passed","2026-09-18","","adminOnly gate","",""
"Test cases for TestStore_GetTierZeroTag","0","TestStore_GetTierZeroTag","","2026-09-18","passed","2026-09-18","","Go Test","github.com/specterops/bloodhound/server/assetgrouptags/internal/appdb/TestStore_GetTierZeroTag","TestStore_GetTierZeroTag"
"","0","handles environment with impactValue of 0","filterAndSearchEnvironments","2026-09-18","passed","2026-09-18","","edge cases","",""
"","161","a name value is required to submit the form","Tag Form","2026-09-18","passed","2026-09-18","","","",""
"Test cases for TestGenericMap","0","TestGenericMap","","2026-09-18","passed","2026-09-18","","Go Test","github.com/specterops/bloodhound/cmd/api/src/utils/TestGenericMap","TestGenericMap"
"","392","displays a validation error","ManagedDatePicker - date validation","2026-09-18","passed","2026-09-18","","","",""
"Test cases for TestWriteResultRawJson","0","TestWriteResultRawJson","","2026-09-18","passed","2026-09-18","","Go Test","github.com/specterops/bloodhound/cmd/api/src/utils/TestWriteResultRawJson","TestWriteResultRawJson"
"","270","handles a selection as expected","DropdownSelector","2026-09-18","passed","2026-09-18","","","",""
"Test cases for TestReadDomainIDandNameAsString","1","TestReadDomainIDandNameAsString","","2026-09-18","passed","2026-09-18","","Go Test","github.com/specterops/bloodhound/packages/go/analysis/ad/internal/nodeprops/TestReadDomainIDandNameAsString","TestReadDomainIDandNameAsString"
"Test cases for TestRegister_PanicsOnNilGraph","0","TestRegister_PanicsOnNilGraph","","2026-09-18","passed","2026-09-18","","Go Test","github.com/specterops/bloodhound/server/modules/TestRegister_PanicsOnNilGraph","TestRegister_PanicsOnNilGraph"
"","2690","should render","Pathfinding","2026-09-18","passed","2026-09-18","","","",""
"Test cases for TestMigrateDB","0","TestMigrateDB","","2026-09-18","passed","2026-09-18","","Go Test","github.com/specterops/bloodhound/cmd/api/src/bootstrap/TestMigrateDB","TestMigrateDB"
"","62","fetches relationship data when itemId has the rel_ prefix","useGraphItem","2026-09-18","passed","2026-09-18","","","",""
"","97","invokes handleFilterChange with eq:false when clicked and custom_member filter is on","AssetGroupEdit","2026-09-18","passed","2026-09-18","","Custom Member checkbox filter","",""
"","463","should display generate/revoke api tokens button","User Actions Menu","2026-09-18","passed","2026-09-18","","Api Keys","",""
"Test cases for TestService_CreateAnalysisRequest","1","TestService_CreateAnalysisRequest","","2026-09-18","passed","2026-09-18","","Go Test","github.com/specterops/bloodhound/server/analysis/internal/services/TestService_CreateAnalysisRequest","TestService_CreateAnalysisRequest"
"Test cases for TestService_IsEnabled","3","TestService_IsEnabled","","2026-09-18","passed","2026-09-18","","Go Test","github.com/specterops/bloodhound/server/featureflags/internal/services/TestService_IsEnabled","TestService_IsEnabled"
"Test cases for TestManagementResource_UpdateUser_GetRolesError","1124","TestManagementResource_UpdateUser_GetRolesError","","2026-09-18","passed","2026-09-18","","Go Test","github.com/specterops/bloodhound/cmd/api/src/api/v2/auth/TestManagementResource_UpdateUser_GetRolesError","TestManagementResource_UpdateUser_GetRolesError"
"Test cases for TestParseSkipQueryParameter_Invalid","0","TestParseSkipQueryParameter_Invalid","","2026-09-18","passed","2026-09-18","","Go Test","github.com/specterops/bloodhound/cmd/api/src/api/v2/TestParseSkipQueryParameter_Invalid","TestParseSkipQueryParameter_Invalid"
"Test cases for TestResources_ListADDomainForeignUsers","1","TestResources_ListADDomainForeignUsers","","2026-09-18","passed","2026-09-18","","Go Test","github.com/specterops/bloodhound/cmd/api/src/api/v2/TestResources_ListADDomainForeignUsers","TestResources_ListADDomainForeignUsers"
"","41","renders the SiteServer linked from a Computer through ServerIs","EntityObjectInformation","2026-09-18","passed","2026-09-18","","","",""
"Test cases for TestSignRequestValuesSuccess","0","TestSignRequestValuesSuccess","","2026-09-18","passed","2026-09-18","","Go Test","github.com/specterops/bloodhound/cmd/api/src/api/TestSignRequestValuesSuccess","TestSignRequestValuesSuccess"
"","0","returns the known info map values for a known type (Azure)","getOpenGraphEnvironmentInfo","2026-09-18","passed","2026-09-18","","","",""
"Test cases for TestAnalysisPipelineStepShouldRun","2","TestAnalysisPipelineStepShouldRun","","2026-09-18","passed","2026-09-18","","Go Test","github.com/specterops/bloodhound/packages/go/analysis/TestAnalysisPipelineStepShouldRun","TestAnalysisPipelineStepShouldRun"
"","53","prevents a user from proceeding if the file is not valid","File Upload","2026-09-18","passed","2026-09-18","","","",""
"Test cases for TestHandlers_CreateAnalysisRequest","2","TestHandlers_CreateAnalysisRequest","","2026-09-18","passed","2026-09-18","","Go Test","github.com/specterops/bloodhound/server/analysis/internal/handlers/TestHandlers_CreateAnalysisRequest","TestHandlers_CreateAnalysisRequest"
"","131","dispatches an action to the delete the associated node","Rule Object Select","2026-09-18","passed","2026-09-18","","","",""
"","276","should display ""Generate/Revoke API Tokens"" title","UserTokenManagementDialog","2026-09-18","passed","2026-09-18","","","",""
"TestRewriteLegacyNameMatchIngestibleEndpoint_CasingGatedByUseRawObjectIDs verifies that theimplicit legacy match_by ""name"" rewrite uses a case-sensitive operator (OperatorEquals) whenuseRawObjectIDs is true, and a case-insensitive operator (OperatorEqualsIgnoreCase) when false.","0","TestRewriteLegacyNameMatchIngestibleEndpoint_CasingGatedByUseRawObjectIDs","","2026-09-18","passed","2026-09-18","","Go Test","github.com/specterops/bloodhound/cmd/api/src/services/graphify/endpoint/TestRewriteLegacyNameMatchIngestibleEndpoint_CasingGatedByUseRawObjectIDs","TestRewriteLegacyNameMatchIngestibleEndpoint_CasingGatedByUseRawObjectIDs"
"Test cases for TestGolangCILintArgs","1","TestGolangCILintArgs","","2026-09-18","passed","2026-09-18","","Go Test","github.com/specterops/bloodhound/packages/go/stbernard/analyzers/golang/TestGolangCILintArgs","TestGolangCILintArgs"
"","81","shows an error state","AssetGroupMenuItem","2026-09-18","passed","2026-09-18","","","",""
"","164","opens and closes the dialog with the cancel button","Tag Form","2026-09-18","passed","2026-09-18","","","",""
"","253","shows all extensions when search is cleared","ActiveExtensionsCard","2026-09-18","passed","2026-09-18","","","",""
"","48","sorts items by position ascending","KindInfoItems","2026-09-18","passed","2026-09-18","","","",""
"","90","a null response from the server is handled","ExploreSearchCombobox with null response","2026-09-18","passed","2026-09-18","","","",""
"Test cases for TestNewRewriter","0","TestNewRewriter","","2026-09-18","passed","2026-09-18","","Go Test","github.com/specterops/bloodhound/cmd/api/src/queries/TestNewRewriter","TestNewRewriter"
"Test cases for TestStorageFileService_WriteFile","8","TestStorageFileService_WriteFile","","2026-09-18","passed","2026-09-18","","Go Test","github.com/specterops/bloodhound/packages/go/storage/TestStorageFileService_WriteFile","TestStorageFileService_WriteFile"
"Test cases for TestResources_ShareSavedQueriesPermissions_NonAdmin","4","TestResources_ShareSavedQueriesPermissions_NonAdmin","","2026-09-18","passed","2026-09-18","","Go Test","github.com/specterops/bloodhound/cmd/api/src/api/v2/TestResources_ShareSavedQueriesPermissions_NonAdmin","TestResources_ShareSavedQueriesPermissions_NonAdmin"
"Test cases for TestResources_DownloadCollectorByVersion","1","TestResources_DownloadCollectorByVersion","","2026-09-18","passed","2026-09-18","","Go Test","github.com/specterops/bloodhound/cmd/api/src/api/v2/TestResources_DownloadCollectorByVersion","TestResources_DownloadCollectorByVersion"
"","0","renders empty strings and null values with an explicit placeholder","Formatting strings via formatPrimive","2026-09-18","passed","2026-09-18","","","",""
"","0","The user has yet to type into the search (for OU and Domain searches that have hard coded types)","Getting the text for the disabled item display for a search when there are no results","2026-09-18","passed","2026-09-18","","Empty data states","",""
"","96","sums nested section node counts","EntityInfoDataTable","2026-09-18","passed","2026-09-18","","Node count for nested table that counts all sections","",""
"","195","sets secondarySearch=id and searchType=node when primarySearch is falsey","ContextMenu","2026-09-18","passed","2026-09-18","","","",""
"Test cases for TestManagementResource_GetUser","18568","TestManagementResource_GetUser","","2026-09-18","passed","2026-09-18","","Go Test","github.com/specterops/bloodhound/cmd/api/src/api/v2/auth/TestManagementResource_GetUser","TestManagementResource_GetUser"
"Test cases for TestDeleteCollectedGraphData_SetBasedNodeDeletion","0","TestDeleteCollectedGraphData_SetBasedNodeDeletion","","2026-09-18","passed","2026-09-18","","Go Test","github.com/specterops/bloodhound/cmd/api/src/daemons/datapipe/TestDeleteCollectedGraphData_SetBasedNodeDeletion","TestDeleteCollectedGraphData_SetBasedNodeDeletion"
"Test cases for TestResources_GetGroupEntityInfo","0","TestResources_GetGroupEntityInfo","","2026-09-18","passed","2026-09-18","","Go Test","github.com/specterops/bloodhound/cmd/api/src/api/v2/TestResources_GetGroupEntityInfo","TestResources_GetGroupEntityInfo"
"","163","navigates to rule details when clicking a rule row","RulesAccordion","2026-09-18","passed","2026-09-18","","","",""
"","83","should render action list item that handles a function","MainNav","2026-09-18","passed","2026-09-18","","","",""
"","103","returns the display kind when it appears after a non-display kind","usePrimaryKind","2026-09-18","passed","2026-09-18","","","",""
"","317","accepts a valid file and allows the user to continue through the upload process","File Upload","2026-09-18","passed","2026-09-18","","","",""
"","382","should render inputs, labels, and action buttons","UpsertSAMLProviderForm","2026-09-18","passed","2026-09-18","","","",""
"","244","Displays a modal after clicking Analyze Now button and run analysis after clicking confirm","AnalyzeNowConfiguration","2026-09-18","passed","2026-09-18","","","",""
"Test cases for TestResolver_StartDone","0","TestResolver_StartDone","","2026-09-18","passed","2026-09-18","","Go Test","github.com/specterops/bloodhound/cmd/api/src/services/graphify/endpoint/TestResolver_StartDone","TestResolver_StartDone"
"Test cases for TestJSONFloat_MarshalJSON_NaN","0","TestJSONFloat_MarshalJSON_NaN","","2026-09-18","passed","2026-09-18","","Go Test","github.com/specterops/bloodhound/cmd/api/src/database/types/nan/TestJSONFloat_MarshalJSON_NaN","TestJSONFloat_MarshalJSON_NaN"
"","355","should accept passwords with unicode symbol characters","CreateUserForm","2026-09-18","passed","2026-09-18","","","",""
"Test cases for TestHasValidRolesForETAC","0","TestHasValidRolesForETAC","","2026-09-18","passed","2026-09-18","","Go Test","github.com/specterops/bloodhound/cmd/api/src/api/v2/auth/TestHasValidRolesForETAC","TestHasValidRolesForETAC"
"","5","hides items while permissions are loading","useSubNavRoutes","2026-09-18","passed","2026-09-18","","permissions gate","",""
"","210","disables confirm button until extension name is typed correctly","ActiveExtensionsCard","2026-09-18","passed","2026-09-18","","","",""
"","56","renders explicitly empty property values","EntityObjectInformation","2026-09-18","passed","2026-09-18","","","",""
"Test cases for TestManagementResource_ListUsers_SortingError","0","TestManagementResource_ListUsers_SortingError","","2026-09-18","passed","2026-09-18","","Go Test","github.com/specterops/bloodhound/cmd/api/src/api/v2/auth/TestManagementResource_ListUsers_SortingError","TestManagementResource_ListUsers_SortingError"
"","125","fires editQuery in context provider","ListItemActionMenu","2026-09-18","passed","2026-09-18","","","",""
"Test cases for TestExpireUserAuthSecret_Failure","0","TestExpireUserAuthSecret_Failure","","2026-09-18","passed","2026-09-18","","Go Test","github.com/specterops/bloodhound/cmd/api/src/api/v2/auth/TestExpireUserAuthSecret_Failure","TestExpireUserAuthSecret_Failure"
"Test cases for TestResources_GetEdgeComposition","88","TestResources_GetEdgeComposition","","2026-09-18","passed","2026-09-18","","Go Test","github.com/specterops/bloodhound/cmd/api/src/api/v2/TestResources_GetEdgeComposition","TestResources_GetEdgeComposition"
"Test cases for TestDetectContentType","13","TestDetectContentType","","2026-09-18","passed","2026-09-18","","Go Test","github.com/specterops/bloodhound/packages/go/storage/TestDetectContentType","TestDetectContentType"
"","97","requests finished jobs","useFinishedJobs","2026-09-18","passed","2026-09-18","","","",""
"","30","is not overwritten when node properties contain an id field","useExploreTableRowsAndColumns","2026-09-18","passed","2026-09-18","","bhGraphId","",""
"Test cases for TestRegister_PanicsOnNilPool","0","TestRegister_PanicsOnNilPool","","2026-09-18","passed","2026-09-18","","Go Test","github.com/specterops/bloodhound/server/modules/TestRegister_PanicsOnNilPool","TestRegister_PanicsOnNilPool"
"","3","mounts an assertive aria-live region","AnnouncementProvider","2026-09-18","passed","2026-09-18","","","",""
"","77","renders enabled Zone and Rule tabs and disabled Object tab","Selected Details Tabs","2026-09-18","passed","2026-09-18","","Selected Details Tabs - Params present","",""
"","1739","when user performs a pathfinding search, the swap button is disabled until both the start and destination nodes are provided","Pathfinding: interaction","2026-09-18","passed","2026-09-18","","","",""
"","172","sets a secondary=id and searchType=pathfinding when primary is truthy","ContextMenu","2026-09-18","passed","2026-09-18","","","",""
"","69","should display an error when error prop is truthy","SaveQueryDialog","2026-09-18","passed","2026-09-18","","","",""
"Test cases for TestStore_GetDatapipeStatus","1","TestStore_GetDatapipeStatus","","2026-09-18","passed","2026-09-18","","Go Test","github.com/specterops/bloodhound/server/appcfg/internal/appdb/TestStore_GetDatapipeStatus","TestStore_GetDatapipeStatus"
"Test cases for TestService_CancelAnalysisRequest","0","TestService_CancelAnalysisRequest","","2026-09-18","passed","2026-09-18","","Go Test","github.com/specterops/bloodhound/server/analysis/internal/services/TestService_CancelAnalysisRequest","TestService_CancelAnalysisRequest"
"Test cases for TestStringFromPtr","0","TestStringFromPtr","","2026-09-18","passed","2026-09-18","","Go Test","github.com/specterops/bloodhound/cmd/api/src/database/types/null/TestStringFromPtr","TestStringFromPtr"
"","28","passes an empty name to handleSourceNodeSelected when the node has no name","BasicObjectInfoFields related kind fields","2026-09-18","passed","2026-09-18","","'Linked Group ID'","",""
"","6","respects the initial sort state parameters passed in","useSortParams","2026-09-18","passed","2026-09-18","","","",""
"","71","should display the ""User Information"" header","UserProfile","2026-09-18","passed","2026-09-18","","","",""
"","245","disables the delete button and all checkboxes if the user lacks permission","DatabaseManagement","2026-09-18","passed","2026-09-18","","","",""
"Test cases for TestStore_GetAssetGroupTagByID","0","TestStore_GetAssetGroupTagByID","","2026-09-18","passed","2026-09-18","","Go Test","github.com/specterops/bloodhound/server/assetgrouptags/internal/appdb/TestStore_GetAssetGroupTagByID","TestStore_GetAssetGroupTagByID"
"Test cases for Test_sortAndSliceResults_limit","0","Test_sortAndSliceResults_limit","","2026-09-18","passed","2026-09-18","","Go Test","github.com/specterops/bloodhound/cmd/api/src/queries/Test_sortAndSliceResults_limit","Test_sortAndSliceResults_limit"
"","232","should not call onSave when Save button is clicked and form input is invalid","CreateUserDialog","2026-09-18","passed","2026-09-18","","","",""
"TestGetStoragePath tests storage path resolution","3","TestGetStoragePath","","2026-09-18","passed","2026-09-18","","Go Test","github.com/specterops/bloodhound/packages/go/stbernard/dora/TestGetStoragePath","TestGetStoragePath"
"Test cases for TestQueries_BuildEntityQueryParams","0","TestQueries_BuildEntityQueryParams","","2026-09-18","passed","2026-09-18","","Go Test","github.com/specterops/bloodhound/cmd/api/src/queries/TestQueries_BuildEntityQueryParams","TestQueries_BuildEntityQueryParams"
"","279","should accept passwords with unicode punctuation characters","CreateUserForm","2026-09-18","passed","2026-09-18","","","",""
"","0","returns false if arrays have different length","areArraysSimilar","2026-09-18","passed","2026-09-18","","","",""
"Test cases for TestDeduplicateKinds","0","TestDeduplicateKinds","","2026-09-18","passed","2026-09-18","","Go Test","github.com/specterops/bloodhound/cmd/api/src/services/graphify/TestDeduplicateKinds","TestDeduplicateKinds"
"","245","opens the menu and renders its children when the trigger is clicked","GraphMenu","2026-09-18","passed","2026-09-18","","","",""
"Test cases for TestNewNodeNamePrefix","0","TestNewNodeNamePrefix","","2026-09-18","passed","2026-09-18","","Go Test","github.com/specterops/bloodhound/packages/go/analysis/ad/wellknown/TestNewNodeNamePrefix","TestNewNodeNamePrefix"
"","81","renders a button for opening the dialog","SchemaUploadDialog","2026-09-18","passed","2026-09-18","","","",""
"Test cases for TestTypes_Scan_Success","0","TestTypes_Scan_Success","","2026-09-18","passed","2026-09-18","","Go Test","github.com/specterops/bloodhound/cmd/api/src/database/types/TestTypes_Scan_Success","TestTypes_Scan_Success"
"","1923","Clicking on a row causes row to be selected","ExploreTable","2026-09-18","passed","2026-09-18","","","",""
"","38","Gets focus on keyboard shortcut","SearchBar","2026-09-18","passed","2026-09-18","","","",""
"Test cases for TestIntIsZero","0","TestIntIsZero","","2026-09-18","passed","2026-09-18","","Go Test","github.com/specterops/bloodhound/cmd/api/src/database/types/null/TestIntIsZero","TestIntIsZero"
"","52","renders citrix config controls","BloodHoundConfiguration","2026-09-18","passed","2026-09-18","","","",""
"","2406","categories default to expanded","Pathfinding","2026-09-18","passed","2026-09-18","","","",""
"Test cases for TestRegister","1","TestRegister","","2026-09-18","passed","2026-09-18","","Go Test","github.com/specterops/bloodhound/server/appcfg/internal/routes/TestRegister","TestRegister"
"Test cases for TestSortJSONArrays","1","TestSortJSONArrays","","2026-09-18","passed","2026-09-18","","Go Test","github.com/specterops/bloodhound/cmd/api/src/utils/test/TestSortJSONArrays","TestSortJSONArrays"
"Test cases for TestResources_DeleteAssetGroup","0","TestResources_DeleteAssetGroup","","2026-09-18","passed","2026-09-18","","Go Test","github.com/specterops/bloodhound/cmd/api/src/api/v2/TestResources_DeleteAssetGroup","TestResources_DeleteAssetGroup"
"Test cases for TestActivateMFA_Success","652","TestActivateMFA_Success","","2026-09-18","passed","2026-09-18","","Go Test","github.com/specterops/bloodhound/cmd/api/src/api/v2/auth/TestActivateMFA_Success","TestActivateMFA_Success"
"","1","should return the edge parts from the key","getEdgeDataFromKey","2026-09-18","passed","2026-09-18","","","",""
"Test cases for TestMatches_FailureModel","0","TestMatches_FailureModel","","2026-09-18","passed","2026-09-18","","Go Test","github.com/specterops/bloodhound/cmd/api/src/model/TestMatches_FailureModel","TestMatches_FailureModel"
"Test cases for TestService_GetNode_PreservesTemplateErrorsPerKindInfo","0","TestService_GetNode_PreservesTemplateErrorsPerKindInfo","","2026-09-18","passed","2026-09-18","","Go Test","github.com/specterops/bloodhound/server/graphdb/internal/services/TestService_GetNode_PreservesTemplateErrorsPerKindInfo","TestService_GetNode_PreservesTemplateErrorsPerKindInfo"
"Test cases for TestValidateZipBundle","0","TestValidateZipBundle","","2026-09-18","passed","2026-09-18","","Go Test","github.com/specterops/bloodhound/cmd/api/src/api/v2/TestValidateZipBundle","TestValidateZipBundle"
"","63","does not show View in Explore if in object rule type","Seed Selection Results","2026-09-18","passed","2026-09-18","","","",""
"Test cases for TestMarkdownValidator_Validate","5","TestMarkdownValidator_Validate","","2026-09-18","passed","2026-09-18","","Go Test","github.com/specterops/bloodhound/cmd/api/src/services/opengraphschema/TestMarkdownValidator_Validate","TestMarkdownValidator_Validate"
"","518","displays must be new password error messages when current password is the same as new password","PasswordDialog","2026-09-18","passed","2026-09-18","","","",""
"","247","changes the text from ""Disabled"" to ""Enabled"" when the Rule Status switch is toggled","Rule Form","2026-09-18","passed","2026-09-18","","","",""
"Test cases for Test_UseFixture","1","Test_UseFixture","","2026-09-18","passed","2026-09-18","","Go Test","github.com/specterops/bloodhound/packages/go/lab/Test_UseFixture","Test_UseFixture"
"Test cases for TestResources_CreateAssetGroupTagSelector","0","TestResources_CreateAssetGroupTagSelector","","2026-09-18","passed","2026-09-18","","Go Test","github.com/specterops/bloodhound/cmd/api/src/api/v2/TestResources_CreateAssetGroupTagSelector","TestResources_CreateAssetGroupTagSelector"
"Test cases for TestFloatFromPtr","0","TestFloatFromPtr","","2026-09-18","passed","2026-09-18","","Go Test","github.com/specterops/bloodhound/cmd/api/src/database/types/null/TestFloatFromPtr","TestFloatFromPtr"
"","82","renders enabled Zone and Object tabs and disabled Rule tab","Selected Details Tabs","2026-09-18","passed","2026-09-18","","Selected Details Tabs - Params present","",""
"Test cases for TestService_ListRoles","1","TestService_ListRoles","","2026-09-18","passed","2026-09-18","","Go Test","github.com/specterops/bloodhound/server/identity/internal/services/TestService_ListRoles","TestService_ListRoles"
"Test cases for TestLoginExpiry","0","TestLoginExpiry","","2026-09-18","passed","2026-09-18","","Go Test","github.com/specterops/bloodhound/cmd/api/src/api/v2/auth/TestLoginExpiry","TestLoginExpiry"
"","46","should not display the ETAC role-based filtering badge when filtering is disabled","Zone Management","2026-09-18","passed","2026-09-18","","","",""
"","5","shows items when the user has admin permissions","useSubNavRoutes","2026-09-18","passed","2026-09-18","","adminOnly gate","",""
"","1446","should allow user to create new SAML provder and then display it in the table","SSOConfiguration","2026-09-18","passed","2026-09-18","","","",""
"Test cases for TestToolContainer_SetScheduledAnalysisConfiguration","4","TestToolContainer_SetScheduledAnalysisConfiguration","","2026-09-18","passed","2026-09-18","","Go Test","github.com/specterops/bloodhound/cmd/api/src/api/tools/TestToolContainer_SetScheduledAnalysisConfiguration","TestToolContainer_SetScheduledAnalysisConfiguration"
"","338","renders a primary button as expected","DropdownSelector","2026-09-18","passed","2026-09-18","","","",""
"","350","AZRole information panel will not display a section for PIM Assignments","EntityInfoContent","2026-09-18","passed","2026-09-18","","","",""
"","35","displays the checkbox as checked if the filter params value is 'true'","AssetGroupEdit","2026-09-18","passed","2026-09-18","","Custom Member checkbox filter","",""
"Test cases for Test_SetDependency","0","Test_SetDependency","","2026-09-18","passed","2026-09-18","","Go Test","github.com/specterops/bloodhound/packages/go/lab/Test_SetDependency","Test_SetDependency"
"","182","invokes the selected action, closes the menu, and restores focus","GraphControls","2026-09-18","passed","2026-09-18","","Exporting json","",""
"TestRegister_RateLimitingReturns429 verifies that the extensions routes are wiredwith the rate-limiting middleware and that requests exceeding the per-IP limitare rejected with 429 before reaching the handler.Because the rate limiter is registered as the outermost middleware layer(before the permissions check), even unauthenticated requests count againstthe limit and trigger 429 once the budget is exhausted.","0","TestRegister_RateLimitingReturns429","","2026-09-18","passed","2026-09-18","","Go Test","github.com/specterops/bloodhound/server/extensions/internal/routes/TestRegister_RateLimitingReturns429","TestRegister_RateLimitingReturns429"
"","66","shows ""<10 Days to Expire"" warning when token expires within 10 days","UserTokenManagementDialog - API Expiration Date column","2026-09-18","passed","2026-09-18","","","",""
"","41","calls handleSourceNodeSelected with the related node when the id is clicked","BasicObjectInfoFields related kind fields","2026-09-18","passed","2026-09-18","","'Node Resource Group ID'","",""
"Test cases for TestQueryParameterFilterParser_ParseQueryParameterFilter","0","TestQueryParameterFilterParser_ParseQueryParameterFilter","","2026-09-18","passed","2026-09-18","","Go Test","github.com/specterops/bloodhound/cmd/api/src/model/TestQueryParameterFilterParser_ParseQueryParameterFilter","TestQueryParameterFilterParser_ParseQueryParameterFilter"
"Test cases for TestParsePreferHeaderWait","0","TestParsePreferHeaderWait","","2026-09-18","passed","2026-09-18","","Go Test","github.com/specterops/bloodhound/cmd/api/src/api/middleware/TestParsePreferHeaderWait","TestParsePreferHeaderWait"
"","179","displays expected results when searching by label","SearchCurrentNodes","2026-09-18","passed","2026-09-18","","","",""
"","22","renders an error fallback when flag is not found","FeatureFlag","2026-09-18","passed","2026-09-18","","","",""
"","4","shows the item only when both gates pass","useSubNavRoutes","2026-09-18","passed","2026-09-18","","combined gates","",""
"","371","displays correct content based on platform filter Azure","CommonSearches","2026-09-18","passed","2026-09-18","","","",""
"Test cases for Test_parseLatestVersion","0","Test_parseLatestVersion","","2026-09-18","passed","2026-09-18","","Go Test","github.com/specterops/bloodhound/packages/go/stbernard/git/Test_parseLatestVersion","Test_parseLatestVersion"
"","164","disables the sortable header only while its accordion is closed","ObjectsAccordion","2026-09-18","passed","2026-09-18","","","",""
"","309","does not display must be new password error messages when current password is not required","PasswordDialog","2026-09-18","passed","2026-09-18","","","",""
"","9","function should return 1 when first param is larger, no matter the data type","Compare function for explore table sort","2026-09-18","passed","2026-09-18","","","",""
"","0","handles percent values by multiplying by 100, truncating to an integer, and adding a ""%"" to the end","Formatting number properties","2026-09-18","passed","2026-09-18","","","",""
"","149","renders the Object Information section and node properties","EntityObjectInformation","2026-09-18","passed","2026-09-18","","","",""
"Test cases for TestStorageFileService_ReadFile","10","TestStorageFileService_ReadFile","","2026-09-18","passed","2026-09-18","","Go Test","github.com/specterops/bloodhound/packages/go/storage/TestStorageFileService_ReadFile","TestStorageFileService_ReadFile"
"Test cases for TestGetDataQualityAggregations_Success","1","TestGetDataQualityAggregations_Success","","2026-09-18","passed","2026-09-18","","Go Test","github.com/specterops/bloodhound/cmd/api/src/api/v2/TestGetDataQualityAggregations_Success","TestGetDataQualityAggregations_Success"
"Test cases for TestResources_UpdateSavedQuery_UpdateFailed","0","TestResources_UpdateSavedQuery_UpdateFailed","","2026-09-18","passed","2026-09-18","","Go Test","github.com/specterops/bloodhound/cmd/api/src/api/v2/TestResources_UpdateSavedQuery_UpdateFailed","TestResources_UpdateSavedQuery_UpdateFailed"
"","13","renders the label and clickable id when handleSourceNodeSelected is provided","BasicObjectInfoFields related kind fields","2026-09-18","passed","2026-09-18","","'Node Resource Group ID'","",""
"","0","returns null when no environment is selected","getStatsComponent","2026-09-18","passed","2026-09-18","","","",""
"Test cases for TestNormalizePath","10","TestNormalizePath","","2026-09-18","passed","2026-09-18","","Go Test","github.com/specterops/bloodhound/packages/go/storage/TestNormalizePath","TestNormalizePath"
"","164","switches Rule tab to active/selected when clicked","Selected Details Tabs","2026-09-18","passed","2026-09-18","","Selected Details Tabs - Click Interactions","",""
"Test cases for TestCache_Reset","0","TestCache_Reset","","2026-09-18","passed","2026-09-18","","Go Test","github.com/specterops/bloodhound/packages/go/cache/TestCache_Reset","TestCache_Reset"
"","0","filters by low risk level","filterAndSearchEnvironments","2026-09-18","passed","2026-09-18","","risk filters","",""
"","0","EXTENDED ROUNDING when thresholds are set: abbreviates numbers larger than 1000 and should not round the tenth place digit","numberFormatting","2026-09-18","passed","2026-09-18","","","",""
"Test cases for TestFloatValueOrZero","0","TestFloatValueOrZero","","2026-09-18","passed","2026-09-18","","Go Test","github.com/specterops/bloodhound/cmd/api/src/database/types/null/TestFloatValueOrZero","TestFloatValueOrZero"
"Test cases for TestResources_UpdateSavedQuery_OwnPrivateQuery_Success","0","TestResources_UpdateSavedQuery_OwnPrivateQuery_Success","","2026-09-18","passed","2026-09-18","","Go Test","github.com/specterops/bloodhound/cmd/api/src/api/v2/TestResources_UpdateSavedQuery_OwnPrivateQuery_Success","TestResources_UpdateSavedQuery_OwnPrivateQuery_Success"
"Test cases for TestAnalysisStepsMerge","13","TestAnalysisStepsMerge","","2026-09-18","passed","2026-09-18","","Go Test","github.com/specterops/bloodhound/cmd/api/src/model/TestAnalysisStepsMerge","TestAnalysisStepsMerge"
"Test cases for TestTenantRoles","0","TestTenantRoles","","2026-09-18","passed","2026-09-18","","Go Test","github.com/specterops/bloodhound/packages/go/analysis/azure/TestTenantRoles","TestTenantRoles"
"Test cases for TestRequireAllEnvironmentAccessMiddleware","0","TestRequireAllEnvironmentAccessMiddleware","","2026-09-18","passed","2026-09-18","","Go Test","github.com/specterops/bloodhound/cmd/api/src/api/middleware/TestRequireAllEnvironmentAccessMiddleware","TestRequireAllEnvironmentAccessMiddleware"
"Test cases for TestStorageFileService_GetPresignedURL","3","TestStorageFileService_GetPresignedURL","","2026-09-18","passed","2026-09-18","","Go Test","github.com/specterops/bloodhound/packages/go/storage/TestStorageFileService_GetPresignedURL","TestStorageFileService_GetPresignedURL"
"","139","Selecting an edge with a Computer target node that does not have haslaps enabled shows correct Windows Abuse text","EdgeInfoContent","2026-09-18","passed","2026-09-18","","","",""
"Test cases for TestResources_GetBaseEntityInfo","188","TestResources_GetBaseEntityInfo","","2026-09-18","passed","2026-09-18","","Go Test","github.com/specterops/bloodhound/cmd/api/src/api/v2/TestResources_GetBaseEntityInfo","TestResources_GetBaseEntityInfo"
"","260","should render list of available SSO providers","LoginViaSSOForm","2026-09-18","passed","2026-09-18","","","",""
"","586","dispatches an action to add the associated node","Rule Object Select","2026-09-18","passed","2026-09-18","","","",""
"Test cases for TestParseUUID","0","TestParseUUID","","2026-09-18","passed","2026-09-18","","Go Test","github.com/specterops/bloodhound/cmd/api/src/utils/TestParseUUID","TestParseUUID"
"","200","prevents a user from proceeding if the file is not valid","ImportQueryDialog","2026-09-18","passed","2026-09-18","","","",""
"Test cases for TestParseOptionalBool","0","TestParseOptionalBool","","2026-09-18","passed","2026-09-18","","Go Test","github.com/specterops/bloodhound/cmd/api/src/api/TestParseOptionalBool","TestParseOptionalBool"
"Test cases for TestManagementResource_CreateOIDCProvider","1","TestManagementResource_CreateOIDCProvider","","2026-09-18","passed","2026-09-18","","Go Test","github.com/specterops/bloodhound/cmd/api/src/api/v2/auth/TestManagementResource_CreateOIDCProvider","TestManagementResource_CreateOIDCProvider"
"","13","returns Rule Object counts when there is a Tag and a Rule selected (tagId and ruleId are in path params)","useObjectCounts","2026-09-18","passed","2026-09-18","","","",""
"","158","navigates to all rules when clicking ""All Rules""","RulesAccordion","2026-09-18","passed","2026-09-18","","","",""
"","133","renders correctly with requiresCurrentPassword true","PasswordDialog","2026-09-18","passed","2026-09-18","","","",""
"","45","does not list sso providers for a role without both the manage providers and read provider permissions","SSOConfiguration","2026-09-18","passed","2026-09-18","","","",""
"Test cases for TestGetPlatformAggregateStats_Failure","1","TestGetPlatformAggregateStats_Failure","","2026-09-18","passed","2026-09-18","","Go Test","github.com/specterops/bloodhound/cmd/api/src/api/v2/TestGetPlatformAggregateStats_Failure","TestGetPlatformAggregateStats_Failure"
"","1","uses the provided threshold when determining whether the scroll is close enough to the bottom","useInfiniteScroll","2026-09-18","passed","2026-09-18","","","",""
"Test cases for TestService_GetNode_RendersKindInfoMarkdown","0","TestService_GetNode_RendersKindInfoMarkdown","","2026-09-18","passed","2026-09-18","","Go Test","github.com/specterops/bloodhound/server/graphdb/internal/services/TestService_GetNode_RendersKindInfoMarkdown","TestService_GetNode_RendersKindInfoMarkdown"
"Test cases for TestBuildSQLFilter","2","TestBuildSQLFilter","","2026-09-18","passed","2026-09-18","","Go Test","github.com/specterops/bloodhound/cmd/api/src/model/TestBuildSQLFilter","TestBuildSQLFilter"
"","81","should display the logged in user's full name","UserProfile","2026-09-18","passed","2026-09-18","","","",""
"","102","disables the create user button when the user is auditor role","Users","2026-09-18","passed","2026-09-18","","","",""
"Test cases for TestContextMiddleware_InvalidWaitLessThanZero","0","TestContextMiddleware_InvalidWaitLessThanZero","","2026-09-18","passed","2026-09-18","","Go Test","github.com/specterops/bloodhound/cmd/api/src/api/middleware/TestContextMiddleware_InvalidWaitLessThanZero","TestContextMiddleware_InvalidWaitLessThanZero"
"Test cases for TestHandlers_GetApplicationConfiguration","0","TestHandlers_GetApplicationConfiguration","","2026-09-18","passed","2026-09-18","","Go Test","github.com/specterops/bloodhound/server/appcfg/internal/handlers/TestHandlers_GetApplicationConfiguration","TestHandlers_GetApplicationConfiguration"
"Test cases for TestServeHTTP_Success","1","TestServeHTTP_Success","","2026-09-18","passed","2026-09-18","","Go Test","github.com/specterops/bloodhound/cmd/api/src/api/middleware/TestServeHTTP_Success","TestServeHTTP_Success"
"Test cases for TestInt64FromPtr","0","TestInt64FromPtr","","2026-09-18","passed","2026-09-18","","Go Test","github.com/specterops/bloodhound/cmd/api/src/database/types/null/TestInt64FromPtr","TestInt64FromPtr"
"","5","does not render highlight for non-active tag","SelectedHighlight","2026-09-18","passed","2026-09-18","","","",""
"Test cases for TestNewService","1","TestNewService","","2026-09-18","passed","2026-09-18","","Go Test","github.com/specterops/bloodhound/server/featureflags/internal/services/TestNewService","TestNewService"
"","12","returns active-directory environmentInfo when environmentAggregation param is active-directory","useAvailableEnvironments","2026-09-18","passed","2026-09-18","","useSelectedEnvironment","",""
"Test cases for TestWriteTimeWindowedResponse","1","TestWriteTimeWindowedResponse","","2026-09-18","passed","2026-09-18","","Go Test","github.com/specterops/bloodhound/cmd/api/src/api/TestWriteTimeWindowedResponse","TestWriteTimeWindowedResponse"
"","74","buttons are disabled while loading","PasswordResetForm","2026-09-18","passed","2026-09-18","","","",""
"Test cases for TestResources_UpdateAssetGroupTagSelector","1","TestResources_UpdateAssetGroupTagSelector","","2026-09-18","passed","2026-09-18","","Go Test","github.com/specterops/bloodhound/cmd/api/src/api/v2/TestResources_UpdateAssetGroupTagSelector","TestResources_UpdateAssetGroupTagSelector"
"Test cases for TestManagementResource_DeleteUser_UserCannotSelfDelete","1197","TestManagementResource_DeleteUser_UserCannotSelfDelete","","2026-09-18","passed","2026-09-18","","Go Test","github.com/specterops/bloodhound/cmd/api/src/api/v2/auth/TestManagementResource_DeleteUser_UserCannotSelfDelete","TestManagementResource_DeleteUser_UserCannotSelfDelete"
"","0","reports a Cypher-specific error when ruleType is SeedTypeCypher and seeds are required","handleError","2026-09-18","passed","2026-09-18","","","",""
"Test cases for TestParseUserIP_RemoteAddrOnly","0","TestParseUserIP_RemoteAddrOnly","","2026-09-18","passed","2026-09-18","","Go Test","github.com/specterops/bloodhound/cmd/api/src/api/middleware/TestParseUserIP_RemoteAddrOnly","TestParseUserIP_RemoteAddrOnly"
"","0","returns query config when searchType is relationship and all required params are passed","useExploreGraph","2026-09-18","passed","2026-09-18","relationship search queries","exploreGraphQueryFactory","",""
"Test cases for TestResources_ListADEntityDCOMRights","1","TestResources_ListADEntityDCOMRights","","2026-09-18","passed","2026-09-18","","Go Test","github.com/specterops/bloodhound/cmd/api/src/api/v2/TestResources_ListADEntityDCOMRights","TestResources_ListADEntityDCOMRights"
"Test cases for TestStore_Exists","13","TestStore_Exists","","2026-09-18","passed","2026-09-18","","Go Test","github.com/specterops/bloodhound/packages/go/storage/TestStore_Exists","TestStore_Exists"
"","7","shows items when the flag is enabled","useSubNavRoutes","2026-09-18","passed","2026-09-18","","featureFlag gate","",""
"","6","should render a Field when the provided value is -0","Field","2026-09-18","passed","2026-09-18","","","",""
"","0","filters by critical risk level","filterAndSearchEnvironments","2026-09-18","passed","2026-09-18","","risk filters","",""
"Test cases for Test_HarnessTeardown","0","Test_HarnessTeardown","","2026-09-18","passed","2026-09-18","","Go Test","github.com/specterops/bloodhound/packages/go/lab/Test_HarnessTeardown","Test_HarnessTeardown"
"Test cases for TestResources_SearchAssetGroupTagHistory","121","TestResources_SearchAssetGroupTagHistory","","2026-09-18","passed","2026-09-18","","Go Test","github.com/specterops/bloodhound/cmd/api/src/api/v2/TestResources_SearchAssetGroupTagHistory","TestResources_SearchAssetGroupTagHistory"
"Test cases for TestResources_ListADOUContainedGroups","1","TestResources_ListADOUContainedGroups","","2026-09-18","passed","2026-09-18","","Go Test","github.com/specterops/bloodhound/cmd/api/src/api/v2/TestResources_ListADOUContainedGroups","TestResources_ListADOUContainedGroups"
"Test cases for TestManagementResource_ListAuthTokens_NonAdmin","1","TestManagementResource_ListAuthTokens_NonAdmin","","2026-09-18","passed","2026-09-18","","Go Test","github.com/specterops/bloodhound/cmd/api/src/api/v2/auth/TestManagementResource_ListAuthTokens_NonAdmin","TestManagementResource_ListAuthTokens_NonAdmin"
"","40","takes the param appendQueryKey and will append that value to the existing queryKey","useAvailableEnvironments","2026-09-18","passed","2026-09-18","","useAvailableEnvironments","",""
"","0","returns fallback Cypher message when ruleType is undefined and seeds are required","getErrorMessage","2026-09-18","passed","2026-09-18","","","",""
"Test cases for TestWritePaginated","0","TestWritePaginated","","2026-09-18","passed","2026-09-18","","Go Test","github.com/specterops/bloodhound/packages/go/responses/TestWritePaginated","TestWritePaginated"
"Test cases for TestNewAuditLog_BadAuthContext","0","TestNewAuditLog_BadAuthContext","","2026-09-18","passed","2026-09-18","","Go Test","github.com/specterops/bloodhound/cmd/api/src/database/TestNewAuditLog_BadAuthContext","TestNewAuditLog_BadAuthContext"
"","59","does not enrich built in node kinds outside the enrichable allow-list","useGetNodeById","2026-09-18","passed","2026-09-18","","","",""
"Test cases for TestService_SubmitAnalysisRequest","0","TestService_SubmitAnalysisRequest","","2026-09-18","passed","2026-09-18","","Go Test","github.com/specterops/bloodhound/server/analysis/internal/services/TestService_SubmitAnalysisRequest","TestService_SubmitAnalysisRequest"
"","0","returns true if arrays are equal","areArraysSimilar","2026-09-18","passed","2026-09-18","","","",""
"","81","buttons are disabled while loading","LoginForm","2026-09-18","passed","2026-09-18","","","",""
"Test cases for TestResources_ListADCSEscalations","1","TestResources_ListADCSEscalations","","2026-09-18","passed","2026-09-18","","Go Test","github.com/specterops/bloodhound/cmd/api/src/api/v2/TestResources_ListADCSEscalations","TestResources_ListADCSEscalations"
"Test cases for TestTimeEqual","0","TestTimeEqual","","2026-09-18","passed","2026-09-18","","Go Test","github.com/specterops/bloodhound/cmd/api/src/database/types/null/TestTimeEqual","TestTimeEqual"
"","0","returns zero for empty input","getRelationshipsTotalCount","2026-09-18","passed","2026-09-18","","","",""
"Test cases for TestCalculateTimeToRestoreNoIncidents","10","TestCalculateTimeToRestoreNoIncidents","","2026-09-18","passed","2026-09-18","","Go Test","github.com/specterops/bloodhound/packages/go/stbernard/dora/TestCalculateTimeToRestoreNoIncidents","TestCalculateTimeToRestoreNoIncidents"
"Test cases for TestManagementResource_OIDCCallbackHandler","12","TestManagementResource_OIDCCallbackHandler","","2026-09-18","passed","2026-09-18","","Go Test","github.com/specterops/bloodhound/cmd/api/src/api/v2/auth/TestManagementResource_OIDCCallbackHandler","TestManagementResource_OIDCCallbackHandler"
"Test cases for TestBOMEncoding","0","TestBOMEncoding","","2026-09-18","passed","2026-09-18","","Go Test","github.com/specterops/bloodhound/packages/go/bomenc/TestBOMEncoding","TestBOMEncoding"
"Test cases for TestRegister","0","TestRegister","","2026-09-18","passed","2026-09-18","","Go Test","github.com/specterops/bloodhound/server/analysis/TestRegister","TestRegister"
"Test cases for TestStringFrom","0","TestStringFrom","","2026-09-18","passed","2026-09-18","","Go Test","github.com/specterops/bloodhound/cmd/api/src/database/types/null/TestStringFrom","TestStringFrom"
"Test cases for TestInt64IsZero","0","TestInt64IsZero","","2026-09-18","passed","2026-09-18","","Go Test","github.com/specterops/bloodhound/cmd/api/src/database/types/null/TestInt64IsZero","TestInt64IsZero"
"","25","displays lastlogon cell as UNKNOWN when the value is 0","ExploreTableDataCell","2026-09-18","passed","2026-09-18","","","",""
"","233","should render","OneTimePasscodeForm","2026-09-18","passed","2026-09-18","","","",""
"","62","updates value when an invalid date typed","ManagedDatePicker - value","2026-09-18","passed","2026-09-18","","","",""
"","4","reads an explicitly empty value parameter as none","useMultiValueFilterParams","2026-09-18","passed","2026-09-18","","","",""
"Test cases for TestKeyEncoder_Key_VaryingInputs","0","TestKeyEncoder_Key_VaryingInputs","","2026-09-18","passed","2026-09-18","","Go Test","github.com/specterops/bloodhound/packages/go/analysis/post/TestKeyEncoder_Key_VaryingInputs","TestKeyEncoder_Key_VaryingInputs"
"","2","returns default empty labels and relationshipTypes when called with no arguments","graphSchema","2026-09-18","passed","2026-09-18","","","",""
"","1177","renders correct search elements after keypresses","GraphView","2026-09-18","passed","2026-09-18","","","",""
"","42","if a hint is given, it show date placeholder on focus, restores hint on blur","ManagedDatePicker - placeholders","2026-09-18","passed","2026-09-18","","","",""
"","81","renders the title as a heading when a title is provided","NotificationSnackbar","2026-09-18","passed","2026-09-18","","","",""
"Test cases for TestManagementResource_UpdateUser_ETAC","2742","TestManagementResource_UpdateUser_ETAC","","2026-09-18","passed","2026-09-18","","Go Test","github.com/specterops/bloodhound/cmd/api/src/api/v2/auth/TestManagementResource_UpdateUser_ETAC","TestManagementResource_UpdateUser_ETAC"
"Test cases for TestMarshalInt","0","TestMarshalInt","","2026-09-18","passed","2026-09-18","","Go Test","github.com/specterops/bloodhound/cmd/api/src/database/types/null/TestMarshalInt","TestMarshalInt"
"","62","shows formatted expiration date (yyyy-MM-dd) when expires_at is set","UserTokenManagementDialog - API Expiration Date column","2026-09-18","passed","2026-09-18","","","",""
"","20","falls back to objectId when the label is empty","SearchResultItem","2026-09-18","passed","2026-09-18","","","",""
"","437","should render a create user form","CreateUserDialog","2026-09-18","passed","2026-09-18","","","",""
"Test cases for TestStorageFileService_GetFile","10","TestStorageFileService_GetFile","","2026-09-18","passed","2026-09-18","","Go Test","github.com/specterops/bloodhound/packages/go/storage/TestStorageFileService_GetFile","TestStorageFileService_GetFile"
"Test cases for TestConfigLoadAndSave","0","TestConfigLoadAndSave","","2026-09-18","passed","2026-09-18","","Go Test","github.com/specterops/bloodhound/packages/go/stbernard/dora/TestConfigLoadAndSave","TestConfigLoadAndSave"
"Test cases for TestMarshalBoolText","0","TestMarshalBoolText","","2026-09-18","passed","2026-09-18","","Go Test","github.com/specterops/bloodhound/cmd/api/src/database/types/null/TestMarshalBoolText","TestMarshalBoolText"
"","104","renders with a title","BloodHoundConfiguration","2026-09-18","passed","2026-09-18","","","",""
"Test cases for TestParseAGMembersFromNodes_MissingNodeProperties","0","TestParseAGMembersFromNodes_MissingNodeProperties","","2026-09-18","passed","2026-09-18","","Go Test","github.com/specterops/bloodhound/cmd/api/src/api/v2/TestParseAGMembersFromNodes_MissingNodeProperties","TestParseAGMembersFromNodes_MissingNodeProperties"
"","41","Should display a list of the asset group members","AssetGroupMemberList","2026-09-18","passed","2026-09-18","","","",""
"Test cases for TestIsIntegrationTestFile","1","TestIsIntegrationTestFile","","2026-09-18","passed","2026-09-18","","Go Test","github.com/specterops/bloodhound/packages/go/stbernard/analyzers/integrationparallel/TestIsIntegrationTestFile","TestIsIntegrationTestFile"
"Test cases for TestTimePointer","0","TestTimePointer","","2026-09-18","passed","2026-09-18","","Go Test","github.com/specterops/bloodhound/cmd/api/src/database/types/null/TestTimePointer","TestTimePointer"
"","57","should redirect to nested /file-ingest route if user navigates to /","Administration","2026-09-18","passed","2026-09-18","","","",""
"","520","should not allow the input to exceed the allowed length","UpdateUserForm","2026-09-18","passed","2026-09-18","","","",""
"","0","returns true when the response contains node_id","isNodeResponse","2026-09-18","passed","2026-09-18","","","",""
"Test cases for TestManagementResource_ListUsers","0","TestManagementResource_ListUsers","","2026-09-18","passed","2026-09-18","","Go Test","github.com/specterops/bloodhound/cmd/api/src/api/v2/auth/TestManagementResource_ListUsers","TestManagementResource_ListUsers"
"","59","enables correctly returning the tag associated with Tier Zero (position value of 1) from the list of tags","the useAssetGroupTags utilities","2026-09-18","passed","2026-09-18","","","",""
"Test cases for TestDomainSelectors_GetFilterCriteria_Success_Empty","0","TestDomainSelectors_GetFilterCriteria_Success_Empty","","2026-09-18","passed","2026-09-18","","Go Test","github.com/specterops/bloodhound/cmd/api/src/model/TestDomainSelectors_GetFilterCriteria_Success_Empty","TestDomainSelectors_GetFilterCriteria_Success_Empty"
"","15","upon performing a search, updates the url params with the base64-encoded current query and sets searchType to 'cypher'","useCypherSearch","2026-09-18","passed","2026-09-18","","","",""
"","18","shows the empty form message when Cypher Rule Form is empty","Seed Selection Results","2026-09-18","passed","2026-09-18","","","",""
"","133","can render","ExploreSearchCombobox","2026-09-18","passed","2026-09-18","","","",""
"","123","handles adding to non-tier-zero asset group","AssetGroupMenuItem","2026-09-18","passed","2026-09-18","","adding to an asset group","",""
"","1","dispatches a storage event with null newValue when the key is removed","useLocalStorage","2026-09-18","passed","2026-09-18","","storage event synchronisation","",""
"Test cases for TestCreateUser_ETAC","3727","TestCreateUser_ETAC","","2026-09-18","passed","2026-09-18","","Go Test","github.com/specterops/bloodhound/cmd/api/src/api/v2/auth/TestCreateUser_ETAC","TestCreateUser_ETAC"
"","2","does not put polite messages in the assertive region","AnnouncementProvider","2026-09-18","passed","2026-09-18","","","",""
"Test cases for TestJSONFloat_UnmarshalJSON_NaN","0","TestJSONFloat_UnmarshalJSON_NaN","","2026-09-18","passed","2026-09-18","","Go Test","github.com/specterops/bloodhound/cmd/api/src/database/types/nan/TestJSONFloat_UnmarshalJSON_NaN","TestJSONFloat_UnmarshalJSON_NaN"
"","1","reads and parses an existing value from localStorage","useLocalStorage","2026-09-18","passed","2026-09-18","","initial value","",""
"","0","shows no collection methods","toCollected","2026-09-18","passed","2026-09-18","","","",""
"","41","renders rows with default cursor when onClick is not provided","InfiniteScrollingTable","2026-09-18","passed","2026-09-18","","","",""
"TestClassifyRestoreTime tests DORA time to restore tier classification","0","TestClassifyRestoreTime","","2026-09-18","passed","2026-09-18","","Go Test","github.com/specterops/bloodhound/packages/go/stbernard/dora/TestClassifyRestoreTime","TestClassifyRestoreTime"
"","0","should handle an entity that has no name property","Evaluating the entity display name from a given entity","2026-09-18","passed","2026-09-18","","","",""
"","45","does not auto display the table for single node responses with no edges","GraphView","2026-09-18","passed","2026-09-18","","Layout selection and de-selection","",""
"TestResources_GetDatabaseCompleteness_ResponseKeys drives the read transaction delegate with a graphholding a known session completeness and a known, different local group completeness, so that the twovalues cannot be transposed in the response without failing the assertion.","66","TestResources_GetDatabaseCompleteness_ResponseKeys","","2026-09-18","passed","2026-09-18","","Go Test","github.com/specterops/bloodhound/cmd/api/src/api/v2/TestResources_GetDatabaseCompleteness_ResponseKeys","TestResources_GetDatabaseCompleteness_ResponseKeys"
"Test cases for TestResources_UpdateSavedQuery_NotAUserAuth","0","TestResources_UpdateSavedQuery_NotAUserAuth","","2026-09-18","passed","2026-09-18","","Go Test","github.com/specterops/bloodhound/cmd/api/src/api/v2/TestResources_UpdateSavedQuery_NotAUserAuth","TestResources_UpdateSavedQuery_NotAUserAuth"
"","106","calls onChangePinnedColumns to unpin a column when its pin icon is clicked","ManageColumnsComboBox","2026-09-18","passed","2026-09-18","","","",""
"","2423","calls onQuerySuccess again when user reopens widget and runs another multi-node query","CypherSearch","2026-09-18","passed","2026-09-18","","Minimize explorer page elements when multiple nodes are returned","",""
"Test cases for TestPagingParseAndValidate_Errors","0","TestPagingParseAndValidate_Errors","","2026-09-18","passed","2026-09-18","","Go Test","github.com/specterops/bloodhound/packages/go/params/TestPagingParseAndValidate_Errors","TestPagingParseAndValidate_Errors"
"TestCountAssertions verifies that countAssertions counts every <Assertion> and <EncryptedAssertion>in the SAML assertion namespace, counting from the raw XML because crewjam's saml.Response only keeps one assertion.","3","TestCountAssertions","","2026-09-18","passed","2026-09-18","","Go Test","github.com/specterops/bloodhound/cmd/api/src/services/saml/TestCountAssertions","TestCountAssertions"
"","152","Trying to view the edge info does not crash the app when selecting an unrecognized edge","EdgeInfoContent","2026-09-18","passed","2026-09-18","","","",""
"Test cases for TestTrackerBuilder_Build_SortsKeysAndIDs","0","TestTrackerBuilder_Build_SortsKeysAndIDs","","2026-09-18","passed","2026-09-18","","Go Test","github.com/specterops/bloodhound/packages/go/analysis/post/TestTrackerBuilder_Build_SortsKeysAndIDs","TestTrackerBuilder_Build_SortsKeysAndIDs"
"Test cases for TestManagementResource_SAMLCallbackRedirect","7","TestManagementResource_SAMLCallbackRedirect","","2026-09-18","passed","2026-09-18","","Go Test","github.com/specterops/bloodhound/cmd/api/src/api/v2/auth/TestManagementResource_SAMLCallbackRedirect","TestManagementResource_SAMLCallbackRedirect"
"","55","renders an input box","SearchBar","2026-09-18","passed","2026-09-18","","","",""
"","950","enables the user actions menu when the user is admin role","Users","2026-09-18","passed","2026-09-18","","","",""
"","131","should fire Cancel once with false","DeleteConfirmationDialog","2026-09-18","passed","2026-09-18","","","",""
"","55","renders when all data is available and rule is not default","Delete Selector Button rendering","2026-09-18","passed","2026-09-18","","","",""
"","96","calls onCancel when cancel button clicked","EarlyAccessFeaturesWarningDialog","2026-09-18","passed","2026-09-18","","","",""
"","23","displays contact admin message when hidden edge is true","EdgeInfoContent","2026-09-18","passed","2026-09-18","","EdgeInfoContent support for hidden edges","",""
"","176","should not call onSubmit when input is invalid and Submit button is clicked","UpsertSAMLProviderForm","2026-09-18","passed","2026-09-18","","","",""
"Test cases for TestResources_UpdateSavedQuery_Admin_NonPublicQuery","0","TestResources_UpdateSavedQuery_Admin_NonPublicQuery","","2026-09-18","passed","2026-09-18","","Go Test","github.com/specterops/bloodhound/cmd/api/src/api/v2/TestResources_UpdateSavedQuery_Admin_NonPublicQuery","TestResources_UpdateSavedQuery_Admin_NonPublicQuery"
"","7","renders ActiveDirectoryPlatformInfo for the active-directory-platform aggregate","getStatsComponent","2026-09-18","passed","2026-09-18","","","",""
"Test cases for TestResources_GetComputerEntityInfo","0","TestResources_GetComputerEntityInfo","","2026-09-18","passed","2026-09-18","","Go Test","github.com/specterops/bloodhound/cmd/api/src/api/v2/TestResources_GetComputerEntityInfo","TestResources_GetComputerEntityInfo"
"","114","should render a single section with a single navigation item","SubNav","2026-09-18","passed","2026-09-18","","","",""
"","7","applies animation class to the title","ProcessingIndicator","2026-09-18","passed","2026-09-18","","","",""
"","0","uses the correct entity name in the Object ID message","getErrorMessage","2026-09-18","passed","2026-09-18","","","",""
"","79","displays an error message","GraphView","2026-09-18","passed","2026-09-18","","","",""
"","58","falls back to the base node when the kind-specific request fails","useGetNodeById","2026-09-18","passed","2026-09-18","","","",""
"Test cases for Test_cacheQueryResult","0","Test_cacheQueryResult","","2026-09-18","passed","2026-09-18","","Go Test","github.com/specterops/bloodhound/cmd/api/src/queries/Test_cacheQueryResult","Test_cacheQueryResult"
"Test cases for TestFloatPointer","0","TestFloatPointer","","2026-09-18","passed","2026-09-18","","Go Test","github.com/specterops/bloodhound/cmd/api/src/database/types/null/TestFloatPointer","TestFloatPointer"
"Test cases for TestMapExistsError","13","TestMapExistsError","","2026-09-18","passed","2026-09-18","","Go Test","github.com/specterops/bloodhound/packages/go/storage/TestMapExistsError","TestMapExistsError"
"","615","opens a submenu when the user clicks `Copy`","ContextMenu","2026-09-18","passed","2026-09-18","","","",""
"","0","reports an Object ID-specific error when creating a rule and ruleType is SeedTypeObjectId and seeds are required","handleError","2026-09-18","passed","2026-09-18","","","",""
"Test cases for TestResources_ListADEntityAdminRights","0","TestResources_ListADEntityAdminRights","","2026-09-18","passed","2026-09-18","","Go Test","github.com/specterops/bloodhound/cmd/api/src/api/v2/TestResources_ListADEntityAdminRights","TestResources_ListADEntityAdminRights"
"","0","returns a function that does not update searchParams if a key is not found in the updatedParams","searchParams","2026-09-18","passed","2026-09-18","","setSingleParamFactory","",""
"Test cases for TestIntValueOrZero","0","TestIntValueOrZero","","2026-09-18","passed","2026-09-18","","Go Test","github.com/specterops/bloodhound/cmd/api/src/database/types/null/TestIntValueOrZero","TestIntValueOrZero"
"","21","should display an error message if data does not return from the API","Context Selector Error","2026-09-18","passed","2026-09-18","","","",""
"","8","displays lastlogontimestamp cell as NEVER when the value is -1","ExploreTableDataCell","2026-09-18","passed","2026-09-18","","","",""
"","11","resets to descending sort when sorting a different column","useSortParams","2026-09-18","passed","2026-09-18","","","",""
"","70","calls setExploreParams with expanded sections when accordion value changes","KindInfoItems","2026-09-18","passed","2026-09-18","","","",""
"Test cases for TestStore_GetEnvironmentTargetedAccessControlForUser","0","TestStore_GetEnvironmentTargetedAccessControlForUser","","2026-09-18","passed","2026-09-18","","Go Test","github.com/specterops/bloodhound/server/etac/internal/appdb/TestStore_GetEnvironmentTargetedAccessControlForUser","TestStore_GetEnvironmentTargetedAccessControlForUser"
"Test cases for TestResources_ListSourceKinds","71","TestResources_ListSourceKinds","","2026-09-18","passed","2026-09-18","","Go Test","github.com/specterops/bloodhound/cmd/api/src/api/v2/TestResources_ListSourceKinds","TestResources_ListSourceKinds"
"","90","Should display headers for member name and count","AssetGroupMemberList","2026-09-18","passed","2026-09-18","","","",""
"Test cases for TestResources_UpdateSavedQuery_InvalidBody","0","TestResources_UpdateSavedQuery_InvalidBody","","2026-09-18","passed","2026-09-18","","Go Test","github.com/specterops/bloodhound/cmd/api/src/api/v2/TestResources_UpdateSavedQuery_InvalidBody","TestResources_UpdateSavedQuery_InvalidBody"
"","57","enables filtering out for tags that are treated as Labels (including Owned)","the useAssetGroupTags utilities","2026-09-18","passed","2026-09-18","","","",""
"","23","highlights the matched keyword in the label","SearchResultItem","2026-09-18","passed","2026-09-18","","","",""
"","185","displays a completion of 100% and adds a ""Close"" button that closes the dialog after a successful upload","SchemaUploadDialog","2026-09-18","passed","2026-09-18","","","",""
"","96","respects openIndex (default opened panel)","<DetailsAccordion />","2026-09-18","passed","2026-09-18","","","",""
"Test cases for TestKindInfoInput_MarkdownContent","9","TestKindInfoInput_MarkdownContent","","2026-09-18","passed","2026-09-18","","Go Test","github.com/specterops/bloodhound/cmd/api/src/model/TestKindInfoInput_MarkdownContent","TestKindInfoInput_MarkdownContent"
"Test cases for Test_UseHooks","0","Test_UseHooks","","2026-09-18","passed","2026-09-18","","Go Test","github.com/specterops/bloodhound/packages/go/lab/Test_UseHooks","Test_UseHooks"
"","15","sets autoDisplayTable to false if query returns no results","useExploreTableAutoDisplay","2026-09-18","passed","2026-09-18","","","",""
"","0","returns graphData as is if it doesnt match the GraphResponse interface","normalizeGraphDataForSigma","2026-09-18","passed","2026-09-18","","","",""
"Test cases for TestFilterParseAndValidate_Parsing","1","TestFilterParseAndValidate_Parsing","","2026-09-18","passed","2026-09-18","","Go Test","github.com/specterops/bloodhound/packages/go/params/TestFilterParseAndValidate_Parsing","TestFilterParseAndValidate_Parsing"
"","15","shows ""no permission"" notification if lacking permission","useFinishedJobs","2026-09-18","passed","2026-09-18","","","",""
"","431","should call onSave when save button is clicked","SaveQueryDialog","2026-09-18","passed","2026-09-18","","","",""
"","0","leaves double quotes untouched","escapeCypherString","2026-09-18","passed","2026-09-18","","","",""
"","3","`undefined` input is provided","parseKeywordAndTypeValue","2026-09-18","passed","2026-09-18","","","",""
"Test cases for Test_parseRelationshipKindsParam","0","Test_parseRelationshipKindsParam","","2026-09-18","passed","2026-09-18","","Go Test","github.com/specterops/bloodhound/cmd/api/src/api/v2/Test_parseRelationshipKindsParam","Test_parseRelationshipKindsParam"
"","6906","checking a category updates all children and grandchildren","Pathfinding","2026-09-18","passed","2026-09-18","","","",""
"Test cases for TestNodeNamePrefix_String","0","TestNodeNamePrefix_String","","2026-09-18","passed","2026-09-18","","Go Test","github.com/specterops/bloodhound/packages/go/analysis/ad/wellknown/TestNodeNamePrefix_String","TestNodeNamePrefix_String"
"","1","returns the edge and both of its endpoint nodes","SigmaChart Utils","2026-09-18","passed","2026-09-18","when an edge is selected","getFullPathHighlightedEntities","",""
"","33","selector members refetches on envrionment change","the useAssetGroupTags utilities","2026-09-18","passed","2026-09-18","","","",""
"Test cases for TestManagementResource_SanitizeAndGetRoles","0","TestManagementResource_SanitizeAndGetRoles","","2026-09-18","passed","2026-09-18","","Go Test","github.com/specterops/bloodhound/cmd/api/src/api/v2/auth/TestManagementResource_SanitizeAndGetRoles","TestManagementResource_SanitizeAndGetRoles"
"Test cases for TestAnalysisPipelineStepResultString","0","TestAnalysisPipelineStepResultString","","2026-09-18","passed","2026-09-18","","Go Test","github.com/specterops/bloodhound/packages/go/analysis/TestAnalysisPipelineStepResultString","TestAnalysisPipelineStepResultString"
"","41","should render a button with the passed in display text","GraphButton","2026-09-18","passed","2026-09-18","","","",""
"","190","calls onChangePinnedColumns with DEFAULT_PINNED_COLUMN_KEYS when ""Reset Default"" is clicked","ManageColumnsComboBox","2026-09-18","passed","2026-09-18","","","",""
"","7","sets autoDisplayTable to false if query type is composition","useExploreTableAutoDisplay","2026-09-18","passed","2026-09-18","","","",""
"Test cases for TestRoleAssignments_NodesWithRole","0","TestRoleAssignments_NodesWithRole","","2026-09-18","passed","2026-09-18","","Go Test","github.com/specterops/bloodhound/packages/go/analysis/azure/TestRoleAssignments_NodesWithRole","TestRoleAssignments_NodesWithRole"
"Test cases for TestBHCEStaticHandler","8","TestBHCEStaticHandler","","2026-09-18","passed","2026-09-18","","Go Test","github.com/specterops/bloodhound/cmd/api/src/api/static/TestBHCEStaticHandler","TestBHCEStaticHandler"
"Test cases for TestResources_GetEnterpriseCAEntityInfo","209","TestResources_GetEnterpriseCAEntityInfo","","2026-09-18","passed","2026-09-18","","Go Test","github.com/specterops/bloodhound/cmd/api/src/api/v2/TestResources_GetEnterpriseCAEntityInfo","TestResources_GetEnterpriseCAEntityInfo"
"","0","returns an empty array for a some selection with no values","getValuesFromSelection","2026-09-18","passed","2026-09-18","","","",""
"","299","should reject passwords where only a space is used as the special character","CreateUserForm","2026-09-18","passed","2026-09-18","","","",""
"Test cases for TestResources_ListADComputerDCOMUsers","0","TestResources_ListADComputerDCOMUsers","","2026-09-18","passed","2026-09-18","","Go Test","github.com/specterops/bloodhound/cmd/api/src/api/v2/TestResources_ListADComputerDCOMUsers","TestResources_ListADComputerDCOMUsers"
"","25","calls onDataError and renders nothing when the request fails","OpenGraphInfo","2026-09-18","passed","2026-09-18","","","",""
"","506","reflects the persisted selected layout in the controls menu","GraphView","2026-09-18","passed","2026-09-18","","Layout selection and de-selection","",""
"Test cases for TestStore_GetAllFlags","1","TestStore_GetAllFlags","","2026-09-18","passed","2026-09-18","","Go Test","github.com/specterops/bloodhound/server/featureflags/internal/appdb/TestStore_GetAllFlags","TestStore_GetAllFlags"
"","5","can composes search params from the search prop and use them in the redirect","AppNavigate","2026-09-18","passed","2026-09-18","","","",""
"","0","returns empty arrays for empty input","getMetricStatsByType","2026-09-18","passed","2026-09-18","","","",""
"Test cases for TestFoldr","0","TestFoldr","","2026-09-18","passed","2026-09-18","","Go Test","github.com/specterops/bloodhound/packages/go/slicesext/TestFoldr","TestFoldr"
"Test cases for TestAssetGroupMembers_Filter_Equals","1","TestAssetGroupMembers_Filter_Equals","","2026-09-18","passed","2026-09-18","","Go Test","github.com/specterops/bloodhound/cmd/api/src/api/TestAssetGroupMembers_Filter_Equals","TestAssetGroupMembers_Filter_Equals"
"Test cases for TestResources_GetEdgeACLInheritancePath","82","TestResources_GetEdgeACLInheritancePath","","2026-09-18","passed","2026-09-18","","Go Test","github.com/specterops/bloodhound/cmd/api/src/api/v2/TestResources_GetEdgeACLInheritancePath","TestResources_GetEdgeACLInheritancePath"
"","0","returns false if value is 'array'","searchParams","2026-09-18","passed","2026-09-18","","isEmptyParam","",""
"","12","will update the selected filters based on the values stored in query params when the initialize function is called","usePathfindingFilters","2026-09-18","passed","2026-09-18","","","",""
"","0","escapes a single quote","escapeCypherString","2026-09-18","passed","2026-09-18","","","",""
"","13","should render accessible placeholders for empty values in a list","Field","2026-09-18","passed","2026-09-18","","","",""
"Test cases for TestStore_GetKindInfos","0","TestStore_GetKindInfos","","2026-09-18","passed","2026-09-18","","Go Test","github.com/specterops/bloodhound/server/extensions/internal/appdb/TestStore_GetKindInfos","TestStore_GetKindInfos"
"","156","calls onChange with all columns when ""Select All"" is clicked","ManageColumnsComboBox","2026-09-18","passed","2026-09-18","","","",""
"Test cases for TestEncodingValues","0","TestEncodingValues","","2026-09-18","passed","2026-09-18","","Go Test","github.com/specterops/bloodhound/packages/go/bomenc/TestEncodingValues","TestEncodingValues"
"","79","renders a filter button","FileIngestFilterDialog","2026-09-18","passed","2026-09-18","","","",""
"","0","returns undefined if paramValue is not an expected value","useExploreParams","2026-09-18","passed","2026-09-18","","parseSearchType","",""
"","150","filters unselected columns when typing in the filter input","ManageColumnsComboBox","2026-09-18","passed","2026-09-18","","","",""
"","0","Empty input is provided","parseKeywordAndTypeValue","2026-09-18","passed","2026-09-18","","","",""
"Test cases for TestStorageFileService_DeleteFileWithOptions","9","TestStorageFileService_DeleteFileWithOptions","","2026-09-18","passed","2026-09-18","","Go Test","github.com/specterops/bloodhound/packages/go/storage/TestStorageFileService_DeleteFileWithOptions","TestStorageFileService_DeleteFileWithOptions"
"","310","should show open graph environment options when the feature flag is enabled","Open Graph feature flag","2026-09-18","passed","2026-09-18","","","",""
"","0","propagates environment_kind_id for OpenGraph types","getOpenGraphEnvironmentInfoMap","2026-09-18","passed","2026-09-18","","","",""
"","257","should accept passwords with standard special characters","CreateUserForm","2026-09-18","passed","2026-09-18","","","",""
"","229","Displays the rules list if passed in through additional sections","EntityInfoDataTableList","2026-09-18","passed","2026-09-18","","","",""
"","987","renders","DatabaseManagement","2026-09-18","passed","2026-09-18","","","",""
"Test cases for TestIngestibleRelationshipsToUpdates_ObjectIDCasing","0","TestIngestibleRelationshipsToUpdates_ObjectIDCasing","","2026-09-18","passed","2026-09-18","","Go Test","github.com/specterops/bloodhound/cmd/api/src/services/graphify/TestIngestibleRelationshipsToUpdates_ObjectIDCasing","TestIngestibleRelationshipsToUpdates_ObjectIDCasing"
"Test cases for TestConfigValidation","0","TestConfigValidation","","2026-09-18","passed","2026-09-18","","Go Test","github.com/specterops/bloodhound/packages/go/stbernard/dora/TestConfigValidation","TestConfigValidation"
"","37","renders a preview version by default","PrivilegeZonesCypherEditor Search component for Zone Management","2026-09-18","passed","2026-09-18","","","",""
"Test cases for TestSetValue","1","TestSetValue","","2026-09-18","passed","2026-09-18","","Go Test","github.com/specterops/bloodhound/cmd/api/src/config/TestSetValue","TestSetValue"
"Test cases for Test_GraphExtensionPayload_ToGraphExtensionInput","10","Test_GraphExtensionPayload_ToGraphExtensionInput","","2026-09-18","passed","2026-09-18","","Go Test","github.com/specterops/bloodhound/cmd/api/src/model/Test_GraphExtensionPayload_ToGraphExtensionInput","Test_GraphExtensionPayload_ToGraphExtensionInput"
"","294","calls openSAMLProviderDialog when SAML Provider menu item is clicked","CreateMenu","2026-09-18","passed","2026-09-18","","oidc_support feature flag enabled","",""
"Test cases for TestTimeIsZero","0","TestTimeIsZero","","2026-09-18","passed","2026-09-18","","Go Test","github.com/specterops/bloodhound/cmd/api/src/database/types/null/TestTimeIsZero","TestTimeIsZero"
"Test cases for TestResources_ListAssetGroupCollections","3","TestResources_ListAssetGroupCollections","","2026-09-18","passed","2026-09-18","","Go Test","github.com/specterops/bloodhound/cmd/api/src/api/v2/TestResources_ListAssetGroupCollections","TestResources_ListAssetGroupCollections"
"","0","accepts a sort and compare function","areArraysSimilar","2026-09-18","passed","2026-09-18","","","",""
"","203","calls handleError with ruleType when creating a rule fails","Rule Form","2026-09-18","passed","2026-09-18","","","",""
"Test cases for TestUnmarshalTimeText","0","TestUnmarshalTimeText","","2026-09-18","passed","2026-09-18","","Go Test","github.com/specterops/bloodhound/cmd/api/src/database/types/null/TestUnmarshalTimeText","TestUnmarshalTimeText"
"","0","returns empty array when environments is undefined","filterAndSearchEnvironments","2026-09-18","passed","2026-09-18","","with empty environments","",""
"","775","filling in the name value allows updating the rule and navigates back to the details page","Rule Form","2026-09-18","passed","2026-09-18","","","",""
"","0","returns an empty array for an all selection when there are no options","getValuesFromSelection","2026-09-18","passed","2026-09-18","","","",""
"","17","renders the empty-state message when the aggregation response data is null","OpenGraphPlatformInfo","2026-09-18","passed","2026-09-18","","","",""
"Test cases for TestManagementResource_UpdateUser_LookupActiveSessionsError","1238","TestManagementResource_UpdateUser_LookupActiveSessionsError","","2026-09-18","passed","2026-09-18","","Go Test","github.com/specterops/bloodhound/cmd/api/src/api/v2/auth/TestManagementResource_UpdateUser_LookupActiveSessionsError","TestManagementResource_UpdateUser_LookupActiveSessionsError"
"","0","should return an object denoting that the property is not in the schema when it is unrecognized","validating a node property against the shared generated schema","2026-09-18","passed","2026-09-18","","","",""
"Test cases for TestDatabase_GetAssetGroupTag","0","TestDatabase_GetAssetGroupTag","","2026-09-18","passed","2026-09-18","","Go Test","github.com/specterops/bloodhound/cmd/api/src/api/v2/TestDatabase_GetAssetGroupTag","TestDatabase_GetAssetGroupTag"
"Test cases for TestConvertSiteToNode_InheritanceHashes","0","TestConvertSiteToNode_InheritanceHashes","","2026-09-18","passed","2026-09-18","","Go Test","github.com/specterops/bloodhound/packages/go/ein/TestConvertSiteToNode_InheritanceHashes","TestConvertSiteToNode_InheritanceHashes"
"Test cases for TestManagementResource_ListAuthTokens_PredicateMismatchWithColumn","0","TestManagementResource_ListAuthTokens_PredicateMismatchWithColumn","","2026-09-18","passed","2026-09-18","","Go Test","github.com/specterops/bloodhound/cmd/api/src/api/v2/auth/TestManagementResource_ListAuthTokens_PredicateMismatchWithColumn","TestManagementResource_ListAuthTokens_PredicateMismatchWithColumn"
"Test cases for TestResources_ProcessIngestTask","7","TestResources_ProcessIngestTask","","2026-09-18","passed","2026-09-18","","Go Test","github.com/specterops/bloodhound/cmd/api/src/api/v2/TestResources_ProcessIngestTask","TestResources_ProcessIngestTask"
"Test cases for TestResources_ListAuditLogs_OnlySkip","0","TestResources_ListAuditLogs_OnlySkip","","2026-09-18","passed","2026-09-18","","Go Test","github.com/specterops/bloodhound/cmd/api/src/api/v2/TestResources_ListAuditLogs_OnlySkip","TestResources_ListAuditLogs_OnlySkip"
"Test cases for TestStore_GetAnalysisRequest","0","TestStore_GetAnalysisRequest","","2026-09-18","passed","2026-09-18","","Go Test","github.com/specterops/bloodhound/server/analysis/internal/appdb/TestStore_GetAnalysisRequest","TestStore_GetAnalysisRequest"
"Test cases for TestStorageCommits","14","TestStorageCommits","","2026-09-18","passed","2026-09-18","","Go Test","github.com/specterops/bloodhound/packages/go/stbernard/dora/TestStorageCommits","TestStorageCommits"
"Test cases for TestResources_GetAssetGroupTagSelectors","1","TestResources_GetAssetGroupTagSelectors","","2026-09-18","passed","2026-09-18","","Go Test","github.com/specterops/bloodhound/cmd/api/src/api/v2/TestResources_GetAssetGroupTagSelectors","TestResources_GetAssetGroupTagSelectors"
"Test cases for TestTagScanner_NextTopLevelTag","1","TestTagScanner_NextTopLevelTag","","2026-09-18","passed","2026-09-18","","Go Test","github.com/specterops/bloodhound/cmd/api/src/services/upload/TestTagScanner_NextTopLevelTag","TestTagScanner_NextTopLevelTag"
"","5","adds expected text alignment class depending on the textAlign prop","ColumnHeaders","2026-09-18","passed","2026-09-18","","BaseColumnHeader","",""
"","0","combines platform and collected filters","filterAndSearchEnvironments","2026-09-18","passed","2026-09-18","","combined filters","",""
"Test cases for TestCompressionMiddleware_SkipsCompressionForNamedRoute","1","TestCompressionMiddleware_SkipsCompressionForNamedRoute","","2026-09-18","passed","2026-09-18","","Go Test","github.com/specterops/bloodhound/cmd/api/src/api/middleware/TestCompressionMiddleware_SkipsCompressionForNamedRoute","TestCompressionMiddleware_SkipsCompressionForNamedRoute"
"Test cases for TestFilterParseAndValidate_Errors","0","TestFilterParseAndValidate_Errors","","2026-09-18","passed","2026-09-18","","Go Test","github.com/specterops/bloodhound/packages/go/params/TestFilterParseAndValidate_Errors","TestFilterParseAndValidate_Errors"
"Test cases for Test_GetAssetGroupMembersByTag","1","Test_GetAssetGroupMembersByTag","","2026-09-18","passed","2026-09-18","","Go Test","github.com/specterops/bloodhound/cmd/api/src/api/v2/Test_GetAssetGroupMembersByTag","Test_GetAssetGroupMembersByTag"
"Test cases for TestNormalizeHTML","3","TestNormalizeHTML","","2026-09-18","passed","2026-09-18","","Go Test","github.com/specterops/bloodhound/cmd/api/src/services/opengraphschema/TestNormalizeHTML","TestNormalizeHTML"
"Test cases for TestSortParseAndValidate_Errors","0","TestSortParseAndValidate_Errors","","2026-09-18","passed","2026-09-18","","Go Test","github.com/specterops/bloodhound/packages/go/params/TestSortParseAndValidate_Errors","TestSortParseAndValidate_Errors"
"","7","does not call getNodeByID when itemId has the rel_ prefix","useGraphItem","2026-09-18","passed","2026-09-18","","","",""
"Test cases for TestBoolScan","0","TestBoolScan","","2026-09-18","passed","2026-09-18","","Go Test","github.com/specterops/bloodhound/cmd/api/src/database/types/null/TestBoolScan","TestBoolScan"
"","580","shows indeterminate states when some graph data is selected","GraphDataCheckboxes","2026-09-18","passed","2026-09-18","","","",""
"Test cases for TestTypes_Value","0","TestTypes_Value","","2026-09-18","passed","2026-09-18","","Go Test","github.com/specterops/bloodhound/cmd/api/src/database/types/TestTypes_Value","TestTypes_Value"
"Test cases for TestDeployment","0","TestDeployment","","2026-09-18","passed","2026-09-18","","Go Test","github.com/specterops/bloodhound/packages/go/stbernard/dora/TestDeployment","TestDeployment"
"","1","should include all operations when the tag matches the term","opsFilter","2026-09-18","passed","2026-09-18","","","",""
"","178","fires click handlers","ConfirmDeleteQueryDialog","2026-09-18","passed","2026-09-18","","","",""
"Test cases for TestGetMFAActivationStatus_Success","0","TestGetMFAActivationStatus_Success","","2026-09-18","passed","2026-09-18","","Go Test","github.com/specterops/bloodhound/cmd/api/src/api/v2/auth/TestGetMFAActivationStatus_Success","TestGetMFAActivationStatus_Success"
"Test cases for FuzzFoldl","0","FuzzFoldl","","2026-09-18","passed","2026-09-18","","Go Test","github.com/specterops/bloodhound/packages/go/slicesext/FuzzFoldl","FuzzFoldl"
"","502","should hide Environmental Targeted Access Control panel when showEnvironmentAccessControls prop is true and power user role is selected","UpdateUserForm","2026-09-18","passed","2026-09-18","","","",""
"Test cases for TestResources_ListADComputerRDPUsers","1","TestResources_ListADComputerRDPUsers","","2026-09-18","passed","2026-09-18","","Go Test","github.com/specterops/bloodhound/cmd/api/src/api/v2/TestResources_ListADComputerRDPUsers","TestResources_ListADComputerRDPUsers"
"","31","does not request a user when no userId is provided","useGetUser","2026-09-18","passed","2026-09-18","","","",""
"Test cases for Test_filterAndFormatSearchResults_filterEnvironmentsOG","0","Test_filterAndFormatSearchResults_filterEnvironmentsOG","","2026-09-18","passed","2026-09-18","","Go Test","github.com/specterops/bloodhound/cmd/api/src/api/v2/Test_filterAndFormatSearchResults_filterEnvironmentsOG","Test_filterAndFormatSearchResults_filterEnvironmentsOG"
"","57","disables items via itemDisabled and hides the chevron icon visually","<DetailsAccordion />","2026-09-18","passed","2026-09-18","","","",""
"Test cases for TestCache_Get","0","TestCache_Get","","2026-09-18","passed","2026-09-18","","Go Test","github.com/specterops/bloodhound/packages/go/cache/TestCache_Get","TestCache_Get"
"Test cases for Test_ConvertAppFederatedIdentityCredential","0","Test_ConvertAppFederatedIdentityCredential","","2026-09-18","passed","2026-09-18","","Go Test","github.com/specterops/bloodhound/packages/go/ein/Test_ConvertAppFederatedIdentityCredential","Test_ConvertAppFederatedIdentityCredential"
"Test cases for TestParseLimitQueryParameter","0","TestParseLimitQueryParameter","","2026-09-18","passed","2026-09-18","","Go Test","github.com/specterops/bloodhound/cmd/api/src/api/v2/TestParseLimitQueryParameter","TestParseLimitQueryParameter"
"","710","renders asset group edit options with graph write permissions","ContextMenu","2026-09-18","passed","2026-09-18","","","",""
"","4","hides the item when only the feature flag passes","useSubNavRoutes","2026-09-18","passed","2026-09-18","","combined gates","",""
"","2","uses sequentialLayout by default","Explore utils","2026-09-18","passed","2026-09-18","","initGraph","",""
"TestRegister_RoutesRequireAuthentication dispatches real requests through the wiredrouter to verify that the registered routes are guarded by authentication middleware.The handlers themselves trust the middleware to enforce this contract; if the routewireup ever loses RequirePermissions/RequireAuth, this test will fail.","3","TestRegister_RoutesRequireAuthentication","","2026-09-18","passed","2026-09-18","","Go Test","github.com/specterops/bloodhound/server/analysis/internal/routes/TestRegister_RoutesRequireAuthentication","TestRegister_RoutesRequireAuthentication"
"Test cases for TestResources_CypherQuery_CanceledRequestKeepsAuditOutcomeContextActive","0","TestResources_CypherQuery_CanceledRequestKeepsAuditOutcomeContextActive","","2026-09-18","passed","2026-09-18","","Go Test","github.com/specterops/bloodhound/cmd/api/src/api/v2/TestResources_CypherQuery_CanceledRequestKeepsAuditOutcomeContextActive","TestResources_CypherQuery_CanceledRequestKeepsAuditOutcomeContextActive"
"Test cases for TestResources_GetSavedQuery","33","TestResources_GetSavedQuery","","2026-09-18","passed","2026-09-18","","Go Test","github.com/specterops/bloodhound/cmd/api/src/api/v2/TestResources_GetSavedQuery","TestResources_GetSavedQuery"
"","59","fetches node data when given a plain numeric string id","useGraphItem","2026-09-18","passed","2026-09-18","","","",""
"","351","filters by the selected date range","FileIngestFilterDialog","2026-09-18","passed","2026-09-18","","Date Range Inputs","",""
"","404","sets exploreSearchTab param to cypher when the user clicks the `cypher` tab","ExploreSearch sets searchType on tab changing","2026-09-18","passed","2026-09-18","","","",""
"","2","should recognize active directory properties","validating a node property against the shared generated schema","2026-09-18","passed","2026-09-18","","","",""
"","0","excludes non-collected environments when risk filter is active","filterAndSearchEnvironments","2026-09-18","passed","2026-09-18","","risk filters","",""
"","33","calls getKey for each item (stable keys hook)","<DetailsAccordion />","2026-09-18","passed","2026-09-18","","","",""
"","35","should display a none selected header and a message to select an object when there is no selected node","EntityInfoPanel","2026-09-18","passed","2026-09-18","","","",""
"","464","clear validation error on input","ManagedDatePicker - date validation","2026-09-18","passed","2026-09-18","","","",""
"","0","returns undefined if graphData is undefined or not a GraphResponse","getExploreTableData","2026-09-18","passed","2026-09-18","","","",""
"","271","should not call onSave when Save button is clicked and form input is invalid","UpdateUserDialog","2026-09-18","passed","2026-09-18","","","",""
"Test cases for TestNewDefaultFileServices_RejectsInvalidConfiguration","1","TestNewDefaultFileServices_RejectsInvalidConfiguration","","2026-09-18","passed","2026-09-18","","Go Test","github.com/specterops/bloodhound/cmd/api/src/services/storage/TestNewDefaultFileServices_RejectsInvalidConfiguration","TestNewDefaultFileServices_RejectsInvalidConfiguration"
"","180","opens confirmation dialog when delete button is clicked","ActiveExtensionsCard","2026-09-18","passed","2026-09-18","","","",""
"","29","supports a disabled drop zone","FileDrop","2026-09-18","passed","2026-09-18","","","",""
"","5","toggles a descending sort to ascending when sorting the same column","useSortParams","2026-09-18","passed","2026-09-18","","","",""
"Test cases for TestResources_DeleteSavedQuery_IDMalformed","0","TestResources_DeleteSavedQuery_IDMalformed","","2026-09-18","passed","2026-09-18","","Go Test","github.com/specterops/bloodhound/cmd/api/src/api/v2/TestResources_DeleteSavedQuery_IDMalformed","TestResources_DeleteSavedQuery_IDMalformed"
"Test cases for TestOrphanFileSweeper_Clear","5","TestOrphanFileSweeper_Clear","","2026-09-18","passed","2026-09-18","","Go Test","github.com/specterops/bloodhound/cmd/api/src/daemons/datapipe/TestOrphanFileSweeper_Clear","TestOrphanFileSweeper_Clear"
"","36","renders gracefully when variant is nullish","NotificationSnackbar","2026-09-18","passed","2026-09-18","","","",""
"","16","should highlight main nav route when navigating to child route","Main Nav Route Highlighting","2026-09-18","passed","2026-09-18","","","",""
"","399","sets exploreSearchTab param to node when the user clicks the `Search` tab","ExploreSearch sets searchType on tab changing","2026-09-18","passed","2026-09-18","","","",""
"","55","indicates that filters are inactive","AssetGroupEdit","2026-09-18","passed","2026-09-18","","","",""
"Test cases for TestCreateNodeStartsWithSearchGraphCriteria_Search","0","TestCreateNodeStartsWithSearchGraphCriteria_Search","","2026-09-18","passed","2026-09-18","","Go Test","github.com/specterops/bloodhound/cmd/api/src/queries/TestCreateNodeStartsWithSearchGraphCriteria_Search","TestCreateNodeStartsWithSearchGraphCriteria_Search"
"Test cases for TestMap","0","TestMap","","2026-09-18","passed","2026-09-18","","Go Test","github.com/specterops/bloodhound/packages/go/lab/internal/TestMap","TestMap"
"","0","takes setSearchParams and availableParams returns a function","searchParams","2026-09-18","passed","2026-09-18","","setParamsFactory","",""
"Test cases for TestGetPlatformAggregateStats_Success","2","TestGetPlatformAggregateStats_Success","","2026-09-18","passed","2026-09-18","","Go Test","github.com/specterops/bloodhound/cmd/api/src/api/v2/TestGetPlatformAggregateStats_Success","TestGetPlatformAggregateStats_Success"
"","0","returns true if both arrays are empty","areArraysSimilar","2026-09-18","passed","2026-09-18","","","",""
"","0","fails for password without uppercase letters","testPassword","2026-09-18","passed","2026-09-18","","","",""
"Test cases for TestManagementResource_ListAuthTokens_DBError","1","TestManagementResource_ListAuthTokens_DBError","","2026-09-18","passed","2026-09-18","","Go Test","github.com/specterops/bloodhound/cmd/api/src/api/v2/auth/TestManagementResource_ListAuthTokens_DBError","TestManagementResource_ListAuthTokens_DBError"
"","70","should call onCancel when cancel button clicked","LoginViaSSOForm","2026-09-18","passed","2026-09-18","","","",""
"Test cases for TestStorageFileService_DeleteFileWithOptions_PreservesNonEmptyParent","9","TestStorageFileService_DeleteFileWithOptions_PreservesNonEmptyParent","","2026-09-18","passed","2026-09-18","","Go Test","github.com/specterops/bloodhound/packages/go/storage/TestStorageFileService_DeleteFileWithOptions_PreservesNonEmptyParent","TestStorageFileService_DeleteFileWithOptions_PreservesNonEmptyParent"
"","9","uses an xl max width and gutters by default","PageWithTitle","2026-09-18","passed","2026-09-18","","","",""
"","516","should eventually render previously configured SSO providers","SSOConfiguration","2026-09-18","passed","2026-09-18","","","",""
"","2878","search forces sections to expand when there is a match","Pathfinding","2026-09-18","passed","2026-09-18","","","",""
"","3","returns {enabled: false} if there is not a match on the switch statement","useExploreGraph","2026-09-18","passed","2026-09-18","","exploreGraphQueryFactory","",""
"","2","should return true when value matches term","compareTerm","2026-09-18","passed","2026-09-18","","","",""
"","133","handles removing from a non-tier-zero asset group","AssetGroupMenuItem","2026-09-18","passed","2026-09-18","","removing from an asset group","",""
"","234","calls the passed in cancel handler when clicking the Cancel button","Glyph Select Dialog","2026-09-18","passed","2026-09-18","","","",""
"Test cases for TestResources_ListADOUContainedUsers","2","TestResources_ListADOUContainedUsers","","2026-09-18","passed","2026-09-18","","Go Test","github.com/specterops/bloodhound/cmd/api/src/api/v2/TestResources_ListADOUContainedUsers","TestResources_ListADOUContainedUsers"
"","0","returns OpenGraph defaults for an unknown type","getOpenGraphEnvironmentInfo","2026-09-18","passed","2026-09-18","","","",""
"","14","does not fetch when no id is provided","useGetRelationshipById","2026-09-18","passed","2026-09-18","","","",""
"","362","should focus the metadata control when metadata is the first invalid field","UpsertSAMLProviderForm","2026-09-18","passed","2026-09-18","","","",""
"","699","renders asset group edit options with graph write permissions","ContextMenu","2026-09-18","passed","2026-09-18","","","",""
"Test cases for TestFilterStructSlice","0","TestFilterStructSlice","","2026-09-18","passed","2026-09-18","","Go Test","github.com/specterops/bloodhound/cmd/api/src/api/TestFilterStructSlice","TestFilterStructSlice"
"","0","returns undefined for invalid JSON","safeParseJson","2026-09-18","passed","2026-09-18","","","",""
"Test cases for TestArgon2_Digest","0","TestArgon2_Digest","","2026-09-18","passed","2026-09-18","","Go Test","github.com/specterops/bloodhound/packages/go/crypto/TestArgon2_Digest","TestArgon2_Digest"
"","419","displays the BloodHound-specific tooltip when the note is missing and actor is BloodHoundString","NoteCell component","2026-09-18","passed","2026-09-18","","","",""
"","553","displays validation error messages when password does not match confirmation","PasswordDialog","2026-09-18","passed","2026-09-18","","","",""
"","500","displays the default ""No notes"" tooltip when the note is missing and actor is not BloodHound","NoteCell component","2026-09-18","passed","2026-09-18","","","",""
"Test cases for TestResources_GetCertTemplateEntityInfo","205","TestResources_GetCertTemplateEntityInfo","","2026-09-18","passed","2026-09-18","","Go Test","github.com/specterops/bloodhound/cmd/api/src/api/v2/TestResources_GetCertTemplateEntityInfo","TestResources_GetCertTemplateEntityInfo"
"Test cases for TestBuildErrorResponseConflict","0","TestBuildErrorResponseConflict","","2026-09-18","passed","2026-09-18","","Go Test","github.com/specterops/bloodhound/cmd/api/src/api/TestBuildErrorResponseConflict","TestBuildErrorResponseConflict"
"Test cases for TestStorageFileService_DeleteFileWithOptions_PreservesEmptyParentWhenPruningDisabled","8","TestStorageFileService_DeleteFileWithOptions_PreservesEmptyParentWhenPruningDisabled","","2026-09-18","passed","2026-09-18","","Go Test","github.com/specterops/bloodhound/packages/go/storage/TestStorageFileService_DeleteFileWithOptions_PreservesEmptyParentWhenPruningDisabled","TestStorageFileService_DeleteFileWithOptions_PreservesEmptyParentWhenPruningDisabled"
"Test cases for TestSaveDataQuality","9","TestSaveDataQuality","","2026-09-18","passed","2026-09-18","","Go Test","github.com/specterops/bloodhound/cmd/api/src/services/dataquality/TestSaveDataQuality","TestSaveDataQuality"
"Test cases for TestResources_GetAssetGroupTagHistory","1","TestResources_GetAssetGroupTagHistory","","2026-09-18","passed","2026-09-18","","Go Test","github.com/specterops/bloodhound/cmd/api/src/api/v2/TestResources_GetAssetGroupTagHistory","TestResources_GetAssetGroupTagHistory"
"","9","sets autoDisplayTable to false if query type is pathfinding","useExploreTableAutoDisplay","2026-09-18","passed","2026-09-18","","","",""
"","283","should display ""Configure Multi-Factor Authentication"" title","Enable2FADialog","2026-09-18","passed","2026-09-18","","","",""
"","90","should have a disabled continue button","TagToZoneLabelDialog","2026-09-18","passed","2026-09-18","","","",""
"","8","optionally allows the consumer to pass a query to performSearch() and adds that query to the url","useCypherSearch","2026-09-18","passed","2026-09-18","","","",""
"TestManifest_AddMigration tests that migrations are added to the correct locationwithin the migration map and in the correct order.","0","TestManifest_AddMigration","","2026-09-18","passed","2026-09-18","","Go Test","github.com/specterops/bloodhound/cmd/api/src/database/migration/TestManifest_AddMigration","TestManifest_AddMigration"
"Test cases for TestTracker_HasEdge_DuplicateCalls","1","TestTracker_HasEdge_DuplicateCalls","","2026-09-18","passed","2026-09-18","","Go Test","github.com/specterops/bloodhound/packages/go/analysis/post/TestTracker_HasEdge_DuplicateCalls","TestTracker_HasEdge_DuplicateCalls"
"","35","stores the state of a search term without modifying the query params","useCypherSearch","2026-09-18","passed","2026-09-18","","","",""
"","1","calculates skip correctly for pageParam > 1","createHistoryParams","2026-09-18","passed","2026-09-18","","","",""
"","398","should display Environmental Targeted Access Control panel when showEnvironmentAccessControls prop is true and read-only role is selected","UpdateUserForm","2026-09-18","passed","2026-09-18","","","",""
"","0","returns true if arrays have same content in different order","areArraysSimilar","2026-09-18","passed","2026-09-18","","","",""
"Test cases for TestNewFileService","3","TestNewFileService","","2026-09-18","passed","2026-09-18","","Go Test","github.com/specterops/bloodhound/packages/go/storage/TestNewFileService","TestNewFileService"
"","16","does not render the distinguished name when showDistinguishedName is false","SearchResultItem","2026-09-18","passed","2026-09-18","","","",""
"","489","should hide Environmental Targeted Access Control panel when showEnvironmentAccessControls prop is true and admin role is selected","UpdateUserForm","2026-09-18","passed","2026-09-18","","","",""
"Test cases for TestResources_ListADGPOAffectedUsers","2","TestResources_ListADGPOAffectedUsers","","2026-09-18","passed","2026-09-18","","Go Test","github.com/specterops/bloodhound/cmd/api/src/api/v2/TestResources_ListADGPOAffectedUsers","TestResources_ListADGPOAffectedUsers"
"","0","returns Object ID message when ruleType is SeedTypeObjectId and seeds are required","getErrorMessage","2026-09-18","passed","2026-09-18","","","",""
"","190","filling in the name value allows updating the selector and navigates back to the details page","Tag Form","2026-09-18","passed","2026-09-18","","","",""
"Test cases for TestResources_GetPathfindingResult","1","TestResources_GetPathfindingResult","","2026-09-18","passed","2026-09-18","","Go Test","github.com/specterops/bloodhound/cmd/api/src/api/v2/TestResources_GetPathfindingResult","TestResources_GetPathfindingResult"
"Test cases for TestCacheEntryDigester_PoolStateReuse","0","TestCacheEntryDigester_PoolStateReuse","","2026-09-18","passed","2026-09-18","","Go Test","github.com/specterops/bloodhound/cmd/api/src/services/graphify/endpoint/TestCacheEntryDigester_PoolStateReuse","TestCacheEntryDigester_PoolStateReuse"
"","241","renders no asset group edit options without graph write permissions","ContextMenu","2026-09-18","passed","2026-09-18","","","",""
"Test cases for TestCacheEntryDigester_DigestEndpoint_JSONMarshalError","0","TestCacheEntryDigester_DigestEndpoint_JSONMarshalError","","2026-09-18","passed","2026-09-18","","Go Test","github.com/specterops/bloodhound/cmd/api/src/services/graphify/endpoint/TestCacheEntryDigester_DigestEndpoint_JSONMarshalError","TestCacheEntryDigester_DigestEndpoint_JSONMarshalError"
"","73","temporarily displays the checkmark icon after clicking copy","ExploreTableDataCell","2026-09-18","passed","2026-09-18","","","",""
"","1233","should clear out the sso provider id from submission data when the authentication method is changed","UpdateUserDialog","2026-09-18","passed","2026-09-18","","","",""
"","29","passes data to testing component","SavedQueriesProvider","2026-09-18","passed","2026-09-18","","","",""
"","415","displays current password error messages when current password is empty","PasswordDialog","2026-09-18","passed","2026-09-18","","","",""
"Test cases for TestParseDefaultPeriodRealWorldExamples","0","TestParseDefaultPeriodRealWorldExamples","","2026-09-18","passed","2026-09-18","","Go Test","github.com/specterops/bloodhound/packages/go/stbernard/command/dora/TestParseDefaultPeriodRealWorldExamples","TestParseDefaultPeriodRealWorldExamples"
"","65","populates the source and destination node fields when query params are passed","usePathfindingSearch","2026-09-18","passed","2026-09-18","","","",""
"Test cases for TestInt64ValueOrZero","0","TestInt64ValueOrZero","","2026-09-18","passed","2026-09-18","","Go Test","github.com/specterops/bloodhound/cmd/api/src/database/types/null/TestInt64ValueOrZero","TestInt64ValueOrZero"
"Test cases for TestNewDefaultConfig","0","TestNewDefaultConfig","","2026-09-18","passed","2026-09-18","","Go Test","github.com/specterops/bloodhound/cmd/api/src/config/TestNewDefaultConfig","TestNewDefaultConfig"
"Test cases for TestToolContainer_ToggleFlag","3","TestToolContainer_ToggleFlag","","2026-09-18","passed","2026-09-18","","Go Test","github.com/specterops/bloodhound/cmd/api/src/api/tools/TestToolContainer_ToggleFlag","TestToolContainer_ToggleFlag"
"","1469","reverts to the default unselected state when the user de-selects the currently selected graph layout","GraphView","2026-09-18","passed","2026-09-18","","Layout selection and de-selection","",""
"","6","reads an explicit all selection from the URL","useMultiValueFilterParams","2026-09-18","passed","2026-09-18","","","",""
"","105","renders count for a selected zone if prop is set","DynamicDetails","2026-09-18","passed","2026-09-18","","","",""
"Test cases for TestResources_ListAssetGroups","1","TestResources_ListAssetGroups","","2026-09-18","passed","2026-09-18","","Go Test","github.com/specterops/bloodhound/cmd/api/src/api/v2/TestResources_ListAssetGroups","TestResources_ListAssetGroups"
"","60","returns the first display kind when multiple display kinds are present","usePrimaryKind","2026-09-18","passed","2026-09-18","","","",""
"Test cases for TestParseAGMembersFromNodes_","0","TestParseAGMembersFromNodes_","","2026-09-18","passed","2026-09-18","","Go Test","github.com/specterops/bloodhound/cmd/api/src/api/v2/TestParseAGMembersFromNodes_","TestParseAGMembersFromNodes_"
"","78","renders the title as a visible h1 heading","PageWithTitle","2026-09-18","passed","2026-09-18","","","",""
"","958","renders the aggregation display name in the tooltip for an open graph platform","Open Graph platform selection","2026-09-18","passed","2026-09-18","","","",""
"","2045","should close the edge filtering dialog when user clicks cancel button","EdgeFilter","2026-09-18","passed","2026-09-18","","","",""
"Test cases for TestHandlers_ListRoles","1","TestHandlers_ListRoles","","2026-09-18","passed","2026-09-18","","Go Test","github.com/specterops/bloodhound/server/identity/internal/handlers/TestHandlers_ListRoles","TestHandlers_ListRoles"
"","0","returns empty sets when highlightedItem is null","SigmaChart Utils","2026-09-18","passed","2026-09-18","","getFullPathHighlightedEntities","",""
"","0","should handle the well formed entities","Evaluating the entity display name from a given entity","2026-09-18","passed","2026-09-18","","","",""
"Test cases for TestCalculateChangeFailureRate","14","TestCalculateChangeFailureRate","","2026-09-18","passed","2026-09-18","","Go Test","github.com/specterops/bloodhound/packages/go/stbernard/dora/TestCalculateChangeFailureRate","TestCalculateChangeFailureRate"
"Test cases for TestLoggingMiddleware_QueryParameters","3","TestLoggingMiddleware_QueryParameters","","2026-09-18","passed","2026-09-18","","Go Test","github.com/specterops/bloodhound/cmd/api/src/api/middleware/TestLoggingMiddleware_QueryParameters","TestLoggingMiddleware_QueryParameters"
"","1671","should render expand all and collapse all buttons","Pathfinding","2026-09-18","passed","2026-09-18","","","",""
"Test cases for TestUnmarshalFloat","0","TestUnmarshalFloat","","2026-09-18","passed","2026-09-18","","Go Test","github.com/specterops/bloodhound/cmd/api/src/database/types/null/TestUnmarshalFloat","TestUnmarshalFloat"
"","290","runs the query and calls dispatch to set the node results","PrivilegeZonesCypherEditor Search component for Zone Management","2026-09-18","passed","2026-09-18","","","",""
"","392","calls delete mutation when confirm button is clicked with correct input","ActiveExtensionsCard","2026-09-18","passed","2026-09-18","","","",""
"Test cases for TestGetDataQualityStats_Success","2","TestGetDataQualityStats_Success","","2026-09-18","passed","2026-09-18","","Go Test","github.com/specterops/bloodhound/cmd/api/src/api/v2/TestGetDataQualityStats_Success","TestGetDataQualityStats_Success"
"","108","renders the form for creating a new label","Tag Form","2026-09-18","passed","2026-09-18","","","",""
"","8","when user does not have a disallowed role for a route with disallowed roles, they see the normal page","AuthenticatedRoute","2026-09-18","passed","2026-09-18","","","",""
"","167","renders the popup content with run, edit/share, and delete when the menu trigger","ListItemActionMenu","2026-09-18","passed","2026-09-18","","","",""
"","44","renders the Object Tab content when Object tab is chosen","Selected Details Tab Content","2026-09-18","passed","2026-09-18","","","",""
"","35","does not render the analysis toggle when multi tier analysis enabled is false","Tag Form","2026-09-18","passed","2026-09-18","","","",""
"Test cases for TestDatabase_checkError_OtherError","0","TestDatabase_checkError_OtherError","","2026-09-18","passed","2026-09-18","","Go Test","github.com/specterops/bloodhound/cmd/api/src/database/TestDatabase_checkError_OtherError","TestDatabase_checkError_OtherError"
"","1576","should close the edge filtering dialog when user clicks apply button","EdgeFilter","2026-09-18","passed","2026-09-18","","","",""
"Test cases for TestResources_ListADDomainContainedComputers","1","TestResources_ListADDomainContainedComputers","","2026-09-18","passed","2026-09-18","","Go Test","github.com/specterops/bloodhound/cmd/api/src/api/v2/TestResources_ListADDomainContainedComputers","TestResources_ListADDomainContainedComputers"
"","1","should recognize azure properties","validating a node property against the shared generated schema","2026-09-18","passed","2026-09-18","","","",""
"Test cases for TestDomainSelectors_GetFilterableColumns","0","TestDomainSelectors_GetFilterableColumns","","2026-09-18","passed","2026-09-18","","Go Test","github.com/specterops/bloodhound/cmd/api/src/model/TestDomainSelectors_GetFilterableColumns","TestDomainSelectors_GetFilterableColumns"
"Test cases for TestRegister","2","TestRegister","","2026-09-18","passed","2026-09-18","","Go Test","github.com/specterops/bloodhound/server/featureflags/internal/routes/TestRegister","TestRegister"
"Test cases for TestManagementResource_GetSelf","2","TestManagementResource_GetSelf","","2026-09-18","passed","2026-09-18","","Go Test","github.com/specterops/bloodhound/cmd/api/src/api/v2/auth/TestManagementResource_GetSelf","TestManagementResource_GetSelf"
"","261","should call onSubmit with one time passcode when check code button clicked","OneTimePasscodeForm","2026-09-18","passed","2026-09-18","","","",""
"Test cases for TestValidateRequestSignature","368","TestValidateRequestSignature","","2026-09-18","passed","2026-09-18","","Go Test","github.com/specterops/bloodhound/cmd/api/src/api/TestValidateRequestSignature","TestValidateRequestSignature"
"","35","should have a .z-nav class","MainNav","2026-09-18","passed","2026-09-18","","","",""
"","0","returns paramValue as EnvironmentAggregation if paramValue is all","useEnvironmentParams","2026-09-18","passed","2026-09-18","","parseEnvironmentAggregation","",""
"","362","should not call onSubmit when password does not match confirmation password when reset password button clicked","PasswordResetForm","2026-09-18","passed","2026-09-18","","","",""
"","168","should display ""Create Token"" button","UserTokenManagementDialog","2026-09-18","passed","2026-09-18","","","",""
"Test cases for TestStringValueOrZero","0","TestStringValueOrZero","","2026-09-18","passed","2026-09-18","","Go Test","github.com/specterops/bloodhound/cmd/api/src/database/types/null/TestStringValueOrZero","TestStringValueOrZero"
"","238","toggles parent from some to all","GraphDataCheckboxes","2026-09-18","passed","2026-09-18","","","",""
"Test cases for TestResources_ListADEntityConstrainedDelegationRights","1","TestResources_ListADEntityConstrainedDelegationRights","","2026-09-18","passed","2026-09-18","","Go Test","github.com/specterops/bloodhound/cmd/api/src/api/v2/TestResources_ListADEntityConstrainedDelegationRights","TestResources_ListADEntityConstrainedDelegationRights"
"Test cases for TestResources_SearchAssetGroupTags","5","TestResources_SearchAssetGroupTags","","2026-09-18","passed","2026-09-18","","Go Test","github.com/specterops/bloodhound/cmd/api/src/api/v2/TestResources_SearchAssetGroupTags","TestResources_SearchAssetGroupTags"
"","0","handles specific Active Directory properties differently than Azure derived properties","Formatting number properties","2026-09-18","passed","2026-09-18","","","",""
"Test cases for TestManagementResource_ListAuthTokens_Admin","0","TestManagementResource_ListAuthTokens_Admin","","2026-09-18","passed","2026-09-18","","Go Test","github.com/specterops/bloodhound/cmd/api/src/api/v2/auth/TestManagementResource_ListAuthTokens_Admin","TestManagementResource_ListAuthTokens_Admin"
"","0","escapes a backslash","escapeCypherString","2026-09-18","passed","2026-09-18","","","",""
"Test cases for TestDatabase_GetAssetGroupTagSelector","1","TestDatabase_GetAssetGroupTagSelector","","2026-09-18","passed","2026-09-18","","Go Test","github.com/specterops/bloodhound/cmd/api/src/api/v2/TestDatabase_GetAssetGroupTagSelector","TestDatabase_GetAssetGroupTagSelector"
"Test cases for Test_ValidateGraph","19","Test_ValidateGraph","","2026-09-18","passed","2026-09-18","","Go Test","github.com/specterops/bloodhound/cmd/api/src/services/upload/Test_ValidateGraph","Test_ValidateGraph"
"","75","renders a confirm dialg","ConfirmDeleteQueryDialog","2026-09-18","passed","2026-09-18","","","",""
"Test cases for TestFeatureFlagManagerPoller","77","TestFeatureFlagManagerPoller","","2026-09-18","passed","2026-09-18","","Go Test","github.com/specterops/bloodhound/cmd/api/src/daemons/changelog/TestFeatureFlagManagerPoller","TestFeatureFlagManagerPoller"
"","409","exposes menu state and supports keyboard focus restoration","GraphControls","2026-09-18","passed","2026-09-18","","Accessible icon controls","",""
"","339","adds node to asset group tag with confirmation","AssetGroupMenuItem","2026-09-18","passed","2026-09-18","","","",""
"Test cases for TestService_GetRequest","2","TestService_GetRequest","","2026-09-18","passed","2026-09-18","","Go Test","github.com/specterops/bloodhound/server/analysis/internal/services/TestService_GetRequest","TestService_GetRequest"
"Test cases for TestResources_DeleteSavedQuery_NotAUserAuth","0","TestResources_DeleteSavedQuery_NotAUserAuth","","2026-09-18","passed","2026-09-18","","Go Test","github.com/specterops/bloodhound/cmd/api/src/api/v2/TestResources_DeleteSavedQuery_NotAUserAuth","TestResources_DeleteSavedQuery_NotAUserAuth"
"","1480","when user performs a pathfinding search, and then clicks the swap button, the start and destination inputs are swapped","Pathfinding: interaction","2026-09-18","passed","2026-09-18","","","",""
"","98","shows the Enterprise BloodHound dog logo in the Enterprise brand color when the endpoint is available","OperationSummaryWithEdition","2026-09-18","passed","2026-09-18","","","",""
"","124","renders with a selected icon","Glyph Select Dialog","2026-09-18","passed","2026-09-18","","","",""
"","1302","should add an option and display the changelog when it is clicked","AssetGroupEdit","2026-09-18","passed","2026-09-18","","","",""
"","32","renders a button when actor is not BloodHoundString and note exists","NoteCell component","2026-09-18","passed","2026-09-18","","","",""
"","485","Download button opens a menu and selecting ""All Columns"" calls json2csv with all columns","ExploreTable","2026-09-18","passed","2026-09-18","","","",""
"","1","A warning is printed when node positions are not available to apply from","applyNodePositionsFromGraphlibGraph","2026-09-18","passed","2026-09-18","","","",""
"Test cases for TestURLJoinPathEscapesSlashes","0","TestURLJoinPathEscapesSlashes","","2026-09-18","passed","2026-09-18","","Go Test","github.com/specterops/bloodhound/cmd/api/src/api/TestURLJoinPathEscapesSlashes","TestURLJoinPathEscapesSlashes"
"Test cases for TestIsErrorResponse","0","TestIsErrorResponse","","2026-09-18","passed","2026-09-18","","Go Test","github.com/specterops/bloodhound/cmd/api/src/api/TestIsErrorResponse","TestIsErrorResponse"
"TestIsValidateGooseTimeStamp to validate different cases of this prefix requirement","0","TestIsValidateGooseTimeStamp","","2026-09-18","passed","2026-09-18","","Go Test","github.com/specterops/bloodhound/cmd/api/src/database/migration/TestIsValidateGooseTimeStamp","TestIsValidateGooseTimeStamp"
"Test cases for TestService_GetConfig","0","TestService_GetConfig","","2026-09-18","passed","2026-09-18","","Go Test","github.com/specterops/bloodhound/server/appcfg/internal/services/TestService_GetConfig","TestService_GetConfig"
"","735","Explore URL Accounts for irregular characters in cypher query","Rule Form","2026-09-18","passed","2026-09-18","","","",""
"","124","shows a table with finished jobs","FileIngestTable","2026-09-18","passed","2026-09-18","","","",""
"","149","Selecting an edge that meets ACL inheritance criteria shows the ""ACE Inherited From"" dropdown","EdgeInfoContent","2026-09-18","passed","2026-09-18","","","",""
"Test cases for TestExtractIngestFiles","11","TestExtractIngestFiles","","2026-09-18","passed","2026-09-18","","Go Test","github.com/specterops/bloodhound/cmd/api/src/services/graphify/TestExtractIngestFiles","TestExtractIngestFiles"
"Test cases for TestIngestionCoordinator_FlushBuffer","0","TestIngestionCoordinator_FlushBuffer","","2026-09-18","passed","2026-09-18","","Go Test","github.com/specterops/bloodhound/cmd/api/src/daemons/changelog/TestIngestionCoordinator_FlushBuffer","TestIngestionCoordinator_FlushBuffer"
"Test cases for TestSavedQueries_GetValidFilterPredicatesAsStrings","0","TestSavedQueries_GetValidFilterPredicatesAsStrings","","2026-09-18","passed","2026-09-18","","Go Test","github.com/specterops/bloodhound/cmd/api/src/model/TestSavedQueries_GetValidFilterPredicatesAsStrings","TestSavedQueries_GetValidFilterPredicatesAsStrings"
"Test cases for TestWriteResponseWrapperWithTimeWindowAndPagination","0","TestWriteResponseWrapperWithTimeWindowAndPagination","","2026-09-18","passed","2026-09-18","","Go Test","github.com/specterops/bloodhound/cmd/api/src/api/TestWriteResponseWrapperWithTimeWindowAndPagination","TestWriteResponseWrapperWithTimeWindowAndPagination"
"","2781","should clear state when logout action is dispatched","redux store","2026-09-18","passed","2026-09-18","","","",""
"","5","reads, sorts, and deduplicates repeated value parameters as a some selection","useMultiValueFilterParams","2026-09-18","passed","2026-09-18","","","",""
"Test cases for TestManagementResource_ListAuthTokens_SortingError","0","TestManagementResource_ListAuthTokens_SortingError","","2026-09-18","passed","2026-09-18","","Go Test","github.com/specterops/bloodhound/cmd/api/src/api/v2/auth/TestManagementResource_ListAuthTokens_SortingError","TestManagementResource_ListAuthTokens_SortingError"
"","161","should render","SSOProviderTable","2026-09-18","passed","2026-09-18","","","",""
"Test cases for TestCreateAssetGroupRequest_AuditData","0","TestCreateAssetGroupRequest_AuditData","","2026-09-18","passed","2026-09-18","","Go Test","github.com/specterops/bloodhound/cmd/api/src/api/v2/TestCreateAssetGroupRequest_AuditData","TestCreateAssetGroupRequest_AuditData"
"Test cases for TestNewGitHubCollector","0","TestNewGitHubCollector","","2026-09-18","passed","2026-09-18","","Go Test","github.com/specterops/bloodhound/packages/go/stbernard/dora/TestNewGitHubCollector","TestNewGitHubCollector"
"Test cases for TestMinMaxValidator","0","TestMinMaxValidator","","2026-09-18","passed","2026-09-18","","Go Test","github.com/specterops/bloodhound/cmd/api/src/utils/validation/TestMinMaxValidator","TestMinMaxValidator"
"Test cases for TestDomainSelectors_TestIsSortable","0","TestDomainSelectors_TestIsSortable","","2026-09-18","passed","2026-09-18","","Go Test","github.com/specterops/bloodhound/cmd/api/src/model/TestDomainSelectors_TestIsSortable","TestDomainSelectors_TestIsSortable"
"","2044","expand/collapse all buttons are disabled when searching","Pathfinding","2026-09-18","passed","2026-09-18","","","",""
"Test cases for TestRetainedArchiveName","7","TestRetainedArchiveName","","2026-09-18","passed","2026-09-18","","Go Test","github.com/specterops/bloodhound/cmd/api/src/api/tools/TestRetainedArchiveName","TestRetainedArchiveName"
"","131","renders the card with title and search input","ActiveExtensionsCard","2026-09-18","passed","2026-09-18","","","",""
"Test cases for TestResources_CreateSavedQuery_InvalidBody","0","TestResources_CreateSavedQuery_InvalidBody","","2026-09-18","passed","2026-09-18","","Go Test","github.com/specterops/bloodhound/cmd/api/src/api/v2/TestResources_CreateSavedQuery_InvalidBody","TestResources_CreateSavedQuery_InvalidBody"
"","0","returns disabled config when target_node_id is missing","useExploreGraph","2026-09-18","passed","2026-09-18","composition search queries","exploreGraphQueryFactory","",""
"Test cases for TestUnmarshalInt64Overflow","0","TestUnmarshalInt64Overflow","","2026-09-18","passed","2026-09-18","","Go Test","github.com/specterops/bloodhound/cmd/api/src/database/types/null/TestUnmarshalInt64Overflow","TestUnmarshalInt64Overflow"
"Test cases for TestManagementResource_ListUsers_InvalidColumn","0","TestManagementResource_ListUsers_InvalidColumn","","2026-09-18","passed","2026-09-18","","Go Test","github.com/specterops/bloodhound/cmd/api/src/api/v2/auth/TestManagementResource_ListUsers_InvalidColumn","TestManagementResource_ListUsers_InvalidColumn"
"","4","reads an explicit none selection from the URL","useMultiValueFilterParams","2026-09-18","passed","2026-09-18","","","",""
"","8","returns undefined query state when itemId is null","useGraphItem","2026-09-18","passed","2026-09-18","","","",""
"Test cases for TestManagementResource_DeleteUser_UserBhCtxNotFound","0","TestManagementResource_DeleteUser_UserBhCtxNotFound","","2026-09-18","passed","2026-09-18","","Go Test","github.com/specterops/bloodhound/cmd/api/src/api/v2/auth/TestManagementResource_DeleteUser_UserBhCtxNotFound","TestManagementResource_DeleteUser_UserBhCtxNotFound"
"Test cases for TestConvertContainerToNode_InheritanceHashes","0","TestConvertContainerToNode_InheritanceHashes","","2026-09-18","passed","2026-09-18","","Go Test","github.com/specterops/bloodhound/packages/go/ein/TestConvertContainerToNode_InheritanceHashes","TestConvertContainerToNode_InheritanceHashes"
"Test cases for TestHandlers_GetNodeByID","1","TestHandlers_GetNodeByID","","2026-09-18","passed","2026-09-18","","Go Test","github.com/specterops/bloodhound/server/graphdb/internal/handlers/TestHandlers_GetNodeByID","TestHandlers_GetNodeByID"
"","1043","does not show the ""Disable MFA"" context menu option for users without MFA enabled","Users","2026-09-18","passed","2026-09-18","","","",""
"TestRegister_RateLimitingReturns429 verifies that the graphdb routes are wiredwith the rate-limiting middleware and that requests exceeding the per-IP limitare rejected with 429 before reaching the handler.Because the rate limiter is registered as the outermost middleware layer(before the permissions check), even unauthenticated requests count againstthe limit and trigger 429 once the budget is exhausted.","2","TestRegister_RateLimitingReturns429","","2026-09-18","passed","2026-09-18","","Go Test","github.com/specterops/bloodhound/server/graphdb/internal/routes/TestRegister_RateLimitingReturns429","TestRegister_RateLimitingReturns429"
"Test cases for TestManagementResource_ListUsers_InvalidFilterPredicate","1","TestManagementResource_ListUsers_InvalidFilterPredicate","","2026-09-18","passed","2026-09-18","","Go Test","github.com/specterops/bloodhound/cmd/api/src/api/v2/auth/TestManagementResource_ListUsers_InvalidFilterPredicate","TestManagementResource_ListUsers_InvalidFilterPredicate"
"","143","toggles sort order when clicking sortable header","ObjectsAccordion","2026-09-18","passed","2026-09-18","","","",""
"","1","EXTENDED ROUNDING when thresholds are set: abbreviates hundred-thousands, millions, billions, trillions as expected","numberFormatting","2026-09-18","passed","2026-09-18","","","",""
"","16","returns the display kind when it appears before a non-display kind","usePrimaryKind","2026-09-18","passed","2026-09-18","","","",""
"","10","when password is expired and on password reset page, no redirect occurs","AuthenticatedRoute","2026-09-18","passed","2026-09-18","","","",""
"","400","handles creating a new rule","Rule Form","2026-09-18","passed","2026-09-18","","","",""
"","213","calls onToggleEdgeLabels when click show all edge labels","GraphControls","2026-09-18","passed","2026-09-18","","Toggling labels","",""
"","225","renders total rules and accordion sections","RulesAccordion","2026-09-18","passed","2026-09-18","","","",""
"","108","reverts all menu options to an unselected state when isExploreLayoutSelected becomes false","GraphControls","2026-09-18","passed","2026-09-18","","Selecting a layout","",""
"TestRegister_RoutesRequireAuthentication dispatches real requests through the wiredrouter to verify that the registered routes are guarded by authentication middleware.The handlers themselves trust the middleware to enforce this contract; if the routewireup ever loses RequirePermissions/RequireAuth, this test will fail.","4","TestRegister_RoutesRequireAuthentication","","2026-09-18","passed","2026-09-18","","Go Test","github.com/specterops/bloodhound/server/featureflags/internal/routes/TestRegister_RoutesRequireAuthentication","TestRegister_RoutesRequireAuthentication"
"","0","returns name uniqueness message for ""name must be unique""","getErrorMessage","2026-09-18","passed","2026-09-18","","","",""
"Test cases for TestHandlers_GetRole","2","TestHandlers_GetRole","","2026-09-18","passed","2026-09-18","","Go Test","github.com/specterops/bloodhound/server/identity/internal/handlers/TestHandlers_GetRole","TestHandlers_GetRole"
"Test cases for TestInt64Equal","0","TestInt64Equal","","2026-09-18","passed","2026-09-18","","Go Test","github.com/specterops/bloodhound/cmd/api/src/database/types/null/TestInt64Equal","TestInt64Equal"
"Test cases for TestCreateUser_Success","1085","TestCreateUser_Success","","2026-09-18","passed","2026-09-18","","Go Test","github.com/specterops/bloodhound/cmd/api/src/api/v2/auth/TestCreateUser_Success","TestCreateUser_Success"
"TestInterpretRCs tests release candidate guidance","1","TestInterpretRCs","","2026-09-18","passed","2026-09-18","","Go Test","github.com/specterops/bloodhound/packages/go/stbernard/dora/TestInterpretRCs","TestInterpretRCs"
"","20","selector members refetches on sort change","the useAssetGroupTags utilities","2026-09-18","passed","2026-09-18","","","",""
"","540","renders the form for editing an existing rule","Rule Form","2026-09-18","passed","2026-09-18","","","",""
"Test cases for TestNewNodeContext","0","TestNewNodeContext","","2026-09-18","passed","2026-09-18","","Go Test","github.com/specterops/bloodhound/server/graphdb/internal/services/TestNewNodeContext","TestNewNodeContext"
"","9","does not include OpenGraph edges when the associated feature flag is disabled","useEdgeCategories","2026-09-18","passed","2026-09-18","","","",""
"","363","displays a polite message when there are no user updatable features available","EarlyAccessFeatures","2026-09-18","passed","2026-09-18","","","",""
"","21","calculates the running time of a job and converts to a human readable format","getSimpleDuration","2026-09-18","passed","2026-09-18","","","",""
"","152","should display ""Cancel"" button","Enable2FADialog","2026-09-18","passed","2026-09-18","","","",""
"Test cases for TestFloatInfNaN","0","TestFloatInfNaN","","2026-09-18","passed","2026-09-18","","Go Test","github.com/specterops/bloodhound/cmd/api/src/database/types/null/TestFloatInfNaN","TestFloatInfNaN"
"Test cases for TestCreateUser_Failure","5","TestCreateUser_Failure","","2026-09-18","passed","2026-09-18","","Go Test","github.com/specterops/bloodhound/cmd/api/src/api/v2/auth/TestCreateUser_Failure","TestCreateUser_Failure"
"Test cases for TestService_GetRelationship","0","TestService_GetRelationship","","2026-09-18","passed","2026-09-18","","Go Test","github.com/specterops/bloodhound/server/graphdb/internal/services/TestService_GetRelationship","TestService_GetRelationship"
"","227","Displays a notification when an error happened when requesting analysis","AnalyzeNowConfiguration","2026-09-18","passed","2026-09-18","","","",""
"","139","exposes disabled additional actions and prevents activation","GraphControls","2026-09-18","passed","2026-09-18","","Exporting json","",""
"","59","does not enrich non built in node kinds","useGetNodeById","2026-09-18","passed","2026-09-18","","","",""
"","7","should not render when data is present","NoDataDialog","2026-09-18","passed","2026-09-18","","","",""
"","5","renders OpenGraphPlatformInfo for an open graph platform aggregate with a kind id","getStatsComponent","2026-09-18","passed","2026-09-18","","","",""
"","11","allows you to update the list of selected filters, only updating the url after calling the apply function","usePathfindingFilters","2026-09-18","passed","2026-09-18","","","",""
"Test cases for TestResources_DeleteExtension","74","TestResources_DeleteExtension","","2026-09-18","passed","2026-09-18","","Go Test","github.com/specterops/bloodhound/cmd/api/src/api/v2/TestResources_DeleteExtension","TestResources_DeleteExtension"
"Test cases for TestManagementResource_ListAuthTokens_InvalidFilterPredicate","0","TestManagementResource_ListAuthTokens_InvalidFilterPredicate","","2026-09-18","passed","2026-09-18","","Go Test","github.com/specterops/bloodhound/cmd/api/src/api/v2/auth/TestManagementResource_ListAuthTokens_InvalidFilterPredicate","TestManagementResource_ListAuthTokens_InvalidFilterPredicate"
"","211","should render","LoginForm","2026-09-18","passed","2026-09-18","","","",""
"","185","should not display generate/revoke api tokens button","User Actions Menu","2026-09-18","passed","2026-09-18","","Api Keys","",""
"","460","should render","CypherSearch","2026-09-18","passed","2026-09-18","","","",""
"Test cases for TestManagementResource_DeleteUser_UserNotFound","0","TestManagementResource_DeleteUser_UserNotFound","","2026-09-18","passed","2026-09-18","","Go Test","github.com/specterops/bloodhound/cmd/api/src/api/v2/auth/TestManagementResource_DeleteUser_UserNotFound","TestManagementResource_DeleteUser_UserNotFound"
"Test cases for TestResources_GetSiteServerEntityInfo","0","TestResources_GetSiteServerEntityInfo","","2026-09-18","passed","2026-09-18","","Go Test","github.com/specterops/bloodhound/cmd/api/src/api/v2/TestResources_GetSiteServerEntityInfo","TestResources_GetSiteServerEntityInfo"
"","277","should render","PasswordResetForm","2026-09-18","passed","2026-09-18","","","",""
"","17","does not call onSort when disable=true","ColumnHeaders","2026-09-18","passed","2026-09-18","","SortableHeader","",""
"","68","renders nothing in the expiration cell when a token has no expires_at","UserTokenManagementDialog - API Expiration Date column","2026-09-18","passed","2026-09-18","","","",""
"TestClassifyDeploymentFrequency tests DORA deployment frequency tier classification","0","TestClassifyDeploymentFrequency","","2026-09-18","passed","2026-09-18","","Go Test","github.com/specterops/bloodhound/packages/go/stbernard/dora/TestClassifyDeploymentFrequency","TestClassifyDeploymentFrequency"
"Test cases for TestManagementResource_ServeMetadata","14","TestManagementResource_ServeMetadata","","2026-09-18","passed","2026-09-18","","Go Test","github.com/specterops/bloodhound/cmd/api/src/api/v2/auth/TestManagementResource_ServeMetadata","TestManagementResource_ServeMetadata"
"","0","returns false when the response is undefined","isNodeResponse","2026-09-18","passed","2026-09-18","","","",""
"","26","renders highlight for the active tag","SelectedHighlight","2026-09-18","passed","2026-09-18","","","",""
"Test cases for TestDeploymentFrequencyExcludesPatches","13","TestDeploymentFrequencyExcludesPatches","","2026-09-18","passed","2026-09-18","","Go Test","github.com/specterops/bloodhound/packages/go/stbernard/dora/TestDeploymentFrequencyExcludesPatches","TestDeploymentFrequencyExcludesPatches"
"Test cases for TestLocalStore_Copy","10","TestLocalStore_Copy","","2026-09-18","passed","2026-09-18","","Go Test","github.com/specterops/bloodhound/packages/go/storage/TestLocalStore_Copy","TestLocalStore_Copy"
"","329","should render an SavedQueryPermissions component","SavedQueryPermissions","2026-09-18","passed","2026-09-18","","","",""
"","0","returns undefined if graphData is {} or not a GraphResponse","getExploreTableData","2026-09-18","passed","2026-09-18","","","",""
"Test cases for TestResources_GetAssetGroupTags","1","TestResources_GetAssetGroupTags","","2026-09-18","passed","2026-09-18","","Go Test","github.com/specterops/bloodhound/cmd/api/src/api/v2/TestResources_GetAssetGroupTags","TestResources_GetAssetGroupTags"
"","358","should display Environmental Targeted Access Control panel when showEnvironmentAccessControls prop is true and user role is selected","UpdateUserForm","2026-09-18","passed","2026-09-18","","","",""
"Test cases for TestCollectCommitsValidation","0","TestCollectCommitsValidation","","2026-09-18","passed","2026-09-18","","Go Test","github.com/specterops/bloodhound/packages/go/stbernard/dora/TestCollectCommitsValidation","TestCollectCommitsValidation"
"","5","renders OpenGraphInfo for a collected open graph environment with an id","getStatsComponent","2026-09-18","passed","2026-09-18","","","",""
"","1221","should display search results when the user enters text","AssetGroupEdit","2026-09-18","passed","2026-09-18","","","",""
"","30","renders node and relationship rows from the aggregation endpoint","OpenGraphPlatformInfo","2026-09-18","passed","2026-09-18","","","",""
"","9","shows date placeholder if no hint is given","ManagedDatePicker - placeholders","2026-09-18","passed","2026-09-18","","","",""
"Test cases for TestHandleDatabaseErrorNotFound","0","TestHandleDatabaseErrorNotFound","","2026-09-18","passed","2026-09-18","","Go Test","github.com/specterops/bloodhound/cmd/api/src/api/TestHandleDatabaseErrorNotFound","TestHandleDatabaseErrorNotFound"
"Test cases for TestNewPipelineStepsAreRunnable","0","TestNewPipelineStepsAreRunnable","","2026-09-18","passed","2026-09-18","","Go Test","github.com/specterops/bloodhound/packages/go/analysis/TestNewPipelineStepsAreRunnable","TestNewPipelineStepsAreRunnable"
"","30","sums the remaining sections when one of the Affected Object calls fails","EntityInfoDataTableGraphed","2026-09-18","passed","2026-09-18","","Node count for nested table that counts all sections","",""
"","7","removes multiple keys from state","useObjectState","2026-09-18","passed","2026-09-18","","","",""
"Test cases for TestResources_DownloadCollectorChecksumByVersion","1","TestResources_DownloadCollectorChecksumByVersion","","2026-09-18","passed","2026-09-18","","Go Test","github.com/specterops/bloodhound/cmd/api/src/api/v2/TestResources_DownloadCollectorChecksumByVersion","TestResources_DownloadCollectorChecksumByVersion"
"","63","does not call onClick when no handler is provided","InfiniteScrollingTable","2026-09-18","passed","2026-09-18","","","",""
"","169","disables checkboxes by default","GraphDataCheckboxes","2026-09-18","passed","2026-09-18","","","",""
"","125","should render","NoDataDialog","2026-09-18","passed","2026-09-18","","","",""
"","22","sets the document title using the app name from AppNameProvider","PageWithTitle","2026-09-18","passed","2026-09-18","","","",""
"","38","renders rows with pointer cursor when onClick is provided","InfiniteScrollingTable","2026-09-18","passed","2026-09-18","","","",""
"Test cases for TestMarshalInt64","0","TestMarshalInt64","","2026-09-18","passed","2026-09-18","","Go Test","github.com/specterops/bloodhound/cmd/api/src/database/types/null/TestMarshalInt64","TestMarshalInt64"
"Test cases for TestWriteAndValidateJSON","8","TestWriteAndValidateJSON","","2026-09-18","passed","2026-09-18","","Go Test","github.com/specterops/bloodhound/cmd/api/src/services/upload/TestWriteAndValidateJSON","TestWriteAndValidateJSON"
"","347","opens and closes the filter","FileIngestFilterDialog","2026-09-18","passed","2026-09-18","","","",""
"Test cases for TestGenericClone","0","TestGenericClone","","2026-09-18","passed","2026-09-18","","Go Test","github.com/specterops/bloodhound/cmd/api/src/utils/TestGenericClone","TestGenericClone"
"","0","should compute the length of a line segment","bezier","2026-09-18","passed","2026-09-18","","","",""
"Test cases for TestGetLimitParamForGraphQuery","0","TestGetLimitParamForGraphQuery","","2026-09-18","passed","2026-09-18","","Go Test","github.com/specterops/bloodhound/cmd/api/src/utils/TestGetLimitParamForGraphQuery","TestGetLimitParamForGraphQuery"
"","1","returns false when WebGL is not available in the current browser context","WebGL compatibility check","2026-09-18","passed","2026-09-18","","","",""
"Test cases for TestAnalysisErrorsCoversPipelineSteps","0","TestAnalysisErrorsCoversPipelineSteps","","2026-09-18","passed","2026-09-18","","Go Test","github.com/specterops/bloodhound/packages/go/analysis/TestAnalysisErrorsCoversPipelineSteps","TestAnalysisErrorsCoversPipelineSteps"
"","59","accepts NodeKindRef objects and prioritizes the display kind","usePrimaryKind","2026-09-18","passed","2026-09-18","","","",""
"","64","shows an error notification if there is an error fetching","useFinishedJobs","2026-09-18","passed","2026-09-18","","","",""
"Test cases for TestResources_ListAuditLogs_SortingError","0","TestResources_ListAuditLogs_SortingError","","2026-09-18","passed","2026-09-18","","Go Test","github.com/specterops/bloodhound/cmd/api/src/api/v2/TestResources_ListAuditLogs_SortingError","TestResources_ListAuditLogs_SortingError"
"","105","calls clickHandler when a line item is clicked","PrebuiltSearchList","2026-09-18","passed","2026-09-18","","","",""
"","41","sets a consistent height for the empty state","ActiveExtensionsCard","2026-09-18","passed","2026-09-18","","","",""
"","186","renders an error message without throwing a TypeError","EntityInfoCollapsibleSection","2026-09-18","passed","2026-09-18","","","",""
"","4","hides the item when only the permission passes","useSubNavRoutes","2026-09-18","passed","2026-09-18","","combined gates","",""
"Test cases for TestSignRequestTeeFailure","0","TestSignRequestTeeFailure","","2026-09-18","passed","2026-09-18","","Go Test","github.com/specterops/bloodhound/cmd/api/src/api/TestSignRequestTeeFailure","TestSignRequestTeeFailure"
"Test cases for TestManagementResource_UpdateUser_SelfDisable","1236","TestManagementResource_UpdateUser_SelfDisable","","2026-09-18","passed","2026-09-18","","Go Test","github.com/specterops/bloodhound/cmd/api/src/api/v2/auth/TestManagementResource_UpdateUser_SelfDisable","TestManagementResource_UpdateUser_SelfDisable"
"Test cases for TestInt64Pointer","0","TestInt64Pointer","","2026-09-18","passed","2026-09-18","","Go Test","github.com/specterops/bloodhound/cmd/api/src/database/types/null/TestInt64Pointer","TestInt64Pointer"
"Test cases for TestWriteCSV","0","TestWriteCSV","","2026-09-18","passed","2026-09-18","","Go Test","github.com/specterops/bloodhound/packages/go/responses/TestWriteCSV","TestWriteCSV"
"","0","returns empty array when search does not match any environment","filterAndSearchEnvironments","2026-09-18","passed","2026-09-18","","search filter","",""
"Test cases for TestStore_GetFlagByID","3","TestStore_GetFlagByID","","2026-09-18","passed","2026-09-18","","Go Test","github.com/specterops/bloodhound/server/featureflags/internal/appdb/TestStore_GetFlagByID","TestStore_GetFlagByID"
"Test cases for TestStore_GetExtension","0","TestStore_GetExtension","","2026-09-18","passed","2026-09-18","","Go Test","github.com/specterops/bloodhound/server/extensions/internal/appdb/TestStore_GetExtension","TestStore_GetExtension"
"","8","takes a string and copys to the navigator clipboard","copyToClipboard","2026-09-18","passed","2026-09-18","","","",""
"","63","preserves an expanded nav on initial load below the xl breakpoint","MainNav responsive expansion","2026-09-18","passed","2026-09-18","","","",""
"","7","gives an explicit selection parameter precedence over value parameters","useMultiValueFilterParams","2026-09-18","passed","2026-09-18","","","",""
"","68","preserves a contracted nav on initial load at the xl breakpoint","MainNav responsive expansion","2026-09-18","passed","2026-09-18","","","",""
"Test cases for TestService_GetRole","0","TestService_GetRole","","2026-09-18","passed","2026-09-18","","Go Test","github.com/specterops/bloodhound/server/identity/internal/services/TestService_GetRole","TestService_GetRole"
"","0","propagates environment_kind_id when provided","getOpenGraphEnvironmentInfo","2026-09-18","passed","2026-09-18","","","",""
"","4","should return null if the edge key does not have enough information","getEdgeDataFromKey","2026-09-18","passed","2026-09-18","","","",""
"","1060","resets skip to 0 when rows per page changes so rows are visible on the new page size","FileIngestTable","2026-09-18","passed","2026-09-18","","pagination reset","",""
"","2","returns true if value is undefined","searchParams","2026-09-18","passed","2026-09-18","","isEmptyParam","",""
"","51","does not mutate the original items array when sorting","KindInfoItems","2026-09-18","passed","2026-09-18","","","",""
"","1008","renders a table if the query has NO node edges","GraphView","2026-09-18","passed","2026-09-18","","","",""
"","189","contracts an expanded nav when the viewport shrinks below the xl breakpoint","MainNav responsive expansion","2026-09-18","passed","2026-09-18","","","",""
"Test cases for TestResources_ListCAPKIHierarchy","0","TestResources_ListCAPKIHierarchy","","2026-09-18","passed","2026-09-18","","Go Test","github.com/specterops/bloodhound/cmd/api/src/api/v2/TestResources_ListCAPKIHierarchy","TestResources_ListCAPKIHierarchy"
"","11","returns early if there are no 'collected' environments","useInitialEnvironment","2026-09-18","passed","2026-09-18","","","",""
"Test cases for TestArgon2Digest_Validate","0","TestArgon2Digest_Validate","","2026-09-18","passed","2026-09-18","","Go Test","github.com/specterops/bloodhound/packages/go/crypto/TestArgon2Digest_Validate","TestArgon2Digest_Validate"
"","64","passes checks if the user has multiple required permissions","usePermissions","2026-09-18","passed","2026-09-18","","","",""
"","41","should on clicking collapse all remove expandedPanelSections param from url and set isObjectInfoPanelOpen in context to false","EdgeInfoHeader","2026-09-18","passed","2026-09-18","","","",""
"","8","sets autoDisplayTable to false if query type is node","useExploreTableAutoDisplay","2026-09-18","passed","2026-09-18","","","",""
"Test cases for TestFileServiceResolver_Resolve","1","TestFileServiceResolver_Resolve","","2026-09-18","passed","2026-09-18","","Go Test","github.com/specterops/bloodhound/cmd/api/src/services/storage/TestFileServiceResolver_Resolve","TestFileServiceResolver_Resolve"
"","10","returns azure environmentInfo when environmentAggregation param is azure","useAvailableEnvironments","2026-09-18","passed","2026-09-18","","useSelectedEnvironment","",""
"","1","lastlogon, lastlogontimestamp","Handling value formatting for Active Directory entity properties lastlogon, lastlogontimestamp, whencreated, and pwdlastset","2026-09-18","passed","2026-09-18","","","",""
"","0","returns true if value is ''","searchParams","2026-09-18","passed","2026-09-18","","isEmptyParam","",""
"Test cases for TestParseClientVersion","0","TestParseClientVersion","","2026-09-18","passed","2026-09-18","","Go Test","github.com/specterops/bloodhound/cmd/api/src/utils/TestParseClientVersion","TestParseClientVersion"
"","245","Should call handler when a member is clicked","AssetGroupMemberList","2026-09-18","passed","2026-09-18","","","",""
"","20","falls back to objectID as name when name field is absent","InfiniteScrollingTable","2026-09-18","passed","2026-09-18","","","",""
"","254","does not auto-display the table for a node-only cypher response when the user has already selected a graph layout","GraphView","2026-09-18","passed","2026-09-18","","Layout selection and de-selection","",""
"Test cases for TestUnmarshalTimeJSON","0","TestUnmarshalTimeJSON","","2026-09-18","passed","2026-09-18","","Go Test","github.com/specterops/bloodhound/cmd/api/src/database/types/null/TestUnmarshalTimeJSON","TestUnmarshalTimeJSON"
"","384","should sort by type","SSOProviderTable","2026-09-18","passed","2026-09-18","","","",""
"Test cases for TestAddOwnerRoleIDs","0","TestAddOwnerRoleIDs","","2026-09-18","passed","2026-09-18","","Go Test","github.com/specterops/bloodhound/packages/go/analysis/azure/TestAddOwnerRoleIDs","TestAddOwnerRoleIDs"
"Test cases for TestManagementResource_ServeSigningCertificate","10","TestManagementResource_ServeSigningCertificate","","2026-09-18","passed","2026-09-18","","Go Test","github.com/specterops/bloodhound/cmd/api/src/api/v2/auth/TestManagementResource_ServeSigningCertificate","TestManagementResource_ServeSigningCertificate"
"Test cases for TestOpenGraphSchemaService_ListExtensions","3","TestOpenGraphSchemaService_ListExtensions","","2026-09-18","passed","2026-09-18","","Go Test","github.com/specterops/bloodhound/cmd/api/src/services/opengraphschema/TestOpenGraphSchemaService_ListExtensions","TestOpenGraphSchemaService_ListExtensions"
"Test cases for TestPreMigrationDaemonsResolvesRetainedFileService","3","TestPreMigrationDaemonsResolvesRetainedFileService","","2026-09-18","passed","2026-09-18","","Go Test","github.com/specterops/bloodhound/cmd/api/src/services/TestPreMigrationDaemonsResolvesRetainedFileService","TestPreMigrationDaemonsResolvesRetainedFileService"
"Test cases for TestPermissionsCheckAll","1","TestPermissionsCheckAll","","2026-09-18","passed","2026-09-18","","Go Test","github.com/specterops/bloodhound/cmd/api/src/api/middleware/TestPermissionsCheckAll","TestPermissionsCheckAll"
"Test cases for TestPermissionsCheckAtLeastOne","0","TestPermissionsCheckAtLeastOne","","2026-09-18","passed","2026-09-18","","Go Test","github.com/specterops/bloodhound/cmd/api/src/api/middleware/TestPermissionsCheckAtLeastOne","TestPermissionsCheckAtLeastOne"
"","281","provides accessible names without visible label text","GraphControls","2026-09-18","passed","2026-09-18","","Accessible icon controls","",""
"Test cases for TestGC_Start","1001","TestGC_Start","","2026-09-18","passed","2026-09-18","","Go Test","github.com/specterops/bloodhound/cmd/api/src/daemons/gc/TestGC_Start","TestGC_Start"
"Test cases for TestResources_DeleteSavedQuery_IsPublicSavedQueryDBError","0","TestResources_DeleteSavedQuery_IsPublicSavedQueryDBError","","2026-09-18","passed","2026-09-18","","Go Test","github.com/specterops/bloodhound/cmd/api/src/api/v2/TestResources_DeleteSavedQuery_IsPublicSavedQueryDBError","TestResources_DeleteSavedQuery_IsPublicSavedQueryDBError"
"","0","falls back to the default Cypher message when ruleType is undefined and seeds are required","handleError","2026-09-18","passed","2026-09-18","","","",""
"TestGooseMigrationFilenamesUseCurrentVersionPrefix is utilized to ensure that all migration files are named accordingto the set naming convention.","0","TestGooseMigrationFilenamesUseCurrentVersionPrefix","","2026-09-18","passed","2026-09-18","","Go Test","github.com/specterops/bloodhound/cmd/api/src/database/migration/TestGooseMigrationFilenamesUseCurrentVersionPrefix","TestGooseMigrationFilenamesUseCurrentVersionPrefix"
"Test cases for TestFilterParseAndValidate_Enrichment","0","TestFilterParseAndValidate_Enrichment","","2026-09-18","passed","2026-09-18","","Go Test","github.com/specterops/bloodhound/packages/go/params/TestFilterParseAndValidate_Enrichment","TestFilterParseAndValidate_Enrichment"
"","0","reports an API error when Cypher is not run first","handleError","2026-09-18","passed","2026-09-18","","","",""
"","109","renders a snackbar notification in the dom and tests the long autoHideDuration","AppNotifications","2026-09-18","passed","2026-09-18","","","",""
"Test cases for TestIsValidContentTypeForUpload","0","TestIsValidContentTypeForUpload","","2026-09-18","passed","2026-09-18","","Go Test","github.com/specterops/bloodhound/cmd/api/src/api/v2/TestIsValidContentTypeForUpload","TestIsValidContentTypeForUpload"
"Test cases for Test_TopLevel","0","Test_TopLevel","","2026-09-18","passed","2026-09-18","","Go Test","github.com/specterops/bloodhound/packages/go/schemagen/csgen/Test_TopLevel","Test_TopLevel"
"","451","should initiate data loading when an item is selected","Simple Environment Selector","2026-09-18","passed","2026-09-18","","","",""
"Test cases for TestWriteBinaryResponse","0","TestWriteBinaryResponse","","2026-09-18","passed","2026-09-18","","Go Test","github.com/specterops/bloodhound/cmd/api/src/api/TestWriteBinaryResponse","TestWriteBinaryResponse"
"Test cases for TestCopyMatchExpressionsSorted","0","TestCopyMatchExpressionsSorted","","2026-09-18","passed","2026-09-18","","Go Test","github.com/specterops/bloodhound/cmd/api/src/services/graphify/endpoint/TestCopyMatchExpressionsSorted","TestCopyMatchExpressionsSorted"
"Test cases for TestStore_GetKindByName","1","TestStore_GetKindByName","","2026-09-18","passed","2026-09-18","","Go Test","github.com/specterops/bloodhound/server/graphdb/internal/appdb/TestStore_GetKindByName","TestStore_GetKindByName"
"Test cases for TestTerminalReporter","0","TestTerminalReporter","","2026-09-18","passed","2026-09-18","","Go Test","github.com/specterops/bloodhound/packages/go/stbernard/dora/TestTerminalReporter","TestTerminalReporter"
"Test cases for TestResources_UpdateAssetGroupSelectors_SuccessOwned","0","TestResources_UpdateAssetGroupSelectors_SuccessOwned","","2026-09-18","passed","2026-09-18","","Go Test","github.com/specterops/bloodhound/cmd/api/src/api/v2/TestResources_UpdateAssetGroupSelectors_SuccessOwned","TestResources_UpdateAssetGroupSelectors_SuccessOwned"
"","0","returns disabled config when relationshipDetails is undefined","useExploreGraph","2026-09-18","passed","2026-09-18","composition search queries","exploreGraphQueryFactory","",""
"Test cases for TestFilter","0","TestFilter","","2026-09-18","passed","2026-09-18","","Go Test","github.com/specterops/bloodhound/packages/go/slicesext/TestFilter","TestFilter"
"","332","calls handleFilterChange when a node type is selected","AssetGroupEdit","2026-09-18","passed","2026-09-18","","Node Type dropdown filter","",""
"","255","should not call onSubmit when expired password is not supplied when reset password button clicked","PasswordResetForm","2026-09-18","passed","2026-09-18","","","",""
"","105","displays appropriate text when there are no matches for search term","SearchCurrentNodes","2026-09-18","passed","2026-09-18","","","",""
"","73","calls onClick when toggle button clicked","EarlyAccessFeatureToggle","2026-09-18","passed","2026-09-18","","","",""
"","9","sets autoDisplayTable to false if query returns nodes only but the enabled prop is false","useExploreTableAutoDisplay","2026-09-18","passed","2026-09-18","","","",""
"Test cases for TestConvertAzureRoleEligibilityScheduleInstanceToRel","0","TestConvertAzureRoleEligibilityScheduleInstanceToRel","","2026-09-18","passed","2026-09-18","","Go Test","github.com/specterops/bloodhound/packages/go/ein/TestConvertAzureRoleEligibilityScheduleInstanceToRel","TestConvertAzureRoleEligibilityScheduleInstanceToRel"
"","10","returns initialValue when the key is absent from localStorage","useLocalStorage","2026-09-18","passed","2026-09-18","","initial value","",""
"","1895","Kebab menu click causes the callback function to be called with the correct parameters","ExploreTable","2026-09-18","passed","2026-09-18","","","",""
"","6","does not render when selector is default","Delete Selector Button rendering","2026-09-18","passed","2026-09-18","","","",""
"","0","returns Cypher message when ruleType is SeedTypeCypher and seeds are required","getErrorMessage","2026-09-18","passed","2026-09-18","","","",""
"Test cases for TestTimeFrom","0","TestTimeFrom","","2026-09-18","passed","2026-09-18","","Go Test","github.com/specterops/bloodhound/cmd/api/src/database/types/null/TestTimeFrom","TestTimeFrom"
"","179","renders analyze now section","AnalyzeNowConfiguration","2026-09-18","passed","2026-09-18","","","",""
"Test cases for Test_filterAndFormatSearchResults_default","0","Test_filterAndFormatSearchResults_default","","2026-09-18","passed","2026-09-18","","Go Test","github.com/specterops/bloodhound/cmd/api/src/api/v2/Test_filterAndFormatSearchResults_default","Test_filterAndFormatSearchResults_default"
"Test cases for TestMarshalBool","0","TestMarshalBool","","2026-09-18","passed","2026-09-18","","Go Test","github.com/specterops/bloodhound/cmd/api/src/database/types/null/TestMarshalBool","TestMarshalBool"
"","388","should display all available roles","CreateUserDialog","2026-09-18","passed","2026-09-18","","","",""
"Test cases for TestMatches_FailureErrMsg","0","TestMatches_FailureErrMsg","","2026-09-18","passed","2026-09-18","","Go Test","github.com/specterops/bloodhound/cmd/api/src/model/TestMatches_FailureErrMsg","TestMatches_FailureErrMsg"
"Test cases for TestNewDefaultFileServices_ConfiguredS3Provider","0","TestNewDefaultFileServices_ConfiguredS3Provider","","2026-09-18","passed","2026-09-18","","Go Test","github.com/specterops/bloodhound/cmd/api/src/services/storage/TestNewDefaultFileServices_ConfiguredS3Provider","TestNewDefaultFileServices_ConfiguredS3Provider"
"","0","fails for password shorter than 12 characters","testPassword","2026-09-18","passed","2026-09-18","","","",""
"","84","renders error message on error","ObjectCountPanel","2026-09-18","passed","2026-09-18","","","",""
"","120","renders","EarlyAccessFeatureToggle","2026-09-18","passed","2026-09-18","","","",""
"Test cases for TestResources_ListADDomainForeignAdmins","1","TestResources_ListADDomainForeignAdmins","","2026-09-18","passed","2026-09-18","","Go Test","github.com/specterops/bloodhound/cmd/api/src/api/v2/TestResources_ListADDomainForeignAdmins","TestResources_ListADDomainForeignAdmins"
"Test cases for TestCache_GuardedSet","0","TestCache_GuardedSet","","2026-09-18","passed","2026-09-18","","Go Test","github.com/specterops/bloodhound/packages/go/cache/TestCache_GuardedSet","TestCache_GuardedSet"
"","32","should render a navigation list item","MainNav","2026-09-18","passed","2026-09-18","","","",""
"","140","renders the Columns trigger button","ManageColumnsComboBox","2026-09-18","passed","2026-09-18","","","",""
"Test cases for TestManagementResource_UpdateUser_IDMalformed","1518","TestManagementResource_UpdateUser_IDMalformed","","2026-09-18","passed","2026-09-18","","Go Test","github.com/specterops/bloodhound/cmd/api/src/api/v2/auth/TestManagementResource_UpdateUser_IDMalformed","TestManagementResource_UpdateUser_IDMalformed"
"Test cases for TestRegister","0","TestRegister","","2026-09-18","passed","2026-09-18","","Go Test","github.com/specterops/bloodhound/server/featureflags/TestRegister","TestRegister"
"Test cases for TestResources_SearchHandler_ETAC","2","TestResources_SearchHandler_ETAC","","2026-09-18","passed","2026-09-18","","Go Test","github.com/specterops/bloodhound/cmd/api/src/api/v2/TestResources_SearchHandler_ETAC","TestResources_SearchHandler_ETAC"
"Test cases for TestArgon2Digest_String","0","TestArgon2Digest_String","","2026-09-18","passed","2026-09-18","","Go Test","github.com/specterops/bloodhound/packages/go/crypto/TestArgon2Digest_String","TestArgon2Digest_String"
"","37","should render a Field when the provided value is false","Field","2026-09-18","passed","2026-09-18","","","",""
"Test cases for TestStringSetValid","0","TestStringSetValid","","2026-09-18","passed","2026-09-18","","Go Test","github.com/specterops/bloodhound/cmd/api/src/database/types/null/TestStringSetValid","TestStringSetValid"
"","0","The node radius is adjusted for nodes that have their ""highlighted"" property set to true since the highlight adds some padding","getNodeRadius","2026-09-18","passed","2026-09-18","","","",""
"Test cases for TestNewFileServiceResolver","1","TestNewFileServiceResolver","","2026-09-18","passed","2026-09-18","","Go Test","github.com/specterops/bloodhound/cmd/api/src/services/storage/TestNewFileServiceResolver","TestNewFileServiceResolver"
"","1","determines glyphs with the tier_managent_engine feature flag disabled","getNodeGlyphs","2026-09-18","passed","2026-09-18","","","",""
"Test cases for TestCommit","0","TestCommit","","2026-09-18","passed","2026-09-18","","Go Test","github.com/specterops/bloodhound/packages/go/stbernard/dora/TestCommit","TestCommit"
"","5","removes a notification","AppNotifications","2026-09-18","passed","2026-09-18","","","",""
"","215","sets a primarySearch=id and searchType=node when secondarySearch is falsey","ContextMenu","2026-09-18","passed","2026-09-18","","","",""
"","7","should not render if open === false","ConfirmUpdateQueryDialog","2026-09-18","passed","2026-09-18","","","",""
"Test cases for TestRewriter_Enter_NoShortcut_PreservesKinds","0","TestRewriter_Enter_NoShortcut_PreservesKinds","","2026-09-18","passed","2026-09-18","","Go Test","github.com/specterops/bloodhound/cmd/api/src/queries/TestRewriter_Enter_NoShortcut_PreservesKinds","TestRewriter_Enter_NoShortcut_PreservesKinds"
"Test cases for TestDatabase_NullUUID","0","TestDatabase_NullUUID","","2026-09-18","passed","2026-09-18","","Go Test","github.com/specterops/bloodhound/cmd/api/src/database/TestDatabase_NullUUID","TestDatabase_NullUUID"
"","77","renders loading skeletons while the query is pending","OpenGraphInfo","2026-09-18","passed","2026-09-18","","","",""
"Test cases for TestAnalysisStepsFromMode","14","TestAnalysisStepsFromMode","","2026-09-18","passed","2026-09-18","","Go Test","github.com/specterops/bloodhound/cmd/api/src/model/TestAnalysisStepsFromMode","TestAnalysisStepsFromMode"
"","0","returns null if paramValue is ''","useEnvironmentParams","2026-09-18","passed","2026-09-18","","parseEnvironmentAggregation","",""
"","60","shows the Automatic Certification label and the zone-level disabled message","BasicInfo","2026-09-18","passed","2026-09-18","","when isCertificationDisabledOnZoneLevel is false","",""
"Test cases for TestParseFilterOperator","0","TestParseFilterOperator","","2026-09-18","passed","2026-09-18","","Go Test","github.com/specterops/bloodhound/packages/go/params/TestParseFilterOperator","TestParseFilterOperator"
"","256","renders hidden h2 with current tab name for screen readers","ExploreSearch rendering per tab","2026-09-18","passed","2026-09-18","","","",""
"Test cases for TestResources_ListADIssuancePolicyLinkedCertTemplates","153","TestResources_ListADIssuancePolicyLinkedCertTemplates","","2026-09-18","passed","2026-09-18","","Go Test","github.com/specterops/bloodhound/cmd/api/src/api/v2/TestResources_ListADIssuancePolicyLinkedCertTemplates","TestResources_ListADIssuancePolicyLinkedCertTemplates"
"","9","navigates to the specified route with global params intact when triggered by a splat route","AppNavigate","2026-09-18","passed","2026-09-18","","","",""
"Test cases for TestRewriter_Enter_CombinedADAndAzureShortcut_PreservesOrder","1","TestRewriter_Enter_CombinedADAndAzureShortcut_PreservesOrder","","2026-09-18","passed","2026-09-18","","Go Test","github.com/specterops/bloodhound/cmd/api/src/queries/TestRewriter_Enter_CombinedADAndAzureShortcut_PreservesOrder","TestRewriter_Enter_CombinedADAndAzureShortcut_PreservesOrder"
"","1503","search filters edges by name","Pathfinding","2026-09-18","passed","2026-09-18","","","",""
"","1","returns the same nodes from the graphData","getExploreTableData","2026-09-18","passed","2026-09-18","","","",""
"","252","renders trigger button and dropdown items","TagToZoneLabel","2026-09-18","passed","2026-09-18","","","",""
"Test cases for TestManagementResource_ListAuthProviders","1","TestManagementResource_ListAuthProviders","","2026-09-18","passed","2026-09-18","","Go Test","github.com/specterops/bloodhound/cmd/api/src/api/v2/auth/TestManagementResource_ListAuthProviders","TestManagementResource_ListAuthProviders"
"","1","removes the key when null is passed to the setter","useLocalStorage","2026-09-18","passed","2026-09-18","","setValue","",""
"","606","clicking checkbox will remove error if present","DatabaseManagement","2026-09-18","passed","2026-09-18","","","",""
"Test cases for TestMap","0","TestMap","","2026-09-18","passed","2026-09-18","","Go Test","github.com/specterops/bloodhound/packages/go/slicesext/TestMap","TestMap"
"Test cases for TestWriteResultJson","0","TestWriteResultJson","","2026-09-18","passed","2026-09-18","","Go Test","github.com/specterops/bloodhound/cmd/api/src/utils/TestWriteResultJson","TestWriteResultJson"
"","2767","calls mockOnQuerySuccess when search returns one node, entity info panel remains open","CypherSearch","2026-09-18","passed","2026-09-18","","Minimize explorer page elements when multiple nodes are returned","",""
"","197","should call onClose when cancel button is clicked","SaveQueryDialog","2026-09-18","passed","2026-09-18","","","",""
"","63","should call the onClick function when clicked","GraphButton","2026-09-18","passed","2026-09-18","","","",""
"","131","calls setExploreParams with searchType and relationshipQueryItemId when selecting a composition accordion","EdgeInfoContent","2026-09-18","passed","2026-09-18","","EdgeInfoContent support for Deep Linking","",""
"","52","displays the value thats passed via children","CodeController","2026-09-18","passed","2026-09-18","","","",""
"Test cases for TestResources_UpdateSavedQuery_AdminPrivateQuery_Success","0","TestResources_UpdateSavedQuery_AdminPrivateQuery_Success","","2026-09-18","passed","2026-09-18","","Go Test","github.com/specterops/bloodhound/cmd/api/src/api/v2/TestResources_UpdateSavedQuery_AdminPrivateQuery_Success","TestResources_UpdateSavedQuery_AdminPrivateQuery_Success"
"","7","should render when search string at the end of the text","HighlightedText","2026-09-18","passed","2026-09-18","","","",""
"Test cases for TestRegister_PanicsOnNilRateLimitMiddleware","2","TestRegister_PanicsOnNilRateLimitMiddleware","","2026-09-18","passed","2026-09-18","","Go Test","github.com/specterops/bloodhound/server/modules/TestRegister_PanicsOnNilRateLimitMiddleware","TestRegister_PanicsOnNilRateLimitMiddleware"
"","55","should hide Environmental Targeted Access Control panel when showEnvironmentAccessControls prop is false","CreateUserForm","2026-09-18","passed","2026-09-18","","","",""
"Test cases for TestKeyEncoder_Key_Deterministic","0","TestKeyEncoder_Key_Deterministic","","2026-09-18","passed","2026-09-18","","Go Test","github.com/specterops/bloodhound/packages/go/analysis/post/TestKeyEncoder_Key_Deterministic","TestKeyEncoder_Key_Deterministic"
"","268","closes confirmation dialog when cancel is clicked","ActiveExtensionsCard","2026-09-18","passed","2026-09-18","","","",""
"","492","app does not crash if ""token"" cookie exists and ""persistedState"" localstorage key does not exist","redux store","2026-09-18","passed","2026-09-18","","","",""
"Test cases for TestOverwriteQueryParamIfHeaderAndParamExist","1","TestOverwriteQueryParamIfHeaderAndParamExist","","2026-09-18","passed","2026-09-18","","Go Test","github.com/specterops/bloodhound/cmd/api/src/utils/test/TestOverwriteQueryParamIfHeaderAndParamExist","TestOverwriteQueryParamIfHeaderAndParamExist"
"","554","clears input when dialog is closed and reopened","ActiveExtensionsCard","2026-09-18","passed","2026-09-18","","","",""
"","142","fires runQuery in context provider","ListItemActionMenu","2026-09-18","passed","2026-09-18","","","",""
"","1835","reverts to the default graph view when the user de-selects the currently selected table layout","GraphView","2026-09-18","passed","2026-09-18","","Layout selection and de-selection","",""
"TestParseTagsEdgeCases tests tag parsing with various edge cases","0","TestParseTagsEdgeCases","","2026-09-18","passed","2026-09-18","","Go Test","github.com/specterops/bloodhound/packages/go/stbernard/dora/TestParseTagsEdgeCases","TestParseTagsEdgeCases"
"","215","includes the platform environment_kind_id in the onSelect payload when an open graph aggregate is clicked","Open Graph platform selection","2026-09-18","passed","2026-09-18","","","",""
"Test cases for TestResources_DeleteSavedQuery_PublicQueryAndUserIsAdmin","1","TestResources_DeleteSavedQuery_PublicQueryAndUserIsAdmin","","2026-09-18","passed","2026-09-18","","Go Test","github.com/specterops/bloodhound/cmd/api/src/api/v2/TestResources_DeleteSavedQuery_PublicQueryAndUserIsAdmin","TestResources_DeleteSavedQuery_PublicQueryAndUserIsAdmin"
"Test cases for TestStore_GetPresignedURL_InvalidPath","4","TestStore_GetPresignedURL_InvalidPath","","2026-09-18","passed","2026-09-18","","Go Test","github.com/specterops/bloodhound/packages/go/storage/TestStore_GetPresignedURL_InvalidPath","TestStore_GetPresignedURL_InvalidPath"
"","45","should navigate to the correct page on alt + digit keydown","Keyboard shortcuts","2026-09-18","passed","2026-09-18","","","",""
"","3","does not fetch more data when scrolling outside the default bottom threshold","useInfiniteScroll","2026-09-18","passed","2026-09-18","","","",""
"","92","renders enabled Zone tab and disabled Rule and Object tabs","Selected Details Tabs","2026-09-18","passed","2026-09-18","","Selected Details Tabs - Params present","",""
"","236","filters extensions based on search input","ActiveExtensionsCard","2026-09-18","passed","2026-09-18","","","",""
"Test cases for TestAssetGroupMembers_BuildFilteringConditional_Error","0","TestAssetGroupMembers_BuildFilteringConditional_Error","","2026-09-18","passed","2026-09-18","","Go Test","github.com/specterops/bloodhound/cmd/api/src/api/TestAssetGroupMembers_BuildFilteringConditional_Error","TestAssetGroupMembers_BuildFilteringConditional_Error"
"Test cases for TestSelfDestructingTempFile","0","TestSelfDestructingTempFile","","2026-09-18","passed","2026-09-18","","Go Test","github.com/specterops/bloodhound/cmd/api/src/api/TestSelfDestructingTempFile","TestSelfDestructingTempFile"
"","41","renders the title","ProcessingIndicator","2026-09-18","passed","2026-09-18","","","",""
"","57","shows the Automatic Certification label and the certification dropdown with its full description","BasicInfo","2026-09-18","passed","2026-09-18","","when isCertificationDisabledOnZoneLevel is true","",""
"","75","initializes search tab to the exploreSearchTab on initial render","ExploreSearch sets searchType on tab changing","2026-09-18","passed","2026-09-18","","","",""
"","7","renders the label and clickable id when handleSourceNodeSelected is provided","BasicObjectInfoFields related kind fields","2026-09-18","passed","2026-09-18","","'Linked Group ID'","",""
"Test cases for TestPasswordValidator","0","TestPasswordValidator","","2026-09-18","passed","2026-09-18","","Go Test","github.com/specterops/bloodhound/cmd/api/src/utils/validation/TestPasswordValidator","TestPasswordValidator"
"Test cases for Test_ConvertAzureRoleManagementPolicyAssignment","1","Test_ConvertAzureRoleManagementPolicyAssignment","","2026-09-18","passed","2026-09-18","","Go Test","github.com/specterops/bloodhound/packages/go/ein/Test_ConvertAzureRoleManagementPolicyAssignment","Test_ConvertAzureRoleManagementPolicyAssignment"
"Test cases for TestResources_ListAuditLogs_DBError","0","TestResources_ListAuditLogs_DBError","","2026-09-18","passed","2026-09-18","","Go Test","github.com/specterops/bloodhound/cmd/api/src/api/v2/TestResources_ListAuditLogs_DBError","TestResources_ListAuditLogs_DBError"
"Test cases for TestTextUnmarshalInt","0","TestTextUnmarshalInt","","2026-09-18","passed","2026-09-18","","Go Test","github.com/specterops/bloodhound/cmd/api/src/database/types/null/TestTextUnmarshalInt","TestTextUnmarshalInt"
"","263","toggles a source kind off from all selected nested graph data options","GraphDataCheckboxes","2026-09-18","passed","2026-09-18","","","",""
"","52","should display the ETAC role-based filtering badge when filtering is enabled","Zone Management","2026-09-18","passed","2026-09-18","","","",""
"Test cases for TestFilterMiddleware","0","TestFilterMiddleware","","2026-09-18","passed","2026-09-18","","Go Test","github.com/specterops/bloodhound/cmd/api/src/api/middleware/TestFilterMiddleware","TestFilterMiddleware"
"Test cases for TestTextUnmarshalBool","0","TestTextUnmarshalBool","","2026-09-18","passed","2026-09-18","","Go Test","github.com/specterops/bloodhound/cmd/api/src/database/types/null/TestTextUnmarshalBool","TestTextUnmarshalBool"
"Test cases for TestDisenrollMFA_Admin_SuccessNoPasswordSSO","671","TestDisenrollMFA_Admin_SuccessNoPasswordSSO","","2026-09-18","passed","2026-09-18","","Go Test","github.com/specterops/bloodhound/cmd/api/src/api/v2/auth/TestDisenrollMFA_Admin_SuccessNoPasswordSSO","TestDisenrollMFA_Admin_SuccessNoPasswordSSO"
"Test cases for TestRandomDurationBetween","30","TestRandomDurationBetween","","2026-09-18","passed","2026-09-18","","Go Test","github.com/specterops/bloodhound/cmd/api/src/daemons/datapipe/TestRandomDurationBetween","TestRandomDurationBetween"
"Test cases for TestOpenScratchReadSeeker","10","TestOpenScratchReadSeeker","","2026-09-18","passed","2026-09-18","","Go Test","github.com/specterops/bloodhound/cmd/api/src/services/graphify/TestOpenScratchReadSeeker","TestOpenScratchReadSeeker"
"","131","renders the QuerySearchFilter component","QuerySearchFilter","2026-09-18","passed","2026-09-18","","","",""
"","14","renders nothing if flag is disabled and disabled prop is not provided","FeatureFlag","2026-09-18","passed","2026-09-18","","","",""
"","8","removes key from state","useObjectState","2026-09-18","passed","2026-09-18","","","",""
"","65","disables the search button when isCurrentSearchOpen is true","GraphControls","2026-09-18","passed","2026-09-18","","Searching current results","",""
"Test cases for TestValidateTOTPSecret","0","TestValidateTOTPSecret","","2026-09-18","passed","2026-09-18","","Go Test","github.com/specterops/bloodhound/cmd/api/src/auth/TestValidateTOTPSecret","TestValidateTOTPSecret"
"Test cases for TestService_GetDatapipeStatus","2","TestService_GetDatapipeStatus","","2026-09-18","passed","2026-09-18","","Go Test","github.com/specterops/bloodhound/server/appcfg/internal/services/TestService_GetDatapipeStatus","TestService_GetDatapipeStatus"
"Test cases for TestGetSkipParamForGraphQuery","0","TestGetSkipParamForGraphQuery","","2026-09-18","passed","2026-09-18","","Go Test","github.com/specterops/bloodhound/cmd/api/src/utils/TestGetSkipParamForGraphQuery","TestGetSkipParamForGraphQuery"
"Test cases for TestSavedQueries_IsSortable","0","TestSavedQueries_IsSortable","","2026-09-18","passed","2026-09-18","","Go Test","github.com/specterops/bloodhound/cmd/api/src/model/TestSavedQueries_IsSortable","TestSavedQueries_IsSortable"
"","511","renders a filter search and platform dropdown menu","CommonSearches","2026-09-18","passed","2026-09-18","","","",""
"","3547","collapse all button collapses all sections","Pathfinding","2026-09-18","passed","2026-09-18","","","",""
"","443","should render an update user form","UpdateUserDialog","2026-09-18","passed","2026-09-18","","","",""
"","343","sets primarySearch to the node objectId when an item is clicked","EntityInfoDataTableGraphed","2026-09-18","passed","2026-09-18","","clicking a node navigates using the node objectId","",""
"","61","merges kind-specific runtime properties for enrichable node kinds","useGetNodeById","2026-09-18","passed","2026-09-18","","","",""
"","299","renders the Namespace column header with an informational icon","ActiveExtensionsCard","2026-09-18","passed","2026-09-18","","","",""
"","139","does not highlight any layout option on first load when no layout has been manually selected","GraphControls","2026-09-18","passed","2026-09-18","","Selecting a layout","",""
"Test cases for TestStringScan","0","TestStringScan","","2026-09-18","passed","2026-09-18","","Go Test","github.com/specterops/bloodhound/cmd/api/src/database/types/null/TestStringScan","TestStringScan"
"","15","should render a real value matching an empty state placeholder as ordinary text","Field","2026-09-18","passed","2026-09-18","","","",""
"","37","renders Tier Zero text by default when no Zone Selector is available and on a Zone page","TagSelector","2026-09-18","passed","2026-09-18","","","",""
"","11","when password is not expired no redirect occurs","AuthenticatedRoute","2026-09-18","passed","2026-09-18","","","",""
"Helper to verify that encodeAnyValue handles standard types correctly","0","TestEncodeAnyValue","","2026-09-18","passed","2026-09-18","","Go Test","github.com/specterops/bloodhound/cmd/api/src/services/graphify/endpoint/TestEncodeAnyValue","TestEncodeAnyValue"
"Test cases for TestParseConfiguration_Storage","0","TestParseConfiguration_Storage","","2026-09-18","passed","2026-09-18","","Go Test","github.com/specterops/bloodhound/cmd/api/src/config/TestParseConfiguration_Storage","TestParseConfiguration_Storage"
"TestColorTier tests tier color formatting","1","TestColorTier","","2026-09-18","passed","2026-09-18","","Go Test","github.com/specterops/bloodhound/packages/go/stbernard/dora/TestColorTier","TestColorTier"
"","61","renders the analysis toggle when multi tier analysis enabled is true and when editing an existing zone","Tag Form","2026-09-18","passed","2026-09-18","","","",""
"","459","should render the cypher search controls when user clicks on cypher tab","ExploreSearch rendering per tab","2026-09-18","passed","2026-09-18","","","",""
"Test cases for TestJSONReporter","0","TestJSONReporter","","2026-09-18","passed","2026-09-18","","Go Test","github.com/specterops/bloodhound/packages/go/stbernard/dora/TestJSONReporter","TestJSONReporter"
"Test cases for TestHandlers_ToggleFlag","4","TestHandlers_ToggleFlag","","2026-09-18","passed","2026-09-18","","Go Test","github.com/specterops/bloodhound/server/featureflags/internal/handlers/TestHandlers_ToggleFlag","TestHandlers_ToggleFlag"
"","5","returns when label limit is reached","useTagLimits","2026-09-18","passed","2026-09-18","","","",""
"Test cases for TestIsValidEmail","1","TestIsValidEmail","","2026-09-18","passed","2026-09-18","","Go Test","github.com/specterops/bloodhound/cmd/api/src/utils/TestIsValidEmail","TestIsValidEmail"
"Test cases for Test_GetAssetGroupMembersBySelector","4","Test_GetAssetGroupMembersBySelector","","2026-09-18","passed","2026-09-18","","Go Test","github.com/specterops/bloodhound/cmd/api/src/api/v2/Test_GetAssetGroupMembersBySelector","Test_GetAssetGroupMembersBySelector"
"","4","uses the default filename generator when exporting JSON","exportGraphData","2026-09-18","passed","2026-09-18","","","",""
"","170","should not render list items for domains that are not collected","Context Selector","2026-09-18","passed","2026-09-18","","","",""
"","5","calls the provided notification method","handleError","2026-09-18","passed","2026-09-18","","","",""
"Test cases for TestCalculateDeploymentFrequency","15","TestCalculateDeploymentFrequency","","2026-09-18","passed","2026-09-18","","Go Test","github.com/specterops/bloodhound/packages/go/stbernard/dora/TestCalculateDeploymentFrequency","TestCalculateDeploymentFrequency"
"Test cases for TestChangeCache","1","TestChangeCache","","2026-09-18","passed","2026-09-18","","Go Test","github.com/specterops/bloodhound/cmd/api/src/daemons/changelog/TestChangeCache","TestChangeCache"
"","436","renders a button and a menu","CreateMenu","2026-09-18","passed","2026-09-18","","oidc_support feature flag enabled","",""
"Test cases for TestResources_ListAuditLogs_OnlyOffset","0","TestResources_ListAuditLogs_OnlyOffset","","2026-09-18","passed","2026-09-18","","Go Test","github.com/specterops/bloodhound/cmd/api/src/api/v2/TestResources_ListAuditLogs_OnlyOffset","TestResources_ListAuditLogs_OnlyOffset"
"Test cases for TestManagementResource_GetAZEntity","115","TestManagementResource_GetAZEntity","","2026-09-18","passed","2026-09-18","","Go Test","github.com/specterops/bloodhound/cmd/api/src/api/v2/TestManagementResource_GetAZEntity","TestManagementResource_GetAZEntity"
"","0","does not set environment_kind_id on the known types","getOpenGraphEnvironmentInfoMap","2026-09-18","passed","2026-09-18","","","",""
"Test cases for TestFloatScan","0","TestFloatScan","","2026-09-18","passed","2026-09-18","","Go Test","github.com/specterops/bloodhound/cmd/api/src/database/types/null/TestFloatScan","TestFloatScan"
"","98","should display a ""Reset Password"" button","UserProfile","2026-09-18","passed","2026-09-18","","","",""
"Test cases for TestOrphanFileSweeper_ClearLegacyLocalIngestFilesRemovesOrphanDirectoriesIfOld","37","TestOrphanFileSweeper_ClearLegacyLocalIngestFilesRemovesOrphanDirectoriesIfOld","","2026-09-18","passed","2026-09-18","","Go Test","github.com/specterops/bloodhound/cmd/api/src/daemons/datapipe/TestOrphanFileSweeper_ClearLegacyLocalIngestFilesRemovesOrphanDirectoriesIfOld","TestOrphanFileSweeper_ClearLegacyLocalIngestFilesRemovesOrphanDirectoriesIfOld"
"","773","should call the setCypherQuery handler when the value in the editor changes","CypherSearch","2026-09-18","passed","2026-09-18","","","",""
"Test cases for FuzzFoldlLazy","0","FuzzFoldlLazy","","2026-09-18","passed","2026-09-18","","Go Test","github.com/specterops/bloodhound/packages/go/slicesext/FuzzFoldlLazy","FuzzFoldlLazy"
"Copyright 2021 The Go Authors. All rights reserved.TestConcat was ripped from go1.22 source and should be replaced with the stdlib implementation when we move to 1.22Original source: https:","0","TestConcat","","2026-09-18","passed","2026-09-18","","Go Test","github.com/specterops/bloodhound/packages/go/slicesext/TestConcat","TestConcat"
"","84","should display api key management button","Api Keys","2026-09-18","passed","2026-09-18","","","",""
"","91","renders Label as first tab and is also the initially selected on first render in Labels View/Tab","Selected Details Tabs","2026-09-18","passed","2026-09-18","","Selected Details Tabs - Params present","",""
"","104","calls handleSourceNodeSelected with the related node when the id is clicked","BasicObjectInfoFields related kind fields","2026-09-18","passed","2026-09-18","","'Service Principal ID'","",""
"","0","should handle an undefined entity","Evaluating the entity display name from a given entity","2026-09-18","passed","2026-09-18","","","",""
"","144","should render an SavedQueryPermissions component","SaveQueryDialog","2026-09-18","passed","2026-09-18","","","",""
"Test cases for TestAssetGroupMembers_SortBy","0","TestAssetGroupMembers_SortBy","","2026-09-18","passed","2026-09-18","","Go Test","github.com/specterops/bloodhound/cmd/api/src/api/TestAssetGroupMembers_SortBy","TestAssetGroupMembers_SortBy"
"","0","passes ruleType through optionalParams with empty object","handleError","2026-09-18","passed","2026-09-18","","","",""
"Test cases for TestBuildErrorResponseBadRequest","0","TestBuildErrorResponseBadRequest","","2026-09-18","passed","2026-09-18","","Go Test","github.com/specterops/bloodhound/cmd/api/src/api/TestBuildErrorResponseBadRequest","TestBuildErrorResponseBadRequest"
"","0","returns only the known types when no environments are provided","getOpenGraphEnvironmentInfoMap","2026-09-18","passed","2026-09-18","","","",""
"Test cases for TestFloatEqual","0","TestFloatEqual","","2026-09-18","passed","2026-09-18","","Go Test","github.com/specterops/bloodhound/cmd/api/src/database/types/null/TestFloatEqual","TestFloatEqual"
"Test cases for TestResources_UpdateSavedQuery_AdminPublicQuery_Success","0","TestResources_UpdateSavedQuery_AdminPublicQuery_Success","","2026-09-18","passed","2026-09-18","","Go Test","github.com/specterops/bloodhound/cmd/api/src/api/v2/TestResources_UpdateSavedQuery_AdminPublicQuery_Success","TestResources_UpdateSavedQuery_AdminPublicQuery_Success"
"Test cases for TestConvertAzureManagedCluster_NodeResourceGroupID","0","TestConvertAzureManagedCluster_NodeResourceGroupID","","2026-09-18","passed","2026-09-18","","Go Test","github.com/specterops/bloodhound/cmd/api/src/services/graphify/TestConvertAzureManagedCluster_NodeResourceGroupID","TestConvertAzureManagedCluster_NodeResourceGroupID"
"","0","handles an empty string","escapeCypherString","2026-09-18","passed","2026-09-18","","","",""
"","77","should display locally formatted numbers if they are larger than 999","LoadContainer","2026-09-18","passed","2026-09-18","","","",""
"","812","keeps the search widget open and does not set a selected item when the query returns zero nodes","ExploreSearch handling of cypher query responses","2026-09-18","passed","2026-09-18","","","",""
"","0","returns null for an open graph platform aggregate without a kind id","getStatsComponent","2026-09-18","passed","2026-09-18","","","",""
"Test cases for TestResources_ListADDomainForeignGroups","6","TestResources_ListADDomainForeignGroups","","2026-09-18","passed","2026-09-18","","Go Test","github.com/specterops/bloodhound/cmd/api/src/api/v2/TestResources_ListADDomainForeignGroups","TestResources_ListADDomainForeignGroups"
"","9","allows you to cancel filter updates before applying them to the url and reset to the default filter state","usePathfindingFilters","2026-09-18","passed","2026-09-18","","","",""
"Test cases for TestResources_GetDatabaseCompleteness","81","TestResources_GetDatabaseCompleteness","","2026-09-18","passed","2026-09-18","","Go Test","github.com/specterops/bloodhound/cmd/api/src/api/v2/TestResources_GetDatabaseCompleteness","TestResources_GetDatabaseCompleteness"
"","139","passes item props to Header and Content","<DetailsAccordion />","2026-09-18","passed","2026-09-18","","","",""
"","99","lists sso providers for a user with manage or read provider permissions","SSOConfiguration","2026-09-18","passed","2026-09-18","","","",""
"Test cases for TestDurationValidator","1","TestDurationValidator","","2026-09-18","passed","2026-09-18","","Go Test","github.com/specterops/bloodhound/cmd/api/src/utils/validation/TestDurationValidator","TestDurationValidator"
"Test cases for TestResources_GetEdgeRelayTargets","81","TestResources_GetEdgeRelayTargets","","2026-09-18","passed","2026-09-18","","Go Test","github.com/specterops/bloodhound/cmd/api/src/api/v2/TestResources_GetEdgeRelayTargets","TestResources_GetEdgeRelayTargets"
"","156","should fire ""onClose"" once","UserTokenManagementDialog","2026-09-18","passed","2026-09-18","","when user clicks ""Close"" button","",""
"","67","should on clicking collapse all remove expandedPanelSections param from url and set isObjectInfoPanelOpen in context to false","EntityInfoHeader","2026-09-18","passed","2026-09-18","","","",""
"","0","returns an empty array for a none selection","getValuesFromSelection","2026-09-18","passed","2026-09-18","","","",""
"","125","opens the dialog when the button is clicked","SchemaUploadDialog","2026-09-18","passed","2026-09-18","","","",""
"Test cases for TestMarshalString","0","TestMarshalString","","2026-09-18","passed","2026-09-18","","Go Test","github.com/specterops/bloodhound/cmd/api/src/database/types/null/TestMarshalString","TestMarshalString"
"","109","shows a loading state","FileIngestTable","2026-09-18","passed","2026-09-18","","","",""
"","2","wraps a plain value in single quotes","escapeCypherString","2026-09-18","passed","2026-09-18","","","",""
"Test cases for TestResources_ImportSavedQuery","23","TestResources_ImportSavedQuery","","2026-09-18","passed","2026-09-18","","Go Test","github.com/specterops/bloodhound/cmd/api/src/api/v2/TestResources_ImportSavedQuery","TestResources_ImportSavedQuery"
"Test cases for TestRegister","0","TestRegister","","2026-09-18","passed","2026-09-18","","Go Test","github.com/specterops/bloodhound/server/identity/TestRegister","TestRegister"
"Test cases for TestResources_GetPermissionsForSavedQuery","45","TestResources_GetPermissionsForSavedQuery","","2026-09-18","passed","2026-09-18","","Go Test","github.com/specterops/bloodhound/cmd/api/src/api/v2/TestResources_GetPermissionsForSavedQuery","TestResources_GetPermissionsForSavedQuery"
"","7","uses the discardQueryParams prop to discard all query params on the redirect","AppNavigate","2026-09-18","passed","2026-09-18","","","",""
"","105","on clicking switch shows modal and when clicking confirm closes it and switch changes to disabled","CitrixRDPConfiguration","2026-09-18","passed","2026-09-18","","Click on switch to disable","",""
"","0","combines platform and risk filters","filterAndSearchEnvironments","2026-09-18","passed","2026-09-18","","combined filters","",""
"","103","should show a copy button if the cells text if the cell is not a boolean","ExploreTableDataCell","2026-09-18","passed","2026-09-18","","","",""
"","515","should render with a full list of multiple tenants and domains and no open graph environments as feature flag is off","Simple Environment Selector","2026-09-18","passed","2026-09-18","","","",""
"","196","should display correctly","ConfirmationDialog","2026-09-18","passed","2026-09-18","","","",""
"Test cases for TestDomainSelectors_GetFilterCriteria_InvalidFilterColumn","1","TestDomainSelectors_GetFilterCriteria_InvalidFilterColumn","","2026-09-18","passed","2026-09-18","","Go Test","github.com/specterops/bloodhound/cmd/api/src/model/TestDomainSelectors_GetFilterCriteria_InvalidFilterColumn","TestDomainSelectors_GetFilterCriteria_InvalidFilterColumn"
"Test cases for TestManagementResource_CreateAuthToken","11219","TestManagementResource_CreateAuthToken","","2026-09-18","passed","2026-09-18","","Go Test","github.com/specterops/bloodhound/cmd/api/src/api/v2/auth/TestManagementResource_CreateAuthToken","TestManagementResource_CreateAuthToken"
"","6","writes all using the selection parameter and removes existing value parameters","useMultiValueFilterParams","2026-09-18","passed","2026-09-18","","","",""
"Test cases for TestResources_ExportSavedQuery","13","TestResources_ExportSavedQuery","","2026-09-18","passed","2026-09-18","","Go Test","github.com/specterops/bloodhound/cmd/api/src/api/v2/TestResources_ExportSavedQuery","TestResources_ExportSavedQuery"
"Test cases for TestDefaultRateLimitMiddleware","0","TestDefaultRateLimitMiddleware","","2026-09-18","passed","2026-09-18","","Go Test","github.com/specterops/bloodhound/cmd/api/src/api/middleware/TestDefaultRateLimitMiddleware","TestDefaultRateLimitMiddleware"
"","1","dispatches a storage event when a value is set","useLocalStorage","2026-09-18","passed","2026-09-18","","storage event synchronisation","",""
"TestClassifyLeadTime tests DORA lead time tier classificationBased on official DORA thresholds","1","TestClassifyLeadTime","","2026-09-18","passed","2026-09-18","","Go Test","github.com/specterops/bloodhound/packages/go/stbernard/dora/TestClassifyLeadTime","TestClassifyLeadTime"
"Test cases for TestOpenGraphSchemaService_GetEnvironmentKindsAndSchemaEnvironmentData","3","TestOpenGraphSchemaService_GetEnvironmentKindsAndSchemaEnvironmentData","","2026-09-18","passed","2026-09-18","","Go Test","github.com/specterops/bloodhound/cmd/api/src/services/opengraphschema/TestOpenGraphSchemaService_GetEnvironmentKindsAndSchemaEnvironmentData","TestOpenGraphSchemaService_GetEnvironmentKindsAndSchemaEnvironmentData"
"","275","emits allGraphData true when the parent is checked from some","GraphDataCheckboxes","2026-09-18","passed","2026-09-18","","","",""
"","0","will return a list of values","Formatting list properties","2026-09-18","passed","2026-09-18","","","",""
"","2","isLoading returns as expected based on all queries combined","queriesAreLoadingOrErrored","2026-09-18","passed","2026-09-18","","","",""
"","141","enables the create user button when the user is admin role","Users","2026-09-18","passed","2026-09-18","","","",""
"Test cases for TestManagementResource_UpdateUser_Success","1169","TestManagementResource_UpdateUser_Success","","2026-09-18","passed","2026-09-18","","Go Test","github.com/specterops/bloodhound/cmd/api/src/api/v2/auth/TestManagementResource_UpdateUser_Success","TestManagementResource_UpdateUser_Success"
"","48","should on clicking remove call clearSelectedItem","EntityInfoHeader","2026-09-18","passed","2026-09-18","","","",""
"","2","returns true when WebGL is available in the current browser context","WebGL compatibility check","2026-09-18","passed","2026-09-18","","","",""
"Test cases for TestGetLatestQueryParameter_LatestMalformed","0","TestGetLatestQueryParameter_LatestMalformed","","2026-09-18","passed","2026-09-18","","Go Test","github.com/specterops/bloodhound/cmd/api/src/api/v2/TestGetLatestQueryParameter_LatestMalformed","TestGetLatestQueryParameter_LatestMalformed"
"","0","The user has yet to type into the search","Getting the text for the disabled item display for a search when there are no results","2026-09-18","passed","2026-09-18","","Empty data states","",""
"TestRegister_RoutesRequireAuthentication dispatches real unauthenticated requeststhrough the wired router to verify that the registered routes are guarded byauthentication middleware. If the route wireup ever loses RequirePermissions,this test will fail.","2","TestRegister_RoutesRequireAuthentication","","2026-09-18","passed","2026-09-18","","Go Test","github.com/specterops/bloodhound/server/identity/internal/routes/TestRegister_RoutesRequireAuthentication","TestRegister_RoutesRequireAuthentication"
"","1396","Preserves sample results when switching between Object ID and Cypher rule types","Rule Form","2026-09-18","passed","2026-09-18","","","",""
"Test cases for TestResources_GetUserEntityInfo","0","TestResources_GetUserEntityInfo","","2026-09-18","passed","2026-09-18","","Go Test","github.com/specterops/bloodhound/cmd/api/src/api/v2/TestResources_GetUserEntityInfo","TestResources_GetUserEntityInfo"
"Test cases for TestNewSIDSuffix","0","TestNewSIDSuffix","","2026-09-18","passed","2026-09-18","","Go Test","github.com/specterops/bloodhound/packages/go/analysis/ad/wellknown/TestNewSIDSuffix","TestNewSIDSuffix"
"Test cases for TestStore_List","11","TestStore_List","","2026-09-18","passed","2026-09-18","","Go Test","github.com/specterops/bloodhound/packages/go/storage/TestStore_List","TestStore_List"
"Test cases for TestIntPointer","0","TestIntPointer","","2026-09-18","passed","2026-09-18","","Go Test","github.com/specterops/bloodhound/cmd/api/src/database/types/null/TestIntPointer","TestIntPointer"
"","349","displays an error when unable to fetch data","EarlyAccessFeatures","2026-09-18","passed","2026-09-18","","","",""
"Test cases for TestResources_ListADSiteLinkedGPOs","4","TestResources_ListADSiteLinkedGPOs","","2026-09-18","passed","2026-09-18","","Go Test","github.com/specterops/bloodhound/cmd/api/src/api/v2/TestResources_ListADSiteLinkedGPOs","TestResources_ListADSiteLinkedGPOs"
"","76","requests the user when a userId is provided","useGetUser","2026-09-18","passed","2026-09-18","","","",""
"","228","sets secondarySearch=id and searchType=node when primarySearch is falsey","ContextMenu","2026-09-18","passed","2026-09-18","","","",""
"","1","returns the node_keys from the graphData with duplicate keys removed and known keys added","getExploreTableData","2026-09-18","passed","2026-09-18","","","",""
"Test cases for TestLoginFailure","0","TestLoginFailure","","2026-09-18","passed","2026-09-18","","Go Test","github.com/specterops/bloodhound/cmd/api/src/api/v2/auth/TestLoginFailure","TestLoginFailure"
"Test cases for TestGetPageParamsForGraphQuery","0","TestGetPageParamsForGraphQuery","","2026-09-18","passed","2026-09-18","","Go Test","github.com/specterops/bloodhound/cmd/api/src/utils/TestGetPageParamsForGraphQuery","TestGetPageParamsForGraphQuery"
"Test cases for TestResources_DeleteAssetGroupTagSelector","1","TestResources_DeleteAssetGroupTagSelector","","2026-09-18","passed","2026-09-18","","Go Test","github.com/specterops/bloodhound/cmd/api/src/api/v2/TestResources_DeleteAssetGroupTagSelector","TestResources_DeleteAssetGroupTagSelector"
"Test cases for TestMetricsSnapshot","0","TestMetricsSnapshot","","2026-09-18","passed","2026-09-18","","Go Test","github.com/specterops/bloodhound/packages/go/stbernard/dora/TestMetricsSnapshot","TestMetricsSnapshot"
"Test cases for TestTextUnmarshalString","0","TestTextUnmarshalString","","2026-09-18","passed","2026-09-18","","Go Test","github.com/specterops/bloodhound/cmd/api/src/database/types/null/TestTextUnmarshalString","TestTextUnmarshalString"
"Test cases for TestGraphQuery_PrepareCypherQuery","70","TestGraphQuery_PrepareCypherQuery","","2026-09-18","passed","2026-09-18","","Go Test","github.com/specterops/bloodhound/cmd/api/src/queries/TestGraphQuery_PrepareCypherQuery","TestGraphQuery_PrepareCypherQuery"
"Test cases for TestIntScan","0","TestIntScan","","2026-09-18","passed","2026-09-18","","Go Test","github.com/specterops/bloodhound/cmd/api/src/database/types/null/TestIntScan","TestIntScan"
"","450","opens a submenu when the user clicks `Copy`","ContextMenu","2026-09-18","passed","2026-09-18","","","",""
"","176","Toggles node and edge labels on/off depending on their existing state","GraphControls","2026-09-18","passed","2026-09-18","","Toggling labels","",""
"Test cases for TestKindInfo_Validation","10","TestKindInfo_Validation","","2026-09-18","passed","2026-09-18","","Go Test","github.com/specterops/bloodhound/cmd/api/src/model/TestKindInfo_Validation","TestKindInfo_Validation"
"Test cases for TestGetDataQualityAggregations_Failure","3","TestGetDataQualityAggregations_Failure","","2026-09-18","passed","2026-09-18","","Go Test","github.com/specterops/bloodhound/cmd/api/src/api/v2/TestGetDataQualityAggregations_Failure","TestGetDataQualityAggregations_Failure"
"Test cases for Test_AuthMiddleware","0","Test_AuthMiddleware","","2026-09-18","passed","2026-09-18","","Go Test","github.com/specterops/bloodhound/cmd/api/src/api/middleware/Test_AuthMiddleware","Test_AuthMiddleware"
"","152","preserves the user-selected state after a refresh without a breakpoint crossing","MainNav responsive expansion","2026-09-18","passed","2026-09-18","","","",""
"","203","renders an edit form for the selected asset group when a user has graph write permissions","GroupManagement","2026-09-18","passed","2026-09-18","","","",""
"","27","has no checked boxes by default","GraphDataCheckboxes","2026-09-18","passed","2026-09-18","","","",""
"Test cases for Test_HarnessSetup","0","Test_HarnessSetup","","2026-09-18","passed","2026-09-18","","Go Test","github.com/specterops/bloodhound/packages/go/lab/Test_HarnessSetup","Test_HarnessSetup"
"","7","updates when the media-query match changes","useMediaQuery","2026-09-18","passed","2026-09-18","","","",""
"","149","should display a toggle switch to enable multi-factor authentication","UserProfile","2026-09-18","passed","2026-09-18","","","",""
"","207","shows a loading state","AssetGroupMenuItem","2026-09-18","passed","2026-09-18","","","",""
"Test cases for TestRegister_PanicsOnNilDogTags","0","TestRegister_PanicsOnNilDogTags","","2026-09-18","passed","2026-09-18","","Go Test","github.com/specterops/bloodhound/server/modules/TestRegister_PanicsOnNilDogTags","TestRegister_PanicsOnNilDogTags"
"Test cases for TestStorageFileService_WriteTempFile","8","TestStorageFileService_WriteTempFile","","2026-09-18","passed","2026-09-18","","Go Test","github.com/specterops/bloodhound/packages/go/storage/TestStorageFileService_WriteTempFile","TestStorageFileService_WriteTempFile"
"","110","buttons are disabled while loading","OneTimePasscodeForm","2026-09-18","passed","2026-09-18","","","",""
"","94","disables the JSON button if the JSON is empty","GraphControls","2026-09-18","passed","2026-09-18","","Exporting json","",""
"","0","returns false if value is {}","searchParams","2026-09-18","passed","2026-09-18","","isEmptyParam","",""
"TestRegister_RoutesRequireAuthentication dispatches real requests through the wiredrouter to verify that the registered route is guarded by authentication middleware.The handlers themselves trust the middleware to enforce this contract; if the routewireup ever loses RequireAuth, this test will fail.","1","TestRegister_RoutesRequireAuthentication","","2026-09-18","passed","2026-09-18","","Go Test","github.com/specterops/bloodhound/server/appcfg/internal/routes/TestRegister_RoutesRequireAuthentication","TestRegister_RoutesRequireAuthentication"
"","46","shows View in Explore if exploreUrl is supplied","Seed Selection Results","2026-09-18","passed","2026-09-18","","","",""
"Test cases for TestResources_UpdateCustomNodeKindsTest","105","TestResources_UpdateCustomNodeKindsTest","","2026-09-18","passed","2026-09-18","","Go Test","github.com/specterops/bloodhound/cmd/api/src/api/v2/TestResources_UpdateCustomNodeKindsTest","TestResources_UpdateCustomNodeKindsTest"
"Test cases for TestAssetGroupMembers_Filter_NotEquals","0","TestAssetGroupMembers_Filter_NotEquals","","2026-09-18","passed","2026-09-18","","Go Test","github.com/specterops/bloodhound/cmd/api/src/api/TestAssetGroupMembers_Filter_NotEquals","TestAssetGroupMembers_Filter_NotEquals"
"Test cases for TestResources_ListExtensions","66","TestResources_ListExtensions","","2026-09-18","passed","2026-09-18","","Go Test","github.com/specterops/bloodhound/cmd/api/src/api/v2/TestResources_ListExtensions","TestResources_ListExtensions"
"Test cases for TestHeaderMatches","0","TestHeaderMatches","","2026-09-18","passed","2026-09-18","","Go Test","github.com/specterops/bloodhound/cmd/api/src/utils/TestHeaderMatches","TestHeaderMatches"
"","11","displays CaretDown icon when the sortOrder is desc","ColumnHeaders","2026-09-18","passed","2026-09-18","","SortableHeader","",""
"","73","upon selecting just a source node, updates the URL with a searchType of 'node' and primarySearch of the node's objectid","usePathfindingSearch","2026-09-18","passed","2026-09-18","","","",""
"Test cases for TestEndNodes","0","TestEndNodes","","2026-09-18","passed","2026-09-18","","Go Test","github.com/specterops/bloodhound/packages/go/analysis/azure/TestEndNodes","TestEndNodes"
"Test cases for TestJSONFloat_MarshalJSON","0","TestJSONFloat_MarshalJSON","","2026-09-18","passed","2026-09-18","","Go Test","github.com/specterops/bloodhound/cmd/api/src/database/types/nan/TestJSONFloat_MarshalJSON","TestJSONFloat_MarshalJSON"
"TestRegister_RoutesRequireAuthentication dispatches real unauthenticatedrequests through the wired router to verify that every registered graphdbroute is guarded by authentication middleware. If the route wireup everloses RequirePermissions(), this test will fail.","0","TestRegister_RoutesRequireAuthentication","","2026-09-18","passed","2026-09-18","","Go Test","github.com/specterops/bloodhound/server/graphdb/internal/routes/TestRegister_RoutesRequireAuthentication","TestRegister_RoutesRequireAuthentication"
"Test cases for TestUnique","0","TestUnique","","2026-09-18","passed","2026-09-18","","Go Test","github.com/specterops/bloodhound/packages/go/slicesext/TestUnique","TestUnique"
"","0","returns a function that takes a key found in updatedParams and updates the searchParams with that matching value from updatedParams","searchParams","2026-09-18","passed","2026-09-18","","setSingleParamFactory","",""
"","1","should include a tag with only the matching operations when the path matches","opsFilter","2026-09-18","passed","2026-09-18","","","",""
"","180","The reset password and two-factor authentication options should not appear in profile page if the user is configured for SAML login","UserProfile with SSO User","2026-09-18","passed","2026-09-18","","","",""
"Test cases for TestDisenrollMFA_Admin_Success","2432","TestDisenrollMFA_Admin_Success","","2026-09-18","passed","2026-09-18","","Go Test","github.com/specterops/bloodhound/cmd/api/src/api/v2/auth/TestDisenrollMFA_Admin_Success","TestDisenrollMFA_Admin_Success"
"Test cases for TestLocalStore_GetPresignedURL","9","TestLocalStore_GetPresignedURL","","2026-09-18","passed","2026-09-18","","Go Test","github.com/specterops/bloodhound/packages/go/storage/TestLocalStore_GetPresignedURL","TestLocalStore_GetPresignedURL"
"Test cases for TestResources_DeleteSavedQuery_NotPublicQueryAndUserIsAdmin","0","TestResources_DeleteSavedQuery_NotPublicQueryAndUserIsAdmin","","2026-09-18","passed","2026-09-18","","Go Test","github.com/specterops/bloodhound/cmd/api/src/api/v2/TestResources_DeleteSavedQuery_NotPublicQueryAndUserIsAdmin","TestResources_DeleteSavedQuery_NotPublicQueryAndUserIsAdmin"
"","219","invokes onSelect, closes the menu, and restores focus to the trigger when an item is chosen","GraphMenu","2026-09-18","passed","2026-09-18","","","",""
"","7","fully replaces state","useObjectState","2026-09-18","passed","2026-09-18","","","",""
"","84","invokes handleFilterChange with eq:true when clicked and custom_member filter is off","AssetGroupEdit","2026-09-18","passed","2026-09-18","","Custom Member checkbox filter","",""
"Test cases for TestParseUserIP_XForwardedFor_RemoteAddr","0","TestParseUserIP_XForwardedFor_RemoteAddr","","2026-09-18","passed","2026-09-18","","Go Test","github.com/specterops/bloodhound/cmd/api/src/api/middleware/TestParseUserIP_XForwardedFor_RemoteAddr","TestParseUserIP_XForwardedFor_RemoteAddr"
"Test cases for TestGenericAssign","0","TestGenericAssign","","2026-09-18","passed","2026-09-18","","Go Test","github.com/specterops/bloodhound/cmd/api/src/utils/TestGenericAssign","TestGenericAssign"
"","8","returns propertyKeys from all three kind property enums","graphSchema","2026-09-18","passed","2026-09-18","","","",""
"Test cases for TestRegister_PanicsOnNilRouter","1","TestRegister_PanicsOnNilRouter","","2026-09-18","passed","2026-09-18","","Go Test","github.com/specterops/bloodhound/server/modules/TestRegister_PanicsOnNilRouter","TestRegister_PanicsOnNilRouter"
"Test cases for TestNewService_NilDependenciesPanic","4","TestNewService_NilDependenciesPanic","","2026-09-18","passed","2026-09-18","","Go Test","github.com/specterops/bloodhound/server/featureflags/internal/services/TestNewService_NilDependenciesPanic","TestNewService_NilDependenciesPanic"
"Test cases for Test_signedRequestDate","0","Test_signedRequestDate","","2026-09-18","passed","2026-09-18","","Go Test","github.com/specterops/bloodhound/cmd/api/src/api/middleware/Test_signedRequestDate","Test_signedRequestDate"
"","0","Origin label and sizing are used when specified","copySigmaNodesToGraphlibGraph","2026-09-18","passed","2026-09-18","","","",""
"Test cases for TestRewriter_Enter_AllAttackPathsShortcut_TakesPrecedenceOverOtherShortcuts","0","TestRewriter_Enter_AllAttackPathsShortcut_TakesPrecedenceOverOtherShortcuts","","2026-09-18","passed","2026-09-18","","Go Test","github.com/specterops/bloodhound/cmd/api/src/queries/TestRewriter_Enter_AllAttackPathsShortcut_TakesPrecedenceOverOtherShortcuts","TestRewriter_Enter_AllAttackPathsShortcut_TakesPrecedenceOverOtherShortcuts"
"","11","does not show View in Explore if exploreUrl is not supplied","Seed Selection Results","2026-09-18","passed","2026-09-18","","","",""
"","43","sets autoDisplayTable to false if enabled param is false","useExploreTableAutoDisplay","2026-09-18","passed","2026-09-18","","","",""
"Test cases for TestManagementResource_DeleteUser_GetUserError","0","TestManagementResource_DeleteUser_GetUserError","","2026-09-18","passed","2026-09-18","","Go Test","github.com/specterops/bloodhound/cmd/api/src/api/v2/auth/TestManagementResource_DeleteUser_GetUserError","TestManagementResource_DeleteUser_GetUserError"
"Test cases for TestGooseMigration","12","TestGooseMigration","","2026-09-18","passed","2026-09-18","","Go Test","github.com/specterops/bloodhound/packages/go/stbernard/dora/TestGooseMigration","TestGooseMigration"
"","9","when there is no ID in the URL and no tags available, no ID is returned (it is undefined)","usePZQueryParams","2026-09-18","passed","2026-09-18","","","",""
"","562","renders","Privilege Zones History Filter Dialog","2026-09-18","passed","2026-09-18","","","",""
"","1436","search highlights matching substring with text-link class","Pathfinding","2026-09-18","passed","2026-09-18","","","",""
"Test cases for TestIngestControl_writeRetainedFileToTar","11","TestIngestControl_writeRetainedFileToTar","","2026-09-18","passed","2026-09-18","","Go Test","github.com/specterops/bloodhound/cmd/api/src/api/tools/TestIngestControl_writeRetainedFileToTar","TestIngestControl_writeRetainedFileToTar"
"Test cases for TestConvertAzureResourceGroupContributorToRels","0","TestConvertAzureResourceGroupContributorToRels","","2026-09-18","passed","2026-09-18","","Go Test","github.com/specterops/bloodhound/packages/go/ein/TestConvertAzureResourceGroupContributorToRels","TestConvertAzureResourceGroupContributorToRels"
"Test cases for TestUnmarshalString","0","TestUnmarshalString","","2026-09-18","passed","2026-09-18","","Go Test","github.com/specterops/bloodhound/cmd/api/src/database/types/null/TestUnmarshalString","TestUnmarshalString"
"","8","makes no count request when neither a Tag or Rule is selected (tagId and ruleId are undefined from path params","useObjectCounts","2026-09-18","passed","2026-09-18","","","",""
"","14","enables the upload button when the user has manage ingest permission","File Upload","2026-09-18","passed","2026-09-18","","","",""
"","31","returns undefined for sort params when no initial state is provided","useSortParams","2026-09-18","passed","2026-09-18","","","",""
"","34","renders DomainInfo for a collected active-directory environment","getStatsComponent","2026-09-18","passed","2026-09-18","","","",""
"","41","returns an object with values for assetGroupTagId, params, and setPZQueryParams","usePZQueryParams","2026-09-18","passed","2026-09-18","","","",""
"","46","should hide Environmental Targeted Access Control panel when showEnvironmentAccessControls prop is false","UpdateUserForm","2026-09-18","passed","2026-09-18","","","",""
"Test cases for TestResources_ListADGPOAffectedContainers","0","TestResources_ListADGPOAffectedContainers","","2026-09-18","passed","2026-09-18","","Go Test","github.com/specterops/bloodhound/cmd/api/src/api/v2/TestResources_ListADGPOAffectedContainers","TestResources_ListADGPOAffectedContainers"
"Test cases for TestResources_UpdateAssetGroupSelectors_PayloadError","0","TestResources_UpdateAssetGroupSelectors_PayloadError","","2026-09-18","passed","2026-09-18","","Go Test","github.com/specterops/bloodhound/cmd/api/src/api/v2/TestResources_UpdateAssetGroupSelectors_PayloadError","TestResources_UpdateAssetGroupSelectors_PayloadError"
"","35","should should reflect the NOT checked state for public query","SavedQueryPermissions","2026-09-18","passed","2026-09-18","","","",""
"","1","returns undefined for headers when db config timeout limit setting is enabled and state of is disable query limit is true","useExploreGraph","2026-09-18","passed","2026-09-18","userSettings","exploreGraphQueryFactory","",""
"Test cases for TestCalculateTimeToRestore","11","TestCalculateTimeToRestore","","2026-09-18","passed","2026-09-18","","Go Test","github.com/specterops/bloodhound/packages/go/stbernard/dora/TestCalculateTimeToRestore","TestCalculateTimeToRestore"
"Test cases for TestAnalysisPipelineResultErrors","0","TestAnalysisPipelineResultErrors","","2026-09-18","passed","2026-09-18","","Go Test","github.com/specterops/bloodhound/packages/go/analysis/TestAnalysisPipelineResultErrors","TestAnalysisPipelineResultErrors"
"Test cases for TestManagementResource_SSOLoginHandler","8","TestManagementResource_SSOLoginHandler","","2026-09-18","passed","2026-09-18","","Go Test","github.com/specterops/bloodhound/cmd/api/src/api/v2/auth/TestManagementResource_SSOLoginHandler","TestManagementResource_SSOLoginHandler"
"Test cases for TestUnmarshalInt64","0","TestUnmarshalInt64","","2026-09-18","passed","2026-09-18","","Go Test","github.com/specterops/bloodhound/cmd/api/src/database/types/null/TestUnmarshalInt64","TestUnmarshalInt64"
"","151","closes the dropdown when clicking outside","ManageColumnsComboBox","2026-09-18","passed","2026-09-18","","","",""
"","16","upon selecting just a destination node, updates the URL with a searchType of 'node' and secondarySearch of the node's objectid","usePathfindingSearch","2026-09-18","passed","2026-09-18","","","",""
"","1172","shows the ""Disable MFA"" context menu option for users with MFA enabled","Users","2026-09-18","passed","2026-09-18","","","",""
"","93","disables checkboxes while loading","GraphDataCheckboxes","2026-09-18","passed","2026-09-18","","","",""
"Test cases for Test_getSearchableNodeKinds","0","Test_getSearchableNodeKinds","","2026-09-18","passed","2026-09-18","","Go Test","github.com/specterops/bloodhound/cmd/api/src/api/v2/Test_getSearchableNodeKinds","Test_getSearchableNodeKinds"
"","177","renders headers","CommonSearches","2026-09-18","passed","2026-09-18","","","",""
"Test cases for TestUnmarshalNonIntegerNumber","0","TestUnmarshalNonIntegerNumber","","2026-09-18","passed","2026-09-18","","Go Test","github.com/specterops/bloodhound/cmd/api/src/database/types/null/TestUnmarshalNonIntegerNumber","TestUnmarshalNonIntegerNumber"
"","52","displays CaretUp icon when the sortOrder is asc","ColumnHeaders","2026-09-18","passed","2026-09-18","","SortableHeader","",""
"","0","shows some collection methods for the given job","toCollected","2026-09-18","passed","2026-09-18","","","",""
"Test cases for TestRegisterBHCEMetrics","1","TestRegisterBHCEMetrics","","2026-09-18","passed","2026-09-18","","Go Test","github.com/specterops/bloodhound/packages/go/metricsregistration/TestRegisterBHCEMetrics","TestRegisterBHCEMetrics"
"Test cases for TestMergedFS_ReadDir","0","TestMergedFS_ReadDir","","2026-09-18","passed","2026-09-18","","Go Test","github.com/specterops/bloodhound/cmd/api/src/database/migration/TestMergedFS_ReadDir","TestMergedFS_ReadDir"
"","60","fetches relationship data when an id is provided","useGetRelationshipById","2026-09-18","passed","2026-09-18","","","",""
"","74","should call ""onCancel one time""","Enable2FADialog","2026-09-18","passed","2026-09-18","","user clicks ""Cancel"" button","",""
"Test cases for TestGetADDataQualityStats_Failure","0","TestGetADDataQualityStats_Failure","","2026-09-18","passed","2026-09-18","","Go Test","github.com/specterops/bloodhound/cmd/api/src/api/v2/TestGetADDataQualityStats_Failure","TestGetADDataQualityStats_Failure"
"Test cases for TestResources_DeleteSavedQueryPermissions","5","TestResources_DeleteSavedQueryPermissions","","2026-09-18","passed","2026-09-18","","Go Test","github.com/specterops/bloodhound/cmd/api/src/api/v2/TestResources_DeleteSavedQueryPermissions","TestResources_DeleteSavedQueryPermissions"
"Test cases for TestInt64SetValid","0","TestInt64SetValid","","2026-09-18","passed","2026-09-18","","Go Test","github.com/specterops/bloodhound/cmd/api/src/database/types/null/TestInt64SetValid","TestInt64SetValid"
"","0","runs a cypher search when the query param is set to ""cypher""","useExploreGraph","2026-09-18","passed","2026-09-18","","exploreGraphQueryFactory","",""
"Test cases for TestAnalysisPipelineStepString","2","TestAnalysisPipelineStepString","","2026-09-18","passed","2026-09-18","","Go Test","github.com/specterops/bloodhound/packages/go/analysis/TestAnalysisPipelineStepString","TestAnalysisPipelineStepString"
"","58","returns true when nodes are available","useGraphHasData","2026-09-18","passed","2026-09-18","","","",""
"Test cases for TestWriteBasic","0","TestWriteBasic","","2026-09-18","passed","2026-09-18","","Go Test","github.com/specterops/bloodhound/packages/go/responses/TestWriteBasic","TestWriteBasic"
"Test cases for TestFillAndPopulateDefaultAdminInfo","1","TestFillAndPopulateDefaultAdminInfo","","2026-09-18","passed","2026-09-18","","Go Test","github.com/specterops/bloodhound/cmd/api/src/bootstrap/TestFillAndPopulateDefaultAdminInfo","TestFillAndPopulateDefaultAdminInfo"
"","227","Displays a notification when analysis has been requested successfully","AnalyzeNowConfiguration","2026-09-18","passed","2026-09-18","","","",""
"","15","renders null if network fails to return valid asset group membership list","AssetGroupMenuItem","2026-09-18","passed","2026-09-18","","adding to an asset group","",""
"","5","returns the remaining amount of labels available for creation","useTagLimits","2026-09-18","passed","2026-09-18","","","",""
"Test cases for TestGetAzureDataQualityStats_Failure","1","TestGetAzureDataQualityStats_Failure","","2026-09-18","passed","2026-09-18","","Go Test","github.com/specterops/bloodhound/cmd/api/src/api/v2/TestGetAzureDataQualityStats_Failure","TestGetAzureDataQualityStats_Failure"
"","293","renders correctly with requiresCurrentPassword false","PasswordDialog","2026-09-18","passed","2026-09-18","","","",""
"","132","highlights the selectedLayout when isExploreLayoutSelected is true","GraphControls","2026-09-18","passed","2026-09-18","","Selecting a layout","",""
"","150","shows the distinguished name only for results with duplicate display names","ExploreSearchCombobox with duplicate display names","2026-09-18","passed","2026-09-18","","","",""
"Test cases for TestWriteInternalServerError","0","TestWriteInternalServerError","","2026-09-18","passed","2026-09-18","","Go Test","github.com/specterops/bloodhound/packages/go/responses/TestWriteInternalServerError","TestWriteInternalServerError"
"Test cases for TestFloatSetValid","0","TestFloatSetValid","","2026-09-18","passed","2026-09-18","","Go Test","github.com/specterops/bloodhound/cmd/api/src/database/types/null/TestFloatSetValid","TestFloatSetValid"
"","671","disables the confirm button until user types required text","Tag Form","2026-09-18","passed","2026-09-18","","","",""
"Test cases for TestService","0","TestService","","2026-09-18","passed","2026-09-18","","Go Test","github.com/specterops/bloodhound/cmd/api/src/services/dogtags/TestService","TestService"
"","1","stores a boolean value in localStorage","useLocalStorage","2026-09-18","passed","2026-09-18","","setValue","",""
"","5","hides items while feature flags are loading","useSubNavRoutes","2026-09-18","passed","2026-09-18","","featureFlag gate","",""
"Test cases for TestResources_ListADEntityRDPRights","0","TestResources_ListADEntityRDPRights","","2026-09-18","passed","2026-09-18","","Go Test","github.com/specterops/bloodhound/cmd/api/src/api/v2/TestResources_ListADEntityRDPRights","TestResources_ListADEntityRDPRights"
"Test cases for TestSIDSuffix_PrependPrefix","0","TestSIDSuffix_PrependPrefix","","2026-09-18","passed","2026-09-18","","Go Test","github.com/specterops/bloodhound/packages/go/analysis/ad/wellknown/TestSIDSuffix_PrependPrefix","TestSIDSuffix_PrependPrefix"
"","52","clicking a disabled header does not toggle content","<DetailsAccordion />","2026-09-18","passed","2026-09-18","","","",""
"","24","sets input text to value","ManagedDatePicker - value","2026-09-18","passed","2026-09-18","","","",""
"","62","enables the user actions menu for a user with the administrator role","User Actions Menu","2026-09-18","passed","2026-09-18","","Button Menu State","",""
"","196","opens the dropdown when the Columns button is clicked","ManageColumnsComboBox","2026-09-18","passed","2026-09-18","","","",""
"Test cases for TestResources_ListADDomainInboundTrusts","0","TestResources_ListADDomainInboundTrusts","","2026-09-18","passed","2026-09-18","","Go Test","github.com/specterops/bloodhound/cmd/api/src/api/v2/TestResources_ListADDomainInboundTrusts","TestResources_ListADDomainInboundTrusts"
"Test cases for TestRewriter_Enter_AzureAttackPathsShortcut_ReplacesKinds","0","TestRewriter_Enter_AzureAttackPathsShortcut_ReplacesKinds","","2026-09-18","passed","2026-09-18","","Go Test","github.com/specterops/bloodhound/cmd/api/src/queries/TestRewriter_Enter_AzureAttackPathsShortcut_ReplacesKinds","TestRewriter_Enter_AzureAttackPathsShortcut_ReplacesKinds"
"","0","returns disabled config when source_node_id is missing","useExploreGraph","2026-09-18","passed","2026-09-18","composition search queries","exploreGraphQueryFactory","",""
"","7","keeps callbacks stable across renders","useObjectState","2026-09-18","passed","2026-09-18","","","",""
"Test cases for TestTracker_HasEdge_PropertyMismatchTriggersInsert","0","TestTracker_HasEdge_PropertyMismatchTriggersInsert","","2026-09-18","passed","2026-09-18","","Go Test","github.com/specterops/bloodhound/packages/go/analysis/post/TestTracker_HasEdge_PropertyMismatchTriggersInsert","TestTracker_HasEdge_PropertyMismatchTriggersInsert"
"","8","writes a normalized some selection while replacing existing filter parameters and preserving unrelated ones","useMultiValueFilterParams","2026-09-18","passed","2026-09-18","","","",""
"Test cases for TestResources_CreateAssetGroup","0","TestResources_CreateAssetGroup","","2026-09-18","passed","2026-09-18","","Go Test","github.com/specterops/bloodhound/cmd/api/src/api/v2/TestResources_CreateAssetGroup","TestResources_CreateAssetGroup"
"Test cases for Test_FixtureSetup","0","Test_FixtureSetup","","2026-09-18","passed","2026-09-18","","Go Test","github.com/specterops/bloodhound/packages/go/lab/Test_FixtureSetup","Test_FixtureSetup"
"","121","onCancel is called when cancel is clicked","Enable2FADialog","2026-09-18","passed","2026-09-18","","","",""
"","519","handles adding to tier zero asset group","AssetGroupMenuItem","2026-09-18","passed","2026-09-18","","adding to an asset group","",""
"Test cases for TestResources_UpdateAssetGroupSelectors_SuccessT0","0","TestResources_UpdateAssetGroupSelectors_SuccessT0","","2026-09-18","passed","2026-09-18","","Go Test","github.com/specterops/bloodhound/cmd/api/src/api/v2/TestResources_UpdateAssetGroupSelectors_SuccessT0","TestResources_UpdateAssetGroupSelectors_SuccessT0"
"Test cases for TestLocalStore_Get","10","TestLocalStore_Get","","2026-09-18","passed","2026-09-18","","Go Test","github.com/specterops/bloodhound/packages/go/storage/TestLocalStore_Get","TestLocalStore_Get"
"","341","should reject passwords with no special characters","CreateUserForm","2026-09-18","passed","2026-09-18","","","",""
"","439","should allow user to configure 2fa","Enable2FADialog","2026-09-18","passed","2026-09-18","","","",""
"","300","toggles a source kind on with all nested graph data options","GraphDataCheckboxes","2026-09-18","passed","2026-09-18","","","",""
"Test cases for TestService_GetRelationship_RendersRelationshipContext","0","TestService_GetRelationship_RendersRelationshipContext","","2026-09-18","passed","2026-09-18","","Go Test","github.com/specterops/bloodhound/server/graphdb/internal/services/TestService_GetRelationship_RendersRelationshipContext","TestService_GetRelationship_RendersRelationshipContext"
"","128","calls setExploreParams with only the expandedSection label when selecting any accordion that is not composition","EdgeInfoContent","2026-09-18","passed","2026-09-18","","EdgeInfoContent support for Deep Linking","",""
"","1361","handles delete all graph data","DatabaseManagement","2026-09-18","passed","2026-09-18","","","",""
"Test cases for TestSetValuesFromEnv","2","TestSetValuesFromEnv","","2026-09-18","passed","2026-09-18","","Go Test","github.com/specterops/bloodhound/cmd/api/src/config/TestSetValuesFromEnv","TestSetValuesFromEnv"
"","0","reports an API error when there is only statusText","handleError","2026-09-18","passed","2026-09-18","","","",""
"Test cases for TestGC_Name","0","TestGC_Name","","2026-09-18","passed","2026-09-18","","Go Test","github.com/specterops/bloodhound/cmd/api/src/daemons/gc/TestGC_Name","TestGC_Name"
"","0","Will treat what is to the left of the first colon as a search filter if it matches an existing kind","parseKeywordAndTypeValue","2026-09-18","passed","2026-09-18","","","",""
"","3","returns empty array when environments is empty","filterAndSearchEnvironments","2026-09-18","passed","2026-09-18","","with empty environments","",""
"Test cases for TestPredefinedSIDSuffixes","0","TestPredefinedSIDSuffixes","","2026-09-18","passed","2026-09-18","","Go Test","github.com/specterops/bloodhound/packages/go/analysis/ad/wellknown/TestPredefinedSIDSuffixes","TestPredefinedSIDSuffixes"
"","294","calls onSave without current password when requireCurrentPassword is false","PasswordDialog","2026-09-18","passed","2026-09-18","","","",""
"Test cases for TestStorageFileService_DeleteFileWithOptions_PrunesEmptyParents","10","TestStorageFileService_DeleteFileWithOptions_PrunesEmptyParents","","2026-09-18","passed","2026-09-18","","Go Test","github.com/specterops/bloodhound/packages/go/storage/TestStorageFileService_DeleteFileWithOptions_PrunesEmptyParents","TestStorageFileService_DeleteFileWithOptions_PrunesEmptyParents"
"Test cases for TestService_GetRelationshipKind","0","TestService_GetRelationshipKind","","2026-09-18","passed","2026-09-18","","Go Test","github.com/specterops/bloodhound/server/extensions/internal/services/TestService_GetRelationshipKind","TestService_GetRelationshipKind"
"","2376","subcategory with duplicate name does not show indeterminate when all its children are unchecked","Pathfinding","2026-09-18","passed","2026-09-18","","","",""
"Test cases for TestResources_GetAZRelatedEntities","120","TestResources_GetAZRelatedEntities","","2026-09-18","passed","2026-09-18","","Go Test","github.com/specterops/bloodhound/cmd/api/src/api/v2/TestResources_GetAZRelatedEntities","TestResources_GetAZRelatedEntities"
"","90","displays a table of completed ingest logs","FileIngest","2026-09-18","passed","2026-09-18","","","",""
"","23","should render an accessible placeholder when the provided value is null","Field","2026-09-18","passed","2026-09-18","","","",""
"","285","selects the single returned node and closes the search widget when the query returns exactly one node","ExploreSearch handling of cypher query responses","2026-09-18","passed","2026-09-18","","","",""
"","0","returns null if paramValue is undefined","useEnvironmentParams","2026-09-18","passed","2026-09-18","","parseEnvironmentAggregation","",""
"","246","emits allGraphData true when the parent is checked from none","GraphDataCheckboxes","2026-09-18","passed","2026-09-18","","","",""
"Test cases for TestResources_CreateSavedQuery_EmptyBody","1","TestResources_CreateSavedQuery_EmptyBody","","2026-09-18","passed","2026-09-18","","Go Test","github.com/specterops/bloodhound/cmd/api/src/api/v2/TestResources_CreateSavedQuery_EmptyBody","TestResources_CreateSavedQuery_EmptyBody"
"Test cases for TestManagementResource_ListPermissions_InvalidFilterPredicate","1","TestManagementResource_ListPermissions_InvalidFilterPredicate","","2026-09-18","passed","2026-09-18","","Go Test","github.com/specterops/bloodhound/cmd/api/src/api/v2/auth/TestManagementResource_ListPermissions_InvalidFilterPredicate","TestManagementResource_ListPermissions_InvalidFilterPredicate"
"Test cases for TestManagementResource_DeleteAuthToken","11","TestManagementResource_DeleteAuthToken","","2026-09-18","passed","2026-09-18","","Go Test","github.com/specterops/bloodhound/cmd/api/src/api/v2/auth/TestManagementResource_DeleteAuthToken","TestManagementResource_DeleteAuthToken"
"","3832","Typing in the search bar filters the results","ExploreTable","2026-09-18","passed","2026-09-18","","","",""
"","164","displays a Filters button","FileIngest","2026-09-18","passed","2026-09-18","","","",""
"","63","renders the label and clickable id when handleSourceNodeSelected is provided","BasicObjectInfoFields related kind fields","2026-09-18","passed","2026-09-18","","'Service Principal ID'","",""
"","197","displays an autofocused text input","SearchCurrentNodes","2026-09-18","passed","2026-09-18","","","",""
"","0","keeps the latest regardless of input ordering","getLatestStatsByMetricKind","2026-09-18","passed","2026-09-18","","","",""
"","0","uppercases boolean values","Formatting boolean properties","2026-09-18","passed","2026-09-18","","","",""
"Test cases for TestService_IsAPIAllowedKey","0","TestService_IsAPIAllowedKey","","2026-09-18","passed","2026-09-18","","Go Test","github.com/specterops/bloodhound/server/appcfg/internal/services/TestService_IsAPIAllowedKey","TestService_IsAPIAllowedKey"
"","1004","handles delete by nested graph data selection","DatabaseManagement","2026-09-18","passed","2026-09-18","","","",""
"Test cases for TestHandlers_GetRequest","1","TestHandlers_GetRequest","","2026-09-18","passed","2026-09-18","","Go Test","github.com/specterops/bloodhound/server/analysis/internal/handlers/TestHandlers_GetRequest","TestHandlers_GetRequest"
"Test cases for TestAuthExtensions","2","TestAuthExtensions","","2026-09-18","passed","2026-09-18","","Go Test","github.com/specterops/bloodhound/cmd/api/src/api/TestAuthExtensions","TestAuthExtensions"
"Test cases for TestParseLimitQueryParameter_Invalid","1","TestParseLimitQueryParameter_Invalid","","2026-09-18","passed","2026-09-18","","Go Test","github.com/specterops/bloodhound/cmd/api/src/api/v2/TestParseLimitQueryParameter_Invalid","TestParseLimitQueryParameter_Invalid"
"Test cases for TestHandlers_GetAllFlags","2","TestHandlers_GetAllFlags","","2026-09-18","passed","2026-09-18","","Go Test","github.com/specterops/bloodhound/server/featureflags/internal/handlers/TestHandlers_GetAllFlags","TestHandlers_GetAllFlags"
"Test cases for TestBuildGDBNodeFilter","0","TestBuildGDBNodeFilter","","2026-09-18","passed","2026-09-18","","Go Test","github.com/specterops/bloodhound/cmd/api/src/model/TestBuildGDBNodeFilter","TestBuildGDBNodeFilter"
"Test cases for Test_SetNodeProperties","0","Test_SetNodeProperties","","2026-09-18","passed","2026-09-18","","Go Test","github.com/specterops/bloodhound/cmd/api/src/api/v2/Test_SetNodeProperties","Test_SetNodeProperties"
"","221","filters by the selected user","FileIngestFilterDialog","2026-09-18","passed","2026-09-18","","User Select","",""
"Test cases for TestFetchTenants","0","TestFetchTenants","","2026-09-18","passed","2026-09-18","","Go Test","github.com/specterops/bloodhound/packages/go/analysis/azure/TestFetchTenants","TestFetchTenants"
"","53","renders Empty when items is undefined and Empty is provided","<DetailsAccordion />","2026-09-18","passed","2026-09-18","","","",""
"","7","removes the max width but preserves gutters when fullWidth is enabled","PageWithTitle","2026-09-18","passed","2026-09-18","","","",""
"Test cases for TestTimeScanValue","0","TestTimeScanValue","","2026-09-18","passed","2026-09-18","","Go Test","github.com/specterops/bloodhound/cmd/api/src/database/types/null/TestTimeScanValue","TestTimeScanValue"
"Test cases for TestInvalidValueError","0","TestInvalidValueError","","2026-09-18","passed","2026-09-18","","Go Test","github.com/specterops/bloodhound/packages/go/cache/TestInvalidValueError","TestInvalidValueError"
"","1149","executes a pathfinding search when both a source and destination node are provided","Pathfinding: interaction","2026-09-18","passed","2026-09-18","","","",""
"Test cases for TestMergeNodeKinds","4","TestMergeNodeKinds","","2026-09-18","passed","2026-09-18","","Go Test","github.com/specterops/bloodhound/cmd/api/src/services/graphify/TestMergeNodeKinds","TestMergeNodeKinds"
"Test cases for TestNormalizeEinNodeProperties","0","TestNormalizeEinNodeProperties","","2026-09-18","passed","2026-09-18","","Go Test","github.com/specterops/bloodhound/cmd/api/src/services/graphify/TestNormalizeEinNodeProperties","TestNormalizeEinNodeProperties"
"Test cases for TestResources_GetRootCAEntityInfo","210","TestResources_GetRootCAEntityInfo","","2026-09-18","passed","2026-09-18","","Go Test","github.com/specterops/bloodhound/cmd/api/src/api/v2/TestResources_GetRootCAEntityInfo","TestResources_GetRootCAEntityInfo"
"TestRegister_WiresFeatureRoutes verifies that the composition root correctlyattaches the feature module routes to the shared router. Matching arepresentative route from each module proves that Register successfullydelegated to the feature modules.","0","TestRegister_WiresFeatureModuleRoutes","","2026-09-18","passed","2026-09-18","","Go Test","github.com/specterops/bloodhound/server/modules/TestRegister_WiresFeatureModuleRoutes","TestRegister_WiresFeatureModuleRoutes"
"","0","returns the known info map values for a known type (Active Directory)","getOpenGraphEnvironmentInfo","2026-09-18","passed","2026-09-18","","","",""
"","782","when user performs a single node search, the selected node carries over to the `start node` input field on the pathfinding tab","ExploreSearch interaction","2026-09-18","passed","2026-09-18","","","",""
"Test cases for TestManagementResource_UpdateUser_UserSelfModify","1392","TestManagementResource_UpdateUser_UserSelfModify","","2026-09-18","passed","2026-09-18","","Go Test","github.com/specterops/bloodhound/cmd/api/src/api/v2/auth/TestManagementResource_UpdateUser_UserSelfModify","TestManagementResource_UpdateUser_UserSelfModify"
"TestMigrator_GenerateManifest tests the full integrity of a Manifest generatedfrom 3 different Source's:1) Correct number of total migrations detected.2) Correct number of versions detected.3) The VersionTable has all versions, in order.4) All versions have the correct number of migrations.5) Schema files generate v0.0.0 migrations.6) Migrations are ordered within each version, in the order the Source was defined.","0","TestMigrator_GenerateManifest","","2026-09-18","passed","2026-09-18","","Go Test","github.com/specterops/bloodhound/cmd/api/src/database/migration/TestMigrator_GenerateManifest","TestMigrator_GenerateManifest"
"","4","re-announces the same message by incrementing the span key","AnnouncementProvider","2026-09-18","passed","2026-09-18","","","",""
"","0","Input does not contain a type","parseKeywordAndTypeValue","2026-09-18","passed","2026-09-18","","","",""
"","1355","requires a password to disable MFA for a user when logged in without SSO","Users","2026-09-18","passed","2026-09-18","","","",""
"Test cases for TestLocalStore_Stat","11","TestLocalStore_Stat","","2026-09-18","passed","2026-09-18","","Go Test","github.com/specterops/bloodhound/packages/go/storage/TestLocalStore_Stat","TestLocalStore_Stat"
"","32","should display a badge when role based filtering is true and show filter banner is true","EntityInfoPanel","2026-09-18","passed","2026-09-18","","","",""
"Test cases for TestRegister","0","TestRegister","","2026-09-18","passed","2026-09-18","","Go Test","github.com/specterops/bloodhound/server/identity/internal/routes/TestRegister","TestRegister"
"","0","abbreviates thousands, millions, billions, trillions as expected","numberFormatting","2026-09-18","passed","2026-09-18","","","",""
"","235","does not display a “Disable query timeout” checkbox when timeout limit param config is enabled true","ExploreSearch interaction","2026-09-18","passed","2026-09-18","","","",""
"Test cases for TestGC_NewDataPruningDaemon","0","TestGC_NewDataPruningDaemon","","2026-09-18","passed","2026-09-18","","Go Test","github.com/specterops/bloodhound/cmd/api/src/daemons/gc/TestGC_NewDataPruningDaemon","TestGC_NewDataPruningDaemon"
"Test cases for TestResources_GetAssetGroupMemberCount_DBError","0","TestResources_GetAssetGroupMemberCount_DBError","","2026-09-18","passed","2026-09-18","","Go Test","github.com/specterops/bloodhound/cmd/api/src/api/v2/TestResources_GetAssetGroupMemberCount_DBError","TestResources_GetAssetGroupMemberCount_DBError"
"","60","returns false on 404","useGraphHasData","2026-09-18","passed","2026-09-18","","","",""
"Test cases for TestResources_ListADComputerPSRemoteUsers","0","TestResources_ListADComputerPSRemoteUsers","","2026-09-18","passed","2026-09-18","","Go Test","github.com/specterops/bloodhound/cmd/api/src/api/v2/TestResources_ListADComputerPSRemoteUsers","TestResources_ListADComputerPSRemoteUsers"
"Test cases for TestResources_GetAIACAEntityInfo","211","TestResources_GetAIACAEntityInfo","","2026-09-18","passed","2026-09-18","","Go Test","github.com/specterops/bloodhound/cmd/api/src/api/v2/TestResources_GetAIACAEntityInfo","TestResources_GetAIACAEntityInfo"
"","0","should be case-insensitive when matching by path","opsFilter","2026-09-18","passed","2026-09-18","","","",""
"","0","filters by multiple risk levels","filterAndSearchEnvironments","2026-09-18","passed","2026-09-18","","risk filters","",""
"Test cases for TestResources_GetAZEntityInformation","102","TestResources_GetAZEntityInformation","","2026-09-18","passed","2026-09-18","","Go Test","github.com/specterops/bloodhound/cmd/api/src/api/v2/TestResources_GetAZEntityInformation","TestResources_GetAZEntityInformation"
"","80","has the correct value for the links in the breadcrumbs","Create Update pages","2026-09-18","passed","2026-09-18","","","",""
"","339","clicking cancel on the form takes the user back to the details page the user was on previously","Rule Form","2026-09-18","passed","2026-09-18","","","",""
"","799","shows matching tooltips on hover and keyboard focus","GraphControls","2026-09-18","passed","2026-09-18","","Accessible icon controls","",""
"","0","abbreviates numbers larger than 1000 and should not round the tenth place digit","numberFormatting","2026-09-18","passed","2026-09-18","","","",""
"","28","displays security warning","Enable2FADialog","2026-09-18","passed","2026-09-18","","","",""
"Test cases for TestManagementResource_OIDCLoginHandler","11","TestManagementResource_OIDCLoginHandler","","2026-09-18","passed","2026-09-18","","Go Test","github.com/specterops/bloodhound/cmd/api/src/api/v2/auth/TestManagementResource_OIDCLoginHandler","TestManagementResource_OIDCLoginHandler"
"Test cases for TestNewManifest","0","TestNewManifest","","2026-09-18","passed","2026-09-18","","Go Test","github.com/specterops/bloodhound/cmd/api/src/database/migration/TestNewManifest","TestNewManifest"
"","301","should focus the token name when it is required","UserTokenManagementDialog","2026-09-18","passed","2026-09-18","","when user clicks ""Create Token"" button","",""
"Test cases for TestParseConfiguration_DefaultAdminEnabled","0","TestParseConfiguration_DefaultAdminEnabled","","2026-09-18","passed","2026-09-18","","Go Test","github.com/specterops/bloodhound/cmd/api/src/config/TestParseConfiguration_DefaultAdminEnabled","TestParseConfiguration_DefaultAdminEnabled"
"","38","uses single-file copy and labeling when multiple is disabled","FileDrop","2026-09-18","passed","2026-09-18","","","",""
"Test cases for TestHandlers_GetPermission","1","TestHandlers_GetPermission","","2026-09-18","passed","2026-09-18","","Go Test","github.com/specterops/bloodhound/server/identity/internal/handlers/TestHandlers_GetPermission","TestHandlers_GetPermission"
"Test cases for TestSpoolToScratch","9","TestSpoolToScratch","","2026-09-18","passed","2026-09-18","","Go Test","github.com/specterops/bloodhound/cmd/api/src/services/graphify/TestSpoolToScratch","TestSpoolToScratch"
"Test cases for TestResources_ListADGroupMembers","0","TestResources_ListADGroupMembers","","2026-09-18","passed","2026-09-18","","Go Test","github.com/specterops/bloodhound/cmd/api/src/api/v2/TestResources_ListADGroupMembers","TestResources_ListADGroupMembers"
"","1","should exclude tags and operations that do not match the term","opsFilter","2026-09-18","passed","2026-09-18","","","",""
"","1","writes initialValue to localStorage when the key is absent","useLocalStorage","2026-09-18","passed","2026-09-18","","initial value","",""
"Test cases for TestTimeFromPtr","0","TestTimeFromPtr","","2026-09-18","passed","2026-09-18","","Go Test","github.com/specterops/bloodhound/cmd/api/src/database/types/null/TestTimeFromPtr","TestTimeFromPtr"
"","1","returns all environments when no filters are active","filterAndSearchEnvironments","2026-09-18","passed","2026-09-18","","with no filters applied","",""
"Test cases for TestEncodingEquality","0","TestEncodingEquality","","2026-09-18","passed","2026-09-18","","Go Test","github.com/specterops/bloodhound/packages/go/bomenc/TestEncodingEquality","TestEncodingEquality"
"Test cases for TestResources_GetAssetGroupSelectorMemberCountsByKind","2","TestResources_GetAssetGroupSelectorMemberCountsByKind","","2026-09-18","passed","2026-09-18","","Go Test","github.com/specterops/bloodhound/cmd/api/src/api/v2/TestResources_GetAssetGroupSelectorMemberCountsByKind","TestResources_GetAssetGroupSelectorMemberCountsByKind"
"","40","will request feature-flags when the user is fully authenticated","app","2026-09-18","passed","2026-09-18","","<Inner />","",""
"","13","should render an accessible placeholder when the provided value is an empty string","Field","2026-09-18","passed","2026-09-18","","","",""
"Test cases for TestGetOrderForNeo4jQuery","0","TestGetOrderForNeo4jQuery","","2026-09-18","passed","2026-09-18","","Go Test","github.com/specterops/bloodhound/cmd/api/src/utils/TestGetOrderForNeo4jQuery","TestGetOrderForNeo4jQuery"
"Test cases for TestSavedQueries_ValidFilters","0","TestSavedQueries_ValidFilters","","2026-09-18","passed","2026-09-18","","Go Test","github.com/specterops/bloodhound/cmd/api/src/model/TestSavedQueries_ValidFilters","TestSavedQueries_ValidFilters"
"","125","restores focus to the search button after the panel closes","GraphControls","2026-09-18","passed","2026-09-18","","Searching current results","",""
"Test cases for Test_PrimaryNodeKind","0","Test_PrimaryNodeKind","","2026-09-18","passed","2026-09-18","","Go Test","github.com/specterops/bloodhound/packages/go/graphschema/Test_PrimaryNodeKind","Test_PrimaryNodeKind"
"Test cases for TestResources_ListAuditLogs_InvalidColumn","0","TestResources_ListAuditLogs_InvalidColumn","","2026-09-18","passed","2026-09-18","","Go Test","github.com/specterops/bloodhound/cmd/api/src/api/v2/TestResources_ListAuditLogs_InvalidColumn","TestResources_ListAuditLogs_InvalidColumn"
"Test cases for TestDetectBOMEncoding","1","TestDetectBOMEncoding","","2026-09-18","passed","2026-09-18","","Go Test","github.com/specterops/bloodhound/packages/go/bomenc/TestDetectBOMEncoding","TestDetectBOMEncoding"
"","60","includes all traversable OpenGraph edges in their own category when they are available via the API","useEdgeCategories","2026-09-18","passed","2026-09-18","","","",""
"Test cases for TestGetVersion","0","TestGetVersion","","2026-09-18","passed","2026-09-18","","Go Test","github.com/specterops/bloodhound/cmd/api/src/api/v2/TestGetVersion","TestGetVersion"
"","1566","resets skip to 0 when filters change so rows are visible on the new result set","FileIngestTable","2026-09-18","passed","2026-09-18","","pagination reset","",""
"","1322","should render search input","Pathfinding","2026-09-18","passed","2026-09-18","","","",""
"Test cases for TestManagementResource_DeleteUser_DeleteUserError","1037","TestManagementResource_DeleteUser_DeleteUserError","","2026-09-18","passed","2026-09-18","","Go Test","github.com/specterops/bloodhound/cmd/api/src/api/v2/auth/TestManagementResource_DeleteUser_DeleteUserError","TestManagementResource_DeleteUser_DeleteUserError"
"","0","renders an empty list as NONE","Formatting list properties","2026-09-18","passed","2026-09-18","","","",""
"","42","collapses an open item when its header is clicked again","<DetailsAccordion />","2026-09-18","passed","2026-09-18","","","",""
"","5","renders without label when label is empty string","StatusIndicator","2026-09-18","passed","2026-09-18","","","",""
"Test cases for TestStorageFileService_WriteFileFromReader","8","TestStorageFileService_WriteFileFromReader","","2026-09-18","passed","2026-09-18","","Go Test","github.com/specterops/bloodhound/packages/go/storage/TestStorageFileService_WriteFileFromReader","TestStorageFileService_WriteFileFromReader"
"Test cases for TestLocalStore_List","11","TestLocalStore_List","","2026-09-18","passed","2026-09-18","","Go Test","github.com/specterops/bloodhound/packages/go/storage/TestLocalStore_List","TestLocalStore_List"
"","342","should not allow leading or trailing empty spaces","UpdateUserForm","2026-09-18","passed","2026-09-18","","","",""
"","5","hides items while permissions are loading","useSubNavRoutes","2026-09-18","passed","2026-09-18","","adminOnly gate","",""
"Test cases for TestAnalysisPipelineIntentString","0","TestAnalysisPipelineIntentString","","2026-09-18","passed","2026-09-18","","Go Test","github.com/specterops/bloodhound/packages/go/analysis/TestAnalysisPipelineIntentString","TestAnalysisPipelineIntentString"
"","93","calls handleInitialEnvironment with the highest impactValue as the initial environment","useInitialEnvironment","2026-09-18","passed","2026-09-18","","","",""
"","22","does not set input text if no value is given","ManagedDatePicker - value","2026-09-18","passed","2026-09-18","","","",""
"","20","renders the empty-state message when the response contains no stats","OpenGraphInfo","2026-09-18","passed","2026-09-18","","","",""
"Test cases for TestRewriter_Enter_ADAttackPathsShortcut_ReplacesKinds","0","TestRewriter_Enter_ADAttackPathsShortcut_ReplacesKinds","","2026-09-18","passed","2026-09-18","","Go Test","github.com/specterops/bloodhound/cmd/api/src/queries/TestRewriter_Enter_ADAttackPathsShortcut_ReplacesKinds","TestRewriter_Enter_ADAttackPathsShortcut_ReplacesKinds"
"Test cases for TestResources_GetAssetGroupMemberCount_IDMalformed","0","TestResources_GetAssetGroupMemberCount_IDMalformed","","2026-09-18","passed","2026-09-18","","Go Test","github.com/specterops/bloodhound/cmd/api/src/api/v2/TestResources_GetAssetGroupMemberCount_IDMalformed","TestResources_GetAssetGroupMemberCount_IDMalformed"
"","2","returns null if paramValue is +0","useEnvironmentParams","2026-09-18","passed","2026-09-18","","parseEnvironmentAggregation","",""
"Test cases for TestNormalizeToUTF8","2","TestNormalizeToUTF8","","2026-09-18","passed","2026-09-18","","Go Test","github.com/specterops/bloodhound/packages/go/bomenc/TestNormalizeToUTF8","TestNormalizeToUTF8"
"","210","calls onLayoutChange with the same layout when the currently selected option is clicked, enabling de-selection","GraphControls","2026-09-18","passed","2026-09-18","","Selecting a layout","",""
"","83","displays Force Password Reset checkbox when showNeedsPasswordReset is true","PasswordDialog","2026-09-18","passed","2026-09-18","","","",""
"TestAssessStabilizationCommits tests stabilization commit assessment","0","TestAssessStabilizationCommits","","2026-09-18","passed","2026-09-18","","Go Test","github.com/specterops/bloodhound/packages/go/stbernard/dora/TestAssessStabilizationCommits","TestAssessStabilizationCommits"
"","1","removes the key when undefined is passed to the setter","useLocalStorage","2026-09-18","passed","2026-09-18","","setValue","",""
"Test cases for TestConvertAzureVirtualMachineAvereContributorToRels","0","TestConvertAzureVirtualMachineAvereContributorToRels","","2026-09-18","passed","2026-09-18","","Go Test","github.com/specterops/bloodhound/packages/go/ein/TestConvertAzureVirtualMachineAvereContributorToRels","TestConvertAzureVirtualMachineAvereContributorToRels"
"","0","The node radius is adjusted to take into account the current camera zoom ratio","getNodeRadius","2026-09-18","passed","2026-09-18","","","",""
"Test cases for TestResources_UpdateSavedQuery_QueryBelongsToAnotherUser","0","TestResources_UpdateSavedQuery_QueryBelongsToAnotherUser","","2026-09-18","passed","2026-09-18","","Go Test","github.com/specterops/bloodhound/cmd/api/src/api/v2/TestResources_UpdateSavedQuery_QueryBelongsToAnotherUser","TestResources_UpdateSavedQuery_QueryBelongsToAnotherUser"
"Test cases for TestCreateFuzzyNodeSearchGraphCriteria_Search","1","TestCreateFuzzyNodeSearchGraphCriteria_Search","","2026-09-18","passed","2026-09-18","","Go Test","github.com/specterops/bloodhound/cmd/api/src/queries/TestCreateFuzzyNodeSearchGraphCriteria_Search","TestCreateFuzzyNodeSearchGraphCriteria_Search"
"","13","renders nothing if flag is enabled and enabled prop is not provided","FeatureFlag","2026-09-18","passed","2026-09-18","","","",""
"","59","fails checks if the user does not have a matching permission","usePermissions","2026-09-18","passed","2026-09-18","","","",""
"Test cases for TestStorageFileService_MoveFile","8","TestStorageFileService_MoveFile","","2026-09-18","passed","2026-09-18","","Go Test","github.com/specterops/bloodhound/packages/go/storage/TestStorageFileService_MoveFile","TestStorageFileService_MoveFile"
"","0","fails for password with control characters","testPassword","2026-09-18","passed","2026-09-18","","","",""
"Test cases for TestResources_ListADGroupMembership","5","TestResources_ListADGroupMembership","","2026-09-18","passed","2026-09-18","","Go Test","github.com/specterops/bloodhound/cmd/api/src/api/v2/TestResources_ListADGroupMembership","TestResources_ListADGroupMembership"
"","187","should display correctly","DeleteConfirmationDialog","2026-09-18","passed","2026-09-18","","","",""
"","51","renders the Zone/Labels Tab content when first tab is chosen","Selected Details Tab Content","2026-09-18","passed","2026-09-18","","","",""
"","515","should not have less characters than the minimum requirement","CreateUserForm","2026-09-18","passed","2026-09-18","","","",""
"Test cases for TestService_IsAPIAllowedKey_TempMigration","1","TestService_IsAPIAllowedKey_TempMigration","","2026-09-18","passed","2026-09-18","","Go Test","github.com/specterops/bloodhound/server/appcfg/internal/services/TestService_IsAPIAllowedKey_TempMigration","TestService_IsAPIAllowedKey_TempMigration"
"","6","constructs correct URLSearchParams with all filters","createHistoryParams","2026-09-18","passed","2026-09-18","","","",""
"Test cases for TestNodeAuthorizer_CanAccessNode","0","TestNodeAuthorizer_CanAccessNode","","2026-09-18","passed","2026-09-18","","Go Test","github.com/specterops/bloodhound/server/graphdb/internal/authz/TestNodeAuthorizer_CanAccessNode","TestNodeAuthorizer_CanAccessNode"
"Test cases for TestCache_Set","0","TestCache_Set","","2026-09-18","passed","2026-09-18","","Go Test","github.com/specterops/bloodhound/packages/go/cache/TestCache_Set","TestCache_Set"
"Test cases for TestOrphanFileSweeper_ClearStoredIngestFilesNormalizesListedPaths","49","TestOrphanFileSweeper_ClearStoredIngestFilesNormalizesListedPaths","","2026-09-18","passed","2026-09-18","","Go Test","github.com/specterops/bloodhound/cmd/api/src/daemons/datapipe/TestOrphanFileSweeper_ClearStoredIngestFilesNormalizesListedPaths","TestOrphanFileSweeper_ClearStoredIngestFilesNormalizesListedPaths"
"TestClassifyFailureRate tests DORA change failure rate tier classification","0","TestClassifyFailureRate","","2026-09-18","passed","2026-09-18","","Go Test","github.com/specterops/bloodhound/packages/go/stbernard/dora/TestClassifyFailureRate","TestClassifyFailureRate"
"Test cases for Test_parseInfoPayload","10","Test_parseInfoPayload","","2026-09-18","passed","2026-09-18","","Go Test","github.com/specterops/bloodhound/cmd/api/src/model/Test_parseInfoPayload","Test_parseInfoPayload"
"","72","button displays ""Enabled"" when flag is enabled","EarlyAccessFeatureToggle","2026-09-18","passed","2026-09-18","","","",""
"Test cases for TestService_GetPermission","0","TestService_GetPermission","","2026-09-18","passed","2026-09-18","","Go Test","github.com/specterops/bloodhound/server/identity/internal/services/TestService_GetPermission","TestService_GetPermission"
"","145","calls onChange with initial default columns when ""Reset Default"" is clicked","ManageColumnsComboBox","2026-09-18","passed","2026-09-18","","","",""
"","98","displays extensions in a table when data is available","ActiveExtensionsCard","2026-09-18","passed","2026-09-18","","","",""
"","1144","handles posting a mutation","DatabaseManagement","2026-09-18","passed","2026-09-18","","","",""
"","160","should display filter dropwdowns","CommonSearches","2026-09-18","passed","2026-09-18","","","",""
"","46","passes expandedPanelSections from useExploreParams to Accordion","KindInfoItems","2026-09-18","passed","2026-09-18","","","",""
